timestamp,state_cpu_percent,state_ram_percent,state_temperature,state_fps,state_latency_ms,action_imgsz_raw,action_skip_raw,action_imgsz_applied,action_skip_applied,reward,next_state_cpu_percent,next_state_ram_percent,next_state_temperature,next_state_fps,next_state_latency_ms,done
2026-05-08T22:11:20.905,47.7,32.5,50.15,2.9552898865329853,338.376280633896,0.6491743002668151,-0.012314605175210769,576,0.4938426974123946,820.9661458831711,57.1,32.8,50.15,3.4814939619718563,287.233012874053,False
2026-05-08T22:11:23.130,57.1,32.8,50.15,3.4814939619718563,287.233012874053,0.9824295623556885,0.505275280610219,640,0.7526376403051095,863.3625351998514,54.2,32.5,52.35,3.322692366671489,300.9607540049671,False
2026-05-08T22:11:24.703,54.2,32.5,52.35,3.322692366671489,300.9607540049671,0.3247817469967289,-0.9256546796798295,512,0.03717266016008525,857.5983075894101,53.7,32.7,50.7,3.737091569503294,267.587770168798,False
2026-05-08T22:11:25.724,53.7,32.7,50.7,3.737091569503294,267.587770168798,-0.4133541492066446,0.7460022611758159,384,0.873001130587908,837.262499583204,55.9,32.7,51.25,5.320612560784149,187.94828388192593,False
2026-05-08T22:11:26.705,55.9,32.7,51.25,5.320612560784149,187.94828388192593,-0.556019316888847,-0.8763688397070626,352,0.06181558014646871,808.6354929110655,56.2,32.8,52.35,6.1419732133634835,162.81412589430317,False
2026-05-08T22:11:27.659,56.2,32.8,52.35,6.1419732133634835,162.81412589430317,-0.49330321583922343,-0.7094679498570251,352,0.14526602507148745,812.2184830480153,54.9,32.8,52.9,6.648801773876856,150.40304012807246,False
2026-05-08T22:11:28.923,54.9,32.8,52.9,6.648801773876856,150.40304012807246,-0.2205304227906193,-0.2045112970002525,416,0.39774435149987375,844.5475238865473,56.1,32.7,51.25,6.100138061552441,163.9307159788294,False
2026-05-08T22:11:31.057,56.1,32.7,51.25,6.100138061552441,163.9307159788294,0.9029788912740302,-0.19548446623270133,608,0.40225776688364934,827.9626074221903,59.1,32.0,50.7,4.688072526942482,213.30728017814837,False
2026-05-08T22:11:32.197,59.1,32.0,50.7,4.688072526942482,213.30728017814837,-0.5919972246812699,0.40053724461545803,320,0.700268622307729,687.3260727173245,62.1,31.4,51.25,5.878444285667234,170.11303525291382,False
2026-05-08T22:11:33.646,62.1,31.4,51.25,5.878444285667234,170.11303525291382,-0.7020107127108441,0.8740524194760211,320,0.9370262097380105,784.4788914205404,55.0,31.2,52.35,6.821606359117879,146.59303796727914,False
2026-05-08T22:11:35.475,55.0,31.2,52.35,6.821606359117879,146.59303796727914,0.6240668426945588,-0.3608682639877323,576,0.31956586800613385,888.2190348488346,54.1,30.9,51.8,5.319668661501015,187.98163262255449,False
2026-05-08T22:11:38.563,54.1,30.9,51.8,5.319668661501015,187.98163262255449,0.9693583838535667,0.9862709697470193,640,0.9931354848735097,681.3553350227961,54.7,31.0,52.9,4.492523620141797,222.59204058863403,False
2026-05-08T22:11:40.448,54.7,31.0,52.9,4.492523620141797,222.59204058863403,0.5856792680078915,0.5976202643174207,576,0.7988101321587103,563.3102723400375,57.0,30.9,52.9,4.123427882042886,242.51667025750575,False
2026-05-08T22:11:42.291,57.0,30.9,52.9,4.123427882042886,242.51667025750575,0.00028873064781609337,0.9058199517712098,448,0.9529099758856049,670.2083458929104,57.8,30.9,51.25,4.927049856220874,202.96120988859164,False
2026-05-08T22:11:42.988,57.8,30.9,51.25,4.927049856220874,202.96120988859164,-0.9986154194862016,-0.7483819112563039,256,0.12580904437184803,721.842404400656,54.5,30.9,52.35,7.750507466642857,129.0238096413513,False
2026-05-08T22:11:44.315,54.5,30.9,52.35,7.750507466642857,129.0238096413513,-0.816363991751063,0.8492587236393538,288,0.9246293618196769,734.1461367764427,64.5,30.9,53.45,8.120372692918513,123.14705713840748,False
2026-05-08T22:11:45.141,64.5,30.9,53.45,8.120372692918513,123.14705713840748,-0.6082393819171668,-0.48566369911562735,320,0.2571681504421863,641.4619059530767,55.1,30.8,50.7,8.33632902860044,119.95687748998157,False
2026-05-08T22:11:47.184,55.1,30.8,50.7,8.33632902860044,119.95687748998157,-0.8863812528560806,0.9307663125248697,288,0.9653831562624349,597.5223829464019,65.8,30.8,53.45,9.919079636766993,100.81580515729564,False
2026-05-08T22:11:48.820,65.8,30.8,53.45,9.919079636766993,100.81580515729564,0.5567698728347648,0.5993526348013061,544,0.799676317400653,814.2475882527067,55.5,30.7,52.9,7.175440037051498,139.36427519933898,False
2026-05-08T22:11:49.983,55.5,30.7,52.9,7.175440037051498,139.36427519933898,-0.42743460643617404,0.7119098119739178,352,0.8559549059869589,675.8154826098704,58.5,30.8,53.45,7.085649081525721,141.13033096816508,False
2026-05-08T22:11:51.925,58.5,30.8,53.45,7.085649081525721,141.13033096816508,0.7875504665664332,-0.6847297247599891,608,0.15763513762000547,736.434671009527,61.1,30.8,50.7,5.346012522624001,187.05530444757858,False
2026-05-08T22:11:53.524,61.1,30.8,50.7,5.346012522624001,187.05530444757858,0.5290427654666869,0.11645166970962073,544,0.5582258348548104,720.8293456058224,57.6,30.8,51.8,4.795428880706828,208.53192172721867,False
2026-05-08T22:11:54.966,57.6,30.8,51.8,4.795428880706828,208.53192172721867,0.2852736660028703,-0.7271200235312396,512,0.1364399882343802,205.30918066577917,56.9,30.8,51.8,4.657384806487995,214.71277155517504,False
2026-05-08T22:11:57.308,56.9,30.8,51.8,4.657384806487995,214.71277155517504,-0.6985258917645221,0.9434561265711676,320,0.9717280632855838,504.1473696236487,62.9,30.7,52.9,7.369941437144128,135.68628849071325,False
2026-05-08T22:12:01.856,62.9,30.7,52.9,7.369941437144128,135.68628849071325,-0.4945394518352848,0.9803797135925676,352,0.9901898567962838,651.7268034632817,57.6,30.4,53.45,8.492613472233428,117.74938342237013,False
2026-05-08T22:12:04.797,57.6,30.4,53.45,8.492613472233428,117.74938342237013,-0.026911198500706668,0.979477831455573,448,0.9897389157277865,822.3815296458922,50.0,30.5,52.35,7.606040275324964,131.47445501230607,False
2026-05-08T22:12:06.196,50.0,30.5,52.35,7.606040275324964,131.47445501230607,0.40568045208506165,-0.8875224701559699,512,0.05623876492201507,459.5588970510872,54.6,30.6,52.9,6.229637905518605,160.52297343223384,False
2026-05-08T22:12:07.128,54.6,30.6,52.9,6.229637905518605,160.52297343223384,-0.6003801513185976,0.3526626449421775,320,0.6763313224710887,406.2247317714911,58.1,30.6,54.0,7.048281891738209,141.8785479014639,False
2026-05-08T22:12:08.939,58.1,30.6,54.0,7.048281891738209,141.8785479014639,0.8794567550320476,-0.9768411761471512,608,0.011579411926424421,679.9963014562371,54.6,30.6,51.8,5.428550760503237,184.2112276587238,False
2026-05-08T22:12:10.295,54.6,30.6,51.8,5.428550760503237,184.2112276587238,0.16004188861855884,-0.5511662905098265,480,0.22441685474508677,731.4034277293792,55.5,30.6,53.45,5.1659011398481685,193.5770687298501,False
2026-05-08T22:12:11.253,55.5,30.6,53.45,5.1659011398481685,193.5770687298501,-0.3386283453873713,-0.7489094159337335,384,0.12554529203313325,744.5537100122569,56.6,30.6,54.0,6.064164040364407,164.9031908345125,False
2026-05-08T22:12:12.653,56.6,30.6,54.0,6.064164040364407,164.9031908345125,0.2586312398096895,-0.6262589645390357,512,0.18687051773048213,772.3527922321573,54.5,30.6,52.9,5.386689919604427,185.64276298150745,False
2026-05-08T22:12:13.989,54.5,30.6,52.9,5.386689919604427,185.64276298150745,0.13153450221915608,0.22024085115229464,480,0.6101204255761473,847.7522812962591,57.7,30.5,55.65,5.153873375179308,194.0288259342827,False
2026-05-08T22:12:15.627,57.7,30.5,55.65,5.153873375179308,194.0288259342827,0.1674569231775358,0.8743462884354916,480,0.9371731442177458,616.6116254695291,59.3,30.7,54.55,4.992426628533807,200.30339440234965,False
2026-05-08T22:12:17.422,59.3,30.7,54.55,4.992426628533807,200.30339440234965,0.9294774742891496,-0.12943405847114997,640,0.435282970764425,469.0292638241236,46.0,31.1,54.0,4.37031387077759,228.81651743289427,False
2026-05-08T22:12:18.273,46.0,31.1,54.0,4.37031387077759,228.81651743289427,-0.4914796324511477,-0.18956707165253128,352,0.40521646417373436,510.29835739670364,41.3,31.0,52.35,6.926233801277268,144.3786087347484,False
2026-05-08T22:12:19.913,41.3,31.0,52.35,6.926233801277268,144.3786087347484,0.973344358898415,-0.18077528432939238,640,0.4096123578353038,684.978321530508,46.7,30.9,51.8,5.498403482415791,181.87097458345087,False
2026-05-08T22:12:20.489,46.7,30.9,51.8,5.498403482415791,181.87097458345087,-0.8606049602659673,-0.22964960570098514,288,0.38517519714950743,702.152357067886,51.2,30.9,51.8,8.968748870851039,111.49827187714652,False
2026-05-08T22:12:21.472,51.2,30.9,51.8,8.968748870851039,111.49827187714652,0.1390316971595731,-0.8699461471002023,480,0.06502692644989883,785.4747484521685,48.0,30.9,53.45,7.891076907661019,126.72541551700684,False
2026-05-08T22:12:22.944,48.0,30.9,53.45,7.891076907661019,126.72541551700684,0.25535218213194044,0.9060860822421695,512,0.9530430411210847,635.9466033731832,53.5,30.8,52.35,7.11464637028034,140.55512360772425,False
2026-05-08T22:12:23.699,53.5,30.8,52.35,7.11464637028034,140.55512360772425,-0.255004839443552,-0.8572557430214993,384,0.07137212848925034,294.8433206645009,51.8,30.8,51.8,8.249172887813318,121.22427467574619,False
2026-05-08T22:12:25.169,51.8,30.8,51.8,8.249172887813318,121.22427467574619,0.44021213179078256,0.8162227892942311,544,0.9081113946471155,635.079355499495,55.6,31.0,54.0,6.8135597320711945,146.76616032189958,False
2026-05-08T22:12:26.056,55.6,31.0,54.0,6.8135597320711945,146.76616032189958,-0.21923466856477347,0.2778767845448853,416,0.6389383922724426,637.3421023222768,49.5,31.0,53.45,7.3710928248233385,135.66509386943812,False
2026-05-08T22:12:26.708,49.5,31.0,53.45,7.3710928248233385,135.66509386943812,-0.5163642984353909,-0.909990872720096,352,0.04500456363995198,531.3446855167497,51.3,31.0,52.9,8.925545934606756,112.0379646608203,False
2026-05-08T22:12:28.112,51.3,31.0,52.9,8.925545934606756,112.0379646608203,0.6151084873238462,-0.5818989665702572,576,0.2090505167148714,853.9191823388452,45.3,30.8,54.0,6.890766535168629,145.1217357163775,False
2026-05-08T22:12:29.342,45.3,30.8,54.0,6.890766535168629,145.1217357163775,0.5286714005562443,0.4396671703887336,544,0.7198335851943668,651.451327428198,49.8,31.0,53.45,6.211825736566686,160.9832668217615,False
2026-05-08T22:12:30.395,49.8,31.0,53.45,6.211825736566686,160.9832668217615,0.0954233636004096,-0.5406550834036175,480,0.22967245829819127,722.1298101734018,47.2,31.1,52.35,6.4023793376978215,156.19193228865782,False
2026-05-08T22:12:31.535,47.2,31.1,52.35,6.4023793376978215,156.19193228865782,0.10582327435913541,0.33633456874441126,480,0.6681672843722056,816.5705692291347,48.3,31.1,52.9,6.369768247536897,156.99158291774373,False
2026-05-08T22:12:32.766,48.3,31.1,52.9,6.369768247536897,156.99158291774373,0.4492964434610762,-0.5067601661778927,544,0.24661991691105367,880.8208762497306,46.5,30.9,52.9,5.915795135391145,169.0389841286959,False
2026-05-08T22:12:33.336,46.5,30.9,52.9,5.915795135391145,169.0389841286959,-0.9104878213796612,-0.6630119666055503,288,0.16849401669722486,781.0562944652744,53.3,31.0,53.45,9.154725369924227,109.2332057589923,False
2026-05-08T22:12:34.196,53.3,31.0,53.45,9.154725369924227,109.2332057589923,-0.18999213398656578,-0.1729486052514484,416,0.4135256973742758,807.0563985596879,51.5,31.0,51.8,8.653348782996243,115.56219737322867,False
2026-05-08T22:12:34.994,51.5,31.0,51.8,8.653348782996243,115.56219737322867,-0.28794194131986517,0.21377777999031622,384,0.6068888899951581,812.7218410061254,50.8,31.0,52.9,8.998657023327354,111.12769354445724,False
2026-05-08T22:12:36.050,50.8,31.0,52.9,8.998657023327354,111.12769354445724,0.145447074634784,0.0750767241879764,480,0.5375383620939882,827.6670180581102,48.8,30.9,52.35,7.826652468766763,127.76854523573459,False
2026-05-08T22:12:37.508,48.8,30.9,52.35,7.826652468766763,127.76854523573459,0.876154911648509,-0.7776939991576421,608,0.11115300042117893,826.2519175230291,46.8,30.7,53.45,6.248803164900617,160.03064484683674,False
2026-05-08T22:12:38.065,46.8,30.7,53.45,6.248803164900617,160.03064484683674,-0.7736819305629994,-0.5548781068014641,288,0.22256094659926795,861.3104360339574,51.0,30.7,52.9,9.550585312284468,104.70562455619836,False
2026-05-08T22:12:38.537,51.0,30.7,52.9,9.550585312284468,104.70562455619836,-0.983487524501752,-0.24664573622922425,256,0.3766771318853879,751.1584201896288,53.4,30.7,52.35,12.990322153911588,76.98038494748835,False
2026-05-08T22:12:39.630,53.4,30.7,52.35,12.990322153911588,76.98038494748835,0.367070603800266,-0.39739504147101234,512,0.3013024792644938,799.330790509832,47.0,30.7,55.65,9.752999284187158,102.5325616112093,False
2026-05-08T22:12:40.419,47.0,30.7,55.65,9.752999284187158,102.5325616112093,-0.5146613503812985,0.24869135424188715,352,0.6243456771209436,800.8943984219684,50.2,30.8,54.0,9.561394042152267,104.58725951377068,False
2026-05-08T22:12:41.988,50.2,30.8,54.0,9.561394042152267,104.58725951377068,0.8694683004726276,-0.8707017926803164,608,0.06464910365984178,813.0706067203873,58.2,30.9,55.1,6.98009268440168,143.26457329638137,False
2026-05-08T22:12:43.647,58.2,30.9,55.1,6.98009268440168,143.26457329638137,0.9831316976308639,0.32153667839964517,640,0.6607683391998226,840.5204880043552,46.8,30.2,54.55,5.540672398909678,180.4835095821195,False
2026-05-08T22:12:44.163,46.8,30.2,54.55,5.540672398909678,180.4835095821195,-0.9372877075019945,-0.5617499834928146,256,0.2191250082535927,624.5736730235182,48.3,30.2,53.45,10.100497787314822,99.00502144121019,False
2026-05-08T22:12:44.871,48.3,30.2,53.45,10.100497787314822,99.00502144121019,-0.5873476958211747,0.7973611448167255,320,0.8986805724083627,695.5668392471276,53.3,30.2,55.1,10.804138941169578,92.55712143699508,False
2026-05-08T22:12:46.132,53.3,30.2,55.1,10.804138941169578,92.55712143699508,0.42158573979609915,-0.47645612912629054,544,0.26177193543685473,801.3709119229983,47.7,30.3,52.9,8.20060476426112,121.94222606094596,False
2026-05-08T22:12:47.179,47.7,30.3,52.9,8.20060476426112,121.94222606094596,0.26155235355445106,-0.15661615164837817,512,0.4216919241758109,865.3511171026195,48.2,30.4,53.45,7.310872138935778,136.7825863995437,False
2026-05-08T22:12:48.423,48.2,30.4,53.45,7.310872138935778,136.7825863995437,0.5375180880410371,-0.0015878445751824621,544,0.49920607771240877,869.7573243337738,49.8,30.3,54.0,6.397266817064481,156.31675660807764,False
2026-05-08T22:12:49.036,49.8,30.3,54.0,6.397266817064481,156.31675660807764,-0.6570519841585605,-0.3698493378496932,320,0.3150753310751534,805.723579180225,49.5,30.3,52.9,9.102573158364255,109.85904563492697,False
2026-05-08T22:12:50.592,49.5,30.3,52.9,9.102573158364255,109.85904563492697,0.7654321981900569,0.664887368689763,608,0.8324436843448815,864.3681984870689,47.8,30.1,53.45,6.9197072408176945,144.51478439741493,False
2026-05-08T22:12:51.231,47.8,30.1,53.45,6.9197072408176945,144.51478439741493,-0.7267794249368105,0.6379184294639277,320,0.8189592147319639,556.6181406090525,49.0,30.3,55.65,9.421276323412584,106.142731162117,False
2026-05-08T22:12:52.844,49.0,30.3,55.65,9.421276323412584,106.142731162117,0.9885338552388938,-0.9143351470931125,640,0.04283242645344376,621.8217935171285,46.2,30.3,52.35,6.84661710564334,146.0575324382822,False
2026-05-08T22:12:53.469,46.2,30.3,52.35,6.84661710564334,146.0575324382822,-0.8908067496802756,0.2122948470408359,288,0.606147423520418,537.94108142738,53.3,30.3,52.9,9.61577364191632,103.99579245926496,False
2026-05-08T22:12:54.513,53.3,30.3,52.9,9.61577364191632,103.99579245926496,0.19943150424309075,0.2001316348286606,480,0.6000658174143303,713.8048834477794,48.5,30.3,56.2,8.154235834699756,122.63564854778579,False
2026-05-08T22:12:54.989,48.5,30.3,56.2,8.154235834699756,122.63564854778579,-0.9499686878098021,0.004241589363199516,256,0.5021207946815998,703.5713417225375,53.7,30.3,54.0,12.321093331566988,81.16162852512218,False
2026-05-08T22:12:56.061,53.7,30.3,54.0,12.321093331566988,81.16162852512218,0.2952906165495055,-0.33675018346259145,512,0.3316249082687043,883.0255401400121,46.8,30.2,53.45,9.414004582688241,106.22471990707724,False
2026-05-08T22:12:58.024,46.8,30.2,53.45,9.414004582688241,106.22471990707724,0.7825630916609623,0.4770511888677116,608,0.7385255944338558,823.0840855994502,60.2,30.6,53.45,6.563349852419708,152.36122140149672,False
2026-05-08T22:12:58.782,60.2,30.6,53.45,6.563349852419708,152.36122140149672,-0.7123747462254277,-0.9239775474145038,320,0.03801122629274811,63.306036680089306,57.1,30.6,55.1,7.698601603488715,129.89371986034942,False
2026-05-08T22:13:00.661,57.1,30.6,55.1,7.698601603488715,129.89371986034942,0.7918490531391598,0.25922675994979816,608,0.6296133799748991,189.80391244667416,57.3,30.6,54.55,5.779880593243203,173.0139548503857,False
2026-05-08T22:13:01.433,57.3,30.6,54.55,5.779880593243203,173.0139548503857,-0.773285834879238,-0.35925565825068273,288,0.32037217087465863,126.35363764416658,56.6,30.6,54.0,7.250249896032161,137.92628038204163,False
2026-05-08T22:13:03.735,56.6,30.6,54.0,7.250249896032161,137.92628038204163,0.871027227801066,0.7256592275950675,608,0.8628296137975338,578.2072763915421,56.4,30.4,53.45,5.393548315608524,185.40670102204797,False
2026-05-08T22:13:05.156,56.4,30.4,53.45,5.393548315608524,185.40670102204797,-0.4035283242426071,0.4323059796773445,384,0.7161529898386723,705.4992437507332,65.0,30.6,54.0,5.3856868366883495,185.67733890277557,False
2026-05-08T22:13:06.389,65.0,30.6,54.0,5.3856868366883495,185.67733890277557,-0.16507454965567736,0.4602054737642809,416,0.7301027368821404,662.7848192520287,58.9,30.6,54.0,5.433114908683718,184.05647898256402,False
2026-05-08T22:13:08.339,58.9,30.6,54.0,5.433114908683718,184.05647898256402,0.4299663755875833,-0.3971257303032898,544,0.3014371348483551,610.0076519675594,64.9,30.8,53.45,4.438730484049137,225.2896416201804,False
2026-05-08T22:13:10.282,64.9,30.8,53.45,4.438730484049137,225.2896416201804,0.600570208419597,-0.1740202653435483,576,0.41298986732822585,702.4926211207908,57.4,30.7,54.55,3.932688407502087,254.2789807838264,False
2026-05-08T22:13:12.424,57.4,30.7,54.55,3.932688407502087,254.2789807838264,0.7653713522557324,0.15793648485116352,608,0.5789682424255818,742.0564164341178,68.0,30.8,55.1,3.5036329478674904,285.41802605454336,False
2026-05-08T22:13:13.528,68.0,30.8,55.1,3.5036329478674904,285.41802605454336,-0.36069390561520476,-0.8612607324867694,384,0.06936963375661531,727.8157171672135,65.0,30.8,55.65,4.744872750481642,210.75380786523561,False
2026-05-08T22:13:15.522,65.0,30.8,55.65,4.744872750481642,210.75380786523561,0.7992985150734142,0.0037644348961447527,608,0.5018822174480724,560.6701630300178,57.6,30.7,55.65,4.00628954050961,249.60752084653308,False
2026-05-08T22:13:16.636,57.6,30.7,55.65,4.00628954050961,249.60752084653308,-0.2179903544472328,-0.3301289735489523,416,0.33493551322552384,179.60685512608367,55.2,30.7,55.65,4.961678358616015,201.54470477988315,False
2026-05-08T22:13:17.452,55.2,30.7,55.65,4.961678358616015,201.54470477988315,-0.5929630778747754,-0.711174742790945,320,0.14441262860452753,192.4903784029929,53.6,30.6,54.55,6.6328101451839405,150.76566012161473,False
2026-05-08T22:13:19.567,53.6,30.6,54.55,6.6328101451839405,150.76566012161473,0.7151245914489355,0.8430698273364072,576,0.9215349136682036,732.0753285763982,52.0,30.2,54.55,5.28443973541095,189.23481959667652,False
2026-05-08T22:13:21.142,52.0,30.2,54.55,5.28443973541095,189.23481959667652,0.3902218223671967,-0.11205788620864232,512,0.44397105689567884,633.3318805051406,53.1,29.9,54.0,4.887705002614782,204.59499897498495,False
2026-05-08T22:13:21.920,53.1,29.9,54.0,4.887705002614782,204.59499897498495,-0.8335734056399582,-0.6512751448119642,288,0.17436242759401788,636.1043157661477,54.5,29.8,54.0,6.7977486361557276,147.10752831918796,False
2026-05-08T22:13:23.024,54.5,29.8,54.0,6.7977486361557276,147.10752831918796,-0.6039115660549288,0.9561097739078235,320,0.9780548869539117,701.0703969354572,59.2,29.7,54.0,7.864269306442864,127.15739517983472,False
2026-05-08T22:13:24.051,59.2,29.7,54.0,7.864269306442864,127.15739517983472,-0.2946599207075824,-0.20451032335584252,384,0.39774483832207874,805.0755992236866,58.6,29.6,55.1,7.4572163397839635,134.0982954544363,False
2026-05-08T22:13:24.977,58.6,29.6,55.1,7.4572163397839635,134.0982954544363,-0.49662559621142743,-0.7290494894851713,352,0.13547525525741433,802.4043122716538,52.6,29.6,54.0,7.432441533606665,134.54528979183777,False
2026-05-08T22:13:25.876,52.6,29.6,54.0,7.432441533606665,134.54528979183777,-0.5684747704299331,-0.7398778990244836,352,0.13006105048775818,815.8435319446191,54.4,29.6,55.1,7.600928245500053,131.56287859867984,False
2026-05-08T22:13:27.147,54.4,29.6,55.1,7.600928245500053,131.56287859867984,-0.1687961609966977,0.5261405366550327,416,0.7630702683275163,839.9059631977791,58.6,29.6,54.0,6.72118455570294,148.78329730605267,False
2026-05-08T22:13:27.962,58.6,29.6,54.0,6.72118455570294,148.78329730605267,-0.6731893022529647,0.38388286700044705,320,0.6919414335002235,834.509783355364,54.0,29.5,55.1,7.742403738449767,129.15885476675314,False
2026-05-08T22:13:28.789,54.0,29.5,55.1,7.742403738449767,129.15885476675314,-0.825496937021805,0.04692123414509797,288,0.523460617072549,779.3623947228023,54.9,29.5,54.55,8.426644094036293,118.67120396217045,False
2026-05-08T22:13:29.781,54.9,29.5,54.55,8.426644094036293,118.67120396217045,-0.296238631490614,-0.1535455016425138,384,0.4232272491787431,769.3265963012984,58.6,29.5,54.0,7.842963799127599,127.50281980279364,False
2026-05-08T22:13:30.957,58.6,29.5,54.0,7.842963799127599,127.50281980279364,-0.14166262273638064,-0.0742540309203008,416,0.4628729845398496,762.0904378108669,55.1,29.5,54.0,6.904476960941907,144.8335631586466,False
2026-05-08T22:13:32.819,55.1,29.5,54.0,6.904476960941907,144.8335631586466,0.7820558735536818,0.4691224208936866,608,0.7345612104468433,821.7582430460807,53.5,29.5,54.55,5.342504379172722,187.17813389136583,False
2026-05-08T22:13:34.626,53.5,29.5,54.55,5.342504379172722,187.17813389136583,0.42848572892859216,0.7234542412114535,544,0.8617271206057268,798.652854198748,61.7,29.8,54.0,4.5976697661321,217.50148463604728,False
2026-05-08T22:13:35.683,61.7,29.8,54.0,4.5976697661321,217.50148463604728,-0.32314384362472426,0.4471220556226325,384,0.7235610278113163,658.3337617467865,55.0,29.8,54.0,5.620870783759422,177.9083772730259,False
2026-05-08T22:13:36.683,55.0,29.8,54.0,5.620870783759422,177.9083772730259,-0.33110142761895967,-0.3131064423304697,384,0.34344677883476515,821.8430433423464,54.0,29.8,53.45,6.174540142667626,161.95538078856245,False
2026-05-08T22:13:38.647,54.0,29.8,53.45,6.174540142667626,161.95538078856245,0.8615589101206411,0.6555442232053879,608,0.8277721116026939,833.8090721803377,54.6,29.7,55.65,5.000766400206282,199.96934868998278,False
2026-05-08T22:13:39.863,54.6,29.7,55.65,5.000766400206282,199.96934868998278,-0.0666175058077294,-0.7393538075449748,448,0.1303230962275126,862.8920829512188,54.9,29.8,54.55,5.217670040039108,191.65642754835923,False
2026-05-08T22:13:41.886,54.9,29.8,54.55,5.217670040039108,191.65642754835923,0.9674781730604625,-0.8786654600306902,640,0.06066726998465488,880.5127175611984,54.4,29.9,55.1,4.292635576298286,232.9571150929939,False
2026-05-08T22:13:42.974,54.4,29.9,55.1,4.292635576298286,232.9571150929939,-0.8126971429638803,0.6864396341685715,288,0.8432198170842857,557.2475842450236,61.6,29.8,55.65,6.26176559030069,159.69936682857846,False
2026-05-08T22:13:44.101,61.6,29.8,55.65,6.26176559030069,159.69936682857846,-0.09504267143449696,-0.38739610242894473,416,0.30630194878552763,677.9674935702102,55.1,29.8,55.1,6.117909981515547,163.454513554689,False
2026-05-08T22:13:45.365,55.1,29.8,55.1,6.117909981515547,163.454513554689,-0.2309340345038191,0.583409469317208,416,0.791704734658604,711.8499958457413,55.1,29.8,54.55,5.889435260770746,169.79556709977837,False
2026-05-08T22:13:46.513,55.1,29.8,54.55,5.889435260770746,169.79556709977837,0.05436311138507732,-0.4785798215168966,448,0.2607100892415517,771.0918550541978,55.1,29.7,54.0,5.8853056093882135,169.91471069995148,False
2026-05-08T22:13:47.483,55.1,29.7,54.0,5.8853056093882135,169.91471069995148,-0.3753103648137348,-0.42645126892359486,384,0.28677436553820257,845.4124278571072,56.5,29.7,55.1,6.402607913205166,156.18635617800885,False
2026-05-08T22:13:49.293,56.5,29.7,55.1,6.402607913205166,156.18635617800885,0.5879159077827294,0.000714431274252858,576,0.5003572156371264,806.7897709526663,59.0,29.6,56.75,5.10759256727417,195.78695575823542,False
2026-05-08T22:13:49.963,59.0,29.6,56.75,5.10759256727417,195.78695575823542,-0.9225200422499014,-0.6115323609447187,256,0.19423381952764063,130.01399479040137,55.7,29.6,55.65,7.865071165493413,127.14443124015462,False
2026-05-08T22:13:51.787,55.7,29.6,55.65,7.865071165493413,127.14443124015462,0.8184185348966801,-0.7027213335288076,608,0.1486393332355962,219.26158203639392,55.0,29.6,55.65,5.838406329997329,171.27961698418778,False
2026-05-08T22:13:53.493,55.0,29.6,55.65,5.838406329997329,171.27961698418778,0.12731864260023484,0.8017486413749526,480,0.9008743206874763,355.570483656063,56.4,29.6,54.55,5.358230615357392,186.628772030429,False
2026-05-08T22:13:55.312,56.4,29.6,54.55,5.358230615357392,186.628772030429,0.8502048310650296,-0.6936342751021778,608,0.1531828624489111,718.8783255024151,57.3,29.7,55.1,4.519075183575169,221.28421399904028,False
2026-05-08T22:13:58.770,57.3,29.7,55.1,4.519075183575169,221.28421399904028,0.4795063485741118,0.9642840377541939,544,0.982142018877097,753.853014802487,61.5,29.6,55.1,4.527306949736238,220.88186445106405,False
2026-05-08T22:14:00.209,61.5,29.6,55.1,4.527306949736238,220.88186445106405,0.16615869017962992,-0.5636597853375465,480,0.21817010733122677,572.5900227069382,55.3,29.8,56.75,4.539090546733601,220.3084493918314,False
2026-05-08T22:14:01.692,55.3,29.8,56.75,4.539090546733601,220.3084493918314,0.36665274289425476,0.26273843849177814,512,0.6313692192458891,602.0910664048959,54.4,29.8,55.65,4.542726067919291,220.13213763030862,False
2026-05-08T22:14:03.336,54.4,29.8,55.65,4.542726067919291,220.13213763030862,0.2973879580096992,0.9014391744639838,512,0.9507195872319919,778.5156856680252,54.9,29.7,55.1,4.536591307881145,220.4298188075176,False
2026-05-08T22:14:04.341,54.9,29.7,55.1,4.536591307881145,220.4298188075176,-0.6163483455363807,-0.32792489522281754,320,0.33603755238859123,69.07893671325688,75.3,29.8,54.55,6.045174952514877,165.42118430898117,False
2026-05-08T22:14:05.545,75.3,29.8,54.55,6.045174952514877,165.42118430898117,-0.1506572829754269,0.6651830099789879,416,0.832591504989494,225.81086044054285,56.4,29.8,55.65,5.848577686073572,170.9817418312088,False
2026-05-08T22:14:06.449,56.4,29.8,55.65,5.848577686073572,170.9817418312088,-0.6347887656756681,0.5956960097165809,320,0.7978480048582904,191.47588014051266,58.6,29.8,54.55,7.126568507602141,140.31998695210294,False
2026-05-08T22:14:07.053,58.6,29.8,54.55,7.126568507602141,140.31998695210294,-0.9571526846786389,0.1886551656765223,256,0.5943275828382611,305.2114134342638,60.4,29.7,55.65,9.747653401116171,102.58879330747371,False
2026-05-08T22:14:08.127,60.4,29.7,55.65,9.747653401116171,102.58879330747371,-0.10378910349723314,-0.6974491191780474,416,0.1512754404109763,639.8967337153025,53.6,29.7,54.0,8.061220396607183,124.05069589970289,False
2026-05-08T22:14:09.741,53.6,29.7,54.0,8.061220396607183,124.05069589970289,0.57100901133385,0.40935460698914117,544,0.7046773034945706,738.1617538655677,60.0,29.6,55.1,6.240574705983395,160.24165194933263,False
2026-05-08T22:14:10.708,60.0,29.6,55.1,6.240574705983395,160.24165194933263,-0.3049778990600327,-0.9611667904901773,384,0.01941660475491136,749.219807834555,58.0,29.6,54.55,6.5737374107447675,152.12046626101935,False
2026-05-08T22:14:11.700,58.0,29.6,54.55,6.5737374107447675,152.12046626101935,-0.324527266943722,-0.5131287379506846,384,0.2434356310246577,680.8207313489346,55.8,29.6,55.1,6.697713528909165,149.3046837079141,False
2026-05-08T22:14:13.510,55.8,29.6,55.1,6.697713528909165,149.3046837079141,0.59259893809931,0.23455875263891346,576,0.6172793763194567,831.2296684572946,52.1,29.5,55.1,5.2679096634356615,189.82861588173347,False
2026-05-08T22:14:14.944,52.1,29.5,55.1,5.2679096634356615,189.82861588173347,0.41005075273879465,-0.48695600623058777,512,0.2565219968847061,708.5450024195211,55.4,29.6,56.2,4.930620368506175,202.81423538250806,False
2026-05-08T22:14:16.708,55.4,29.6,56.2,4.930620368506175,202.81423538250806,0.6129947560833486,-0.5255031529459699,576,0.23724842352701503,667.2358202715922,55.0,29.7,56.2,4.329871057399357,230.95375976406748,False
2026-05-08T22:14:18.290,55.0,29.7,56.2,4.329871057399357,230.95375976406748,0.4741455908293819,-0.2449344746094071,544,0.37753276269529645,673.2810689473706,56.0,29.6,56.75,4.230404026363117,236.38404128026067,False
2026-05-08T22:14:19.437,56.0,29.6,56.75,4.230404026363117,236.38404128026067,-0.11166059218263258,-0.7281004322738531,416,0.13594978386307344,749.6736111168941,57.4,29.6,54.0,4.979457201581468,200.8251019172133,False
2026-05-08T22:14:20.416,57.4,29.6,54.0,4.979457201581468,200.8251019172133,-0.9117022300183326,0.8520712343505454,288,0.9260356171752727,501.2344290306966,57.2,29.6,55.65,7.0266984638247205,142.31434650971025,False
2026-05-08T22:14:21.571,57.2,29.6,55.65,7.0266984638247205,142.31434650971025,0.006318898624438907,-0.18045140030314233,448,0.40977429984842884,346.3319067998962,57.2,29.6,56.2,6.435803618206594,155.38075107994993,False
2026-05-08T22:14:23.429,57.2,29.6,56.2,6.435803618206594,155.38075107994993,0.7802068036356518,-0.3381012428401384,608,0.3309493785799308,656.0878514253111,56.1,29.6,55.65,5.111908190046795,195.62166666980886,False
2026-05-08T22:14:24.470,56.1,29.6,55.65,5.111908190046795,195.62166666980886,-0.4541250343131571,0.5380943981795854,352,0.7690471990897927,613.2330674430663,54.6,29.6,54.55,5.930547242505559,168.61850333688875,False
2026-05-08T22:14:25.255,54.6,29.6,54.55,5.930547242505559,168.61850333688875,-0.7872225527943055,-0.016185983147248395,288,0.4919070084263758,751.6032227128478,53.5,29.6,56.2,7.4056803490967695,135.03148297805814,False
2026-05-08T22:14:27.128,53.5,29.6,56.2,7.4056803490967695,135.03148297805814,0.9008524578587962,0.3217976812460006,608,0.6608988406230003,666.4141815636576,54.3,29.6,56.75,5.6215394936984655,177.88721419123044,False
2026-05-08T22:14:28.857,54.3,29.6,56.75,5.6215394936984655,177.88721419123044,0.49436473619430865,-0.24627311378803451,544,0.37686344310598274,665.7295426493624,55.7,29.7,57.3,4.825608562257971,207.22774901826804,False
2026-05-08T22:14:29.738,55.7,29.7,57.3,4.825608562257971,207.22774901826804,-0.7436553477060786,-0.624981388056358,320,0.18750930597182103,686.5692085859998,59.3,29.8,55.1,6.370282818755021,156.9789016361813,False
2026-05-08T22:14:31.075,59.3,29.8,55.1,6.370282818755021,156.9789016361813,-0.022762398847216758,0.5299635349394942,448,0.7649817674697471,761.6311267190989,55.3,29.8,54.0,5.876713768329307,170.16312847993112,False
2026-05-08T22:14:32.015,55.3,29.8,54.0,5.876713768329307,170.16312847993112,-0.44334178510879885,0.18145386677975162,352,0.5907269333898758,729.4614718954559,54.6,29.8,56.2,6.493796893494367,153.9931131818771,False
2026-05-08T22:14:33.443,54.6,29.8,56.2,6.493796893494367,153.9931131818771,0.09894469080032908,-0.2942657644529303,480,0.35286711777353486,620.0082261475229,54.5,29.7,55.65,5.656272709618443,176.79487028613536,False
2026-05-08T22:14:35.184,54.5,29.7,55.65,5.656272709618443,176.79487028613536,0.49277888453031027,0.39254412155758955,544,0.6962720607787948,802.2780038456153,56.1,29.5,55.1,4.788454167616152,208.8356628247384,False
2026-05-08T22:14:36.531,56.1,29.5,55.1,4.788454167616152,208.8356628247384,0.04876159056055229,0.6490158102303281,448,0.824507905115164,811.8809327962216,55.2,29.6,55.65,5.2407749902269645,190.81147384972783,False
2026-05-08T22:14:37.150,55.2,29.6,55.65,5.2407749902269645,190.81147384972783,-0.930231309699735,-0.7895766316926685,256,0.10521168415366577,763.5006843634204,53.5,29.6,54.55,8.522946864434479,117.33031026779172,False
2026-05-08T22:14:37.942,53.5,29.6,54.55,8.522946864434479,117.33031026779172,-0.6345986210451939,0.15276763838692875,320,0.5763838191934644,771.8188266723593,55.5,29.6,55.1,8.657728261930455,115.5037406749268,False
2026-05-08T22:14:39.139,55.5,29.6,55.1,8.657728261930455,115.5037406749268,-0.2042642241386199,0.39433361316964155,416,0.6971668065848208,837.7828091716249,54.9,29.5,56.2,7.302011621918723,136.9485631874732,False
2026-05-08T22:14:40.071,54.9,29.5,56.2,7.302011621918723,136.9485631874732,-0.5169186987436349,-0.9831196464521992,352,0.00844017677390041,818.4284807715158,54.7,29.5,55.1,7.317810702647772,136.65289259780585,False
2026-05-08T22:14:40.875,54.7,29.5,55.1,7.317810702647772,136.65289259780585,-0.7407035270652427,-0.9284089601460184,320,0.035795519926990815,747.9939141640994,54.5,29.5,56.2,7.983182464309997,125.2633275602366,False
2026-05-08T22:14:41.682,54.5,29.5,56.2,7.983182464309997,125.2633275602366,-0.698100968934803,-0.85096800688903,320,0.07451599655548502,696.1934828424891,52.4,29.5,54.55,8.31498420816675,120.26481048729201,False
2026-05-08T22:14:42.501,52.4,29.5,54.55,8.31498420816675,120.26481048729201,-0.8951994079827379,-0.010189800597726562,288,0.4949050997011367,790.6452748688969,57.1,29.5,56.75,8.93945006724534,111.86370442003557,False
2026-05-08T22:14:43.316,57.1,29.5,56.75,8.93945006724534,111.86370442003557,-0.724006147974174,0.30760269626567194,320,0.653801348132836,809.7729854834648,55.3,29.5,56.2,9.057652621123914,110.4038807657337,False
2026-05-08T22:14:45.162,55.3,29.5,56.2,9.057652621123914,110.4038807657337,0.8718666588084212,-0.47185474575986697,608,0.2640726271200665,781.1590797034432,55.6,29.7,54.55,6.456330192967462,154.88674992013992,False
2026-05-08T22:14:46.091,55.6,29.7,54.55,6.456330192967462,154.88674992013992,-0.4695910327207966,0.5238382785009315,352,0.7619191392504657,717.2658580186625,54.1,29.7,54.55,7.065658485501065,141.52962559003225,False
2026-05-08T22:14:46.954,54.1,29.7,54.55,7.065658485501065,141.52962559003225,-0.6955296211602462,0.29925782492898945,320,0.6496289124644947,698.6075234140914,57.7,29.7,56.2,7.750752061582182,129.0197379628045,False
2026-05-08T22:14:47.631,57.7,29.7,56.2,7.750752061582182,129.0197379628045,-0.951341629006887,0.23932142738377604,256,0.619660713691888,749.5908184866421,56.8,29.6,55.65,9.666518731533882,103.44985902089284,False
2026-05-08T22:14:48.239,56.8,29.6,55.65,9.666518731533882,103.44985902089284,-0.9803495832725231,-0.5985417201344851,256,0.20072913993275743,784.9437758257492,56.3,29.6,55.1,10.9601753291173,91.23941633883854,False
2026-05-08T22:14:50.515,56.3,29.6,55.1,10.9601753291173,91.23941633883854,0.16806032864550335,0.947414692411839,480,0.9737073462059195,762.8045505958531,59.0,29.6,55.1,8.43530440276757,118.54936730817992,False
2026-05-08T22:14:51.968,59.0,29.6,55.1,8.43530440276757,118.54936730817992,0.23421566673005323,-0.9325984263396716,480,0.0337007868301642,686.0737046964505,55.3,29.7,55.1,6.613375758483668,151.2087074013896,False
2026-05-08T22:14:52.708,55.3,29.7,55.1,6.613375758483668,151.2087074013896,-0.8551634675063469,-0.9541382039634572,288,0.022930898018271417,698.3706294081679,58.6,29.7,55.1,7.935648559523058,126.01364494650721,False
2026-05-08T22:14:54.357,58.6,29.7,55.1,7.935648559523058,126.01364494650721,0.4486255787480915,-0.028558249472762975,544,0.4857208752636185,813.2967773920077,54.0,29.7,55.65,6.047114727395768,165.36812100977897,False
2026-05-08T22:14:55.142,54.0,29.7,55.65,6.047114727395768,165.36812100977897,-0.8606831430002204,0.2839480558958638,288,0.6419740279479319,697.2257003574376,54.2,29.7,56.2,7.635799050509589,130.96206348348875,False
2026-05-08T22:14:56.278,54.2,29.7,56.2,7.635799050509589,130.96206348348875,0.009548777846026812,-0.6713663935238539,448,0.16431680323807307,669.1061592639174,54.1,29.7,56.2,6.813732735607667,146.76243386743542,False
2026-05-08T22:14:58.242,54.1,29.7,56.2,6.813732735607667,146.76243386743542,0.8978504941407646,0.4205421408895249,608,0.7102710704447625,651.9344379663808,52.3,29.7,55.1,5.263584572256368,189.98459819015025,False
2026-05-08T22:14:59.706,52.3,29.7,55.1,5.263584572256368,189.98459819015025,0.17988696262001458,0.0321602917897561,480,0.516080145894878,680.6239002725627,54.4,29.7,56.2,4.935011981255188,202.63375323065713,False
2026-05-08T22:15:01.622,54.4,29.7,56.2,4.935011981255188,202.63375323065713,0.6096509931743053,0.40540212864285907,576,0.7027010643214295,727.4405317157526,50.5,29.6,55.65,4.315951967816983,231.6985933710013,False
2026-05-08T22:15:02.809,50.5,29.6,55.65,4.315951967816983,231.6985933710013,0.05489583982777568,0.3409256679732031,448,0.6704628339866016,121.38303720186708,54.3,29.6,55.65,4.956945269795267,201.73714769324096,False
2026-05-08T22:15:04.380,54.3,29.6,55.65,4.956945269795267,201.73714769324096,0.5597363219376219,-0.5320075742560906,544,0.2339962128719547,330.6319065208905,54.5,29.6,55.65,4.544172679389802,220.06205981905632,False
2026-05-08T22:15:05.360,54.5,29.6,55.65,4.544172679389802,220.06205981905632,-0.25534945046386825,0.4172721449010939,384,0.7086360724505469,384.4506459244618,57.7,29.6,56.2,5.767712383432947,173.37896440057906,False
2026-05-08T22:15:07.956,57.7,29.6,56.2,5.767712383432947,173.37896440057906,0.9788672370233573,0.9167236024293286,640,0.9583618012146643,705.3139354833248,48.0,29.9,56.2,4.693603992629609,213.0558951224486,False
2026-05-08T22:15:09.166,48.0,29.9,56.2,4.693603992629609,213.0558951224486,-0.17745972305919744,0.18948725689719148,416,0.5947436284485957,836.0925550578453,54.5,29.8,55.65,5.342521979183503,187.17751726551248,False
2026-05-08T22:15:10.413,54.5,29.8,55.65,5.342521979183503,187.17751726551248,-0.05492637720575977,-0.007648897920858433,448,0.4961755510395708,835.9668255208434,54.8,29.8,57.3,5.4198113415455,184.50826735139503,False
2026-05-08T22:15:12.596,54.8,29.8,57.3,5.4198113415455,184.50826735139503,0.97007674419141,0.7863925424047222,640,0.8931962712023611,850.9859750451827,54.8,30.1,56.2,4.391882730351264,227.69278266225925,False
2026-05-08T22:15:13.553,54.8,30.1,56.2,4.391882730351264,227.69278266225925,-0.6845818969093562,0.43976850519900257,320,0.7198842525995013,726.3362634650745,57.7,30.1,56.2,6.076874610444115,164.5582744592647,False
2026-05-08T22:15:14.326,57.7,30.1,56.2,6.076874610444115,164.5582744592647,-0.8458053939624843,-0.1547155347934006,288,0.4226422326032997,697.4566793252484,55.7,30.1,55.1,7.528467798707297,132.82915285520764,False
2026-05-08T22:15:15.760,55.7,30.1,55.1,7.528467798707297,132.82915285520764,0.09391356294466524,-0.8210002101167042,480,0.0894998949416479,846.8169487667899,56.3,30.1,56.75,6.151706984215506,162.5565070907753,False
2026-05-08T22:15:16.749,56.3,30.1,56.75,6.151706984215506,162.5565070907753,-0.5078976491388929,-0.2726840080136337,352,0.36365799599318316,762.9850539322231,59.0,30.0,56.75,6.596124803427371,151.6041660522245,False
2026-05-08T22:15:18.164,59.0,30.0,56.75,6.596124803427371,151.6041660522245,0.4165319142179389,0.15007122367669146,512,0.5750356118383457,755.8170852390955,55.3,29.9,55.1,5.708438415256734,175.17925696234835,False
2026-05-08T22:15:19.332,55.3,29.9,55.1,5.708438415256734,175.17925696234835,-0.30590446360010404,-0.02590912979494031,384,0.48704543510252984,824.0494536026257,57.7,30.0,56.2,5.952055939937075,168.00917365211657,False
2026-05-08T22:15:20.176,57.7,30.0,56.2,5.952055939937075,168.00917365211657,-0.7363733614333146,-0.983744104898751,320,0.008127947550624515,874.3760207852739,55.9,30.0,56.75,7.055830118747547,141.72676824275726,False
2026-05-08T22:15:21.275,55.9,30.0,56.75,7.055830118747547,141.72676824275726,-0.5667406368274102,0.8057244708475999,352,0.9028622354238,810.5858111944646,60.0,29.9,56.2,7.133267747622369,140.18820481445067,False
2026-05-08T22:15:22.265,60.0,29.9,56.2,7.133267747622369,140.18820481445067,-0.3449549957542397,-0.39184299293582425,384,0.3040785035320879,883.4203699940676,55.2,29.9,55.1,7.05338355813729,141.77592807161722,False
2026-05-08T22:15:24.265,55.2,29.9,55.1,7.05338355813729,141.77592807161722,0.9385691321326401,-0.7463018185411445,640,0.12684909072942774,870.5758806504816,50.3,29.6,56.75,5.27262055308591,189.65901109927762,False
2026-05-08T22:15:25.656,50.3,29.6,56.75,5.27262055308591,189.65901109927762,0.18797918883240783,0.4809873824540516,480,0.7404936912270258,850.847042898889,55.5,29.6,56.2,5.0281485374454284,198.880361738091,False
2026-05-08T22:15:26.417,55.5,29.6,56.2,5.0281485374454284,198.880361738091,-0.8633793111063452,-0.4551999072531274,288,0.2724000463734363,224.70177132097865,56.3,29.6,56.2,6.96940790964161,143.48421170994757,False
2026-05-08T22:15:27.540,56.3,29.6,56.2,6.96940790964161,143.48421170994757,-0.16563827945261234,-0.3287754124752813,416,0.33561229376235935,534.9636405773871,55.7,29.6,55.65,6.474911780309646,154.44225866382038,False
2026-05-08T22:15:29.767,55.7,29.6,55.65,6.474911780309646,154.44225866382038,-0.20228195514749658,0.9805509072127503,416,0.9902754536063751,641.9406322578996,67.2,29.6,56.2,6.201038605922208,161.26330822145908,False
2026-05-08T22:15:31.862,67.2,29.6,56.2,6.201038605922208,161.26330822145908,0.1864678377915645,0.9108298722024648,480,0.9554149361012324,645.2270005324181,53.4,29.5,54.55,6.00781202980259,166.44994800758752,False
2026-05-08T22:15:34.020,53.4,29.5,54.55,6.00781202980259,166.44994800758752,-0.3145578776711815,0.9353646262409772,384,0.9676823131204886,829.1038385030248,59.6,29.5,54.55,6.794375630465279,147.1805585072605,False
2026-05-08T22:15:34.677,59.6,29.5,54.55,6.794375630465279,147.1805585072605,-0.9516314509833179,-0.8595086251057662,256,0.0702456874471169,424.22860044163036,58.5,29.5,56.2,8.884559938801754,112.55481496980799,False
2026-05-08T22:15:35.669,58.5,29.5,56.2,8.884559938801754,112.55481496980799,-0.48586074216479735,0.2673565095317929,352,0.6336782547658965,344.34230202757425,56.5,29.5,55.1,8.074532537141478,123.84617876021552,False
2026-05-08T22:15:37.094,56.5,29.5,55.1,8.074532537141478,123.84617876021552,0.2616741392106514,0.0914958370694321,512,0.545747918534716,230.91156262941712,56.9,29.5,55.65,6.47596267302808,154.41719640616958,False
2026-05-08T22:15:38.060,56.9,29.5,55.65,6.47596267302808,154.41719640616958,-0.6838810661840482,0.5202757161522342,320,0.7601378580761171,187.10350505568096,57.7,29.5,55.65,7.465462853519273,133.9501675409975,False
2026-05-08T22:15:38.823,57.7,29.5,55.65,7.465462853519273,133.9501675409975,-0.6437260503185904,-0.45762218289984014,320,0.27118890855007993,679.176343499402,56.6,29.5,55.65,8.279728888449865,120.77690145084213,False
2026-05-08T22:15:39.790,56.6,29.5,55.65,8.279728888449865,120.77690145084213,-0.406334529350322,-0.8876832023940768,384,0.056158398802961584,707.6712726487272,57.3,29.5,54.55,7.678347468820301,130.23635672398655,False
2026-05-08T22:15:40.980,57.3,29.5,54.55,7.678347468820301,130.23635672398655,-0.00510350852073338,0.11324926891042209,448,0.556624634455211,682.6230834411424,59.1,29.5,55.65,6.752227082074773,148.09928455379014,False
2026-05-08T22:15:42.639,59.1,29.5,55.65,6.752227082074773,148.09928455379014,0.5465423462056651,0.43827417290176274,544,0.7191370864508814,714.8612140234757,55.1,29.4,55.65,5.476251649903355,182.60665578026314,False
2026-05-08T22:15:43.580,55.1,29.4,55.65,5.476251649903355,182.60665578026314,-0.675192124387499,0.4003126666556829,320,0.7001563333278414,653.7400778172416,55.0,29.4,55.65,6.722969121893648,148.74380379696458,False
2026-05-08T22:15:44.709,55.0,29.4,55.65,6.722969121893648,148.74380379696458,-0.26548540163695233,0.3502579939510404,384,0.6751289969755202,601.0321041277938,60.1,29.5,55.1,6.635657957838154,150.7009563111647,False
2026-05-08T22:15:46.642,60.1,29.5,55.1,6.635657957838154,150.7009563111647,0.6708412823247427,0.06017691039339823,576,0.5300884551966991,728.684818926917,53.6,29.8,57.3,5.206437722389243,192.06990524436705,False
2026-05-08T22:15:47.740,53.6,29.8,57.3,5.206437722389243,192.06990524436705,-0.40618210121563125,0.6838445046023447,384,0.8419222523011723,592.6428098635535,58.1,29.7,55.65,6.022795529820845,166.03585412266952,False
2026-05-08T22:15:48.815,58.1,29.7,55.65,6.022795529820845,166.03585412266952,-0.3253632030162179,0.1728518664231562,384,0.5864259332115781,423.6757640173737,57.7,29.7,56.2,6.347106318509326,157.55211112248375,False
2026-05-08T22:15:49.797,57.7,29.7,56.2,6.347106318509326,157.55211112248375,-0.8582840804182219,0.723322226548677,288,0.8616611132743385,630.219239905924,61.1,29.7,56.2,7.851614467880147,127.36234109441564,False
2026-05-08T22:15:50.868,61.1,29.7,56.2,7.851614467880147,127.36234109441564,-0.6983983700347844,0.6679461597861767,320,0.8339730798930883,577.7679996518372,58.6,29.7,56.2,8.139502537920748,122.85763108263026,False
2026-05-08T22:15:52.237,58.6,29.7,56.2,8.139502537920748,122.85763108263026,0.2228329262767701,0.02598104730730655,480,0.5129905236536533,841.4389094640645,57.1,29.7,56.2,6.6230654751520435,150.98748513837444,False
2026-05-08T22:15:54.049,57.1,29.7,56.2,6.6230654751520435,150.98748513837444,0.36655847674302366,0.934648690314648,512,0.967324345157324,815.495601492547,57.0,29.6,55.65,5.791193822751497,172.67596813481933,False
2026-05-08T22:15:56.072,57.0,29.6,55.65,5.791193822751497,172.67596813481933,0.9284059831420919,-0.6609181942053493,640,0.16954090289732537,814.2963599729501,52.6,29.6,55.65,4.608676312375277,216.9820426127101,False
2026-05-08T22:15:58.054,52.6,29.6,55.65,4.608676312375277,216.9820426127101,0.9654403984640918,-0.719661096771707,640,0.1401694516141465,803.593270678405,52.7,29.9,54.55,3.985755382956493,250.8934703509665,False
2026-05-08T22:15:59.089,52.7,29.9,54.55,3.985755382956493,250.8934703509665,-0.4060793606239854,-0.03207930206780163,384,0.4839603489660992,817.0942549750353,56.5,29.8,56.2,5.345482387586185,187.07385554618986,False
2026-05-08T22:16:00.930,56.5,29.8,56.2,5.345482387586185,187.07385554618986,-0.02549836024120733,0.923419218779074,448,0.961709609389537,784.3585777099798,61.1,29.8,55.1,5.360181212249654,186.56085688198266,False
2026-05-08T22:16:01.785,61.1,29.8,55.1,5.360181212249654,186.56085688198266,-0.8992307303463727,0.35869524101210737,288,0.6793476205060537,382.05025554700495,57.1,29.7,56.2,7.2984105436980835,137.01613440524585,False
2026-05-08T22:16:03.485,57.1,29.7,56.2,7.2984105436980835,137.01613440524585,0.2468826994065152,0.9315984987738859,480,0.965799249386943,712.5799233376338,57.4,29.7,56.2,6.121353016222667,163.36257643527884,False
2026-05-08T22:16:04.503,57.4,29.7,56.2,6.121353016222667,163.36257643527884,-0.8416375086921897,0.6999381739823829,288,0.8499690869911914,587.385322176367,62.6,29.7,55.65,7.471713104748141,133.83811529975873,False
2026-05-08T22:16:05.309,62.6,29.7,55.65,7.471713104748141,133.83811529975873,-0.6162380581413167,-0.34100072831055184,320,0.3294996358447241,686.2645904960441,56.9,29.7,55.65,8.134098868162258,122.93924824470821,False
2026-05-08T22:16:06.480,56.9,29.7,55.65,8.134098868162258,122.93924824470821,0.004242001189079803,-0.29404585097704294,448,0.35297707451147853,734.1094421446231,52.9,29.7,55.65,6.979816044673058,143.27025147936274,False
2026-05-08T22:16:07.438,52.9,29.7,55.65,6.979816044673058,143.27025147936274,-0.5420117551562802,0.4534217585802085,352,0.7267108792901043,699.6651311618614,55.8,29.7,55.65,7.196441932260614,138.95755838967364,False
2026-05-08T22:16:08.873,55.8,29.7,55.65,7.196441932260614,138.95755838967364,0.15245912227786995,0.02861249783739228,480,0.5143062489186961,850.5970391973221,56.6,29.7,54.55,5.979400300193524,167.24085189072136,False
2026-05-08T22:16:10.747,56.6,29.7,54.55,5.979400300193524,167.24085189072136,0.5890263439600685,0.4817310673345241,576,0.740865533667262,652.3369803668968,56.6,29.6,56.2,4.875215002842637,205.11915872775265,False
2026-05-08T22:16:11.675,56.6,29.6,56.2,4.875215002842637,205.11915872775265,-0.5886068188612756,-0.9975611655434309,320,0.0012194172282845583,518.5006691192063,57.5,29.7,54.0,6.30808068999885,158.5268244246543,False
2026-05-08T22:16:12.819,57.5,29.7,54.0,6.30808068999885,158.5268244246543,-0.6578200145391162,0.7600531420973056,320,0.8800265710486528,339.84303346175903,58.0,29.8,54.55,6.77985956472389,147.4956804714767,False
2026-05-08T22:16:13.671,58.0,29.8,54.55,6.77985956472389,147.4956804714767,-0.6520260604059416,0.6756507113786527,320,0.8378253556893264,337.2826123385432,60.7,29.8,56.2,7.765742526884399,128.77068696754722,False
2026-05-08T22:16:15.340,60.7,29.8,56.2,7.765742526884399,128.77068696754722,0.4327587407276934,-0.036566546319389825,544,0.4817167268403051,709.5541870422954,57.7,29.7,56.2,5.992799827251758,166.8669117651124,False
2026-05-08T22:16:16.302,57.7,29.7,56.2,5.992799827251758,166.8669117651124,-0.6934647674952548,0.6492544962887745,320,0.8246272481443873,741.3289819375973,57.3,29.7,55.1,7.1883681345309,139.11363209074966,False
2026-05-08T22:16:17.616,57.3,29.7,55.1,7.1883681345309,139.11363209074966,-0.07373611051809048,0.3817420859348657,448,0.6908710429674328,622.8360450253195,55.5,29.7,54.55,6.3087329853833385,158.5104334447017,False
2026-05-08T22:16:19.077,55.5,29.7,54.55,6.3087329853833385,158.5104334447017,0.35188648887113994,-0.5281581714928665,512,0.23592091425356676,834.0769417044355,54.5,29.7,54.55,5.458259182381753,183.20859574199304,False
2026-05-08T22:16:19.938,54.5,29.7,54.55,5.458259182381753,183.20859574199304,-0.6265737166543659,-0.21726971298988373,320,0.39136514350505813,402.50372384611626,56.5,29.7,56.75,6.918318842290551,144.54378625731493,False
2026-05-08T22:16:20.903,56.5,29.7,56.75,6.918318842290551,144.54378625731493,-0.5423016842713038,0.047986849753011596,352,0.5239934248765058,820.2220394301921,58.8,29.6,56.2,7.0548313170721375,141.7468334898495,False
2026-05-08T22:16:22.699,58.8,29.6,56.2,7.0548313170721375,141.7468334898495,0.6374779891957336,0.009680066706868162,576,0.5048400333534341,873.4290627285061,54.6,29.6,55.65,5.466084785328039,182.9463023852431,False
2026-05-08T22:16:23.686,54.6,29.6,55.65,5.466084785328039,182.9463023852431,-0.531561071069397,0.5899505533678213,352,0.7949752766839107,836.8404412340903,54.3,29.7,56.2,6.486320616697337,154.17060905465596,False
2026-05-08T22:16:25.511,54.3,29.7,56.2,6.486320616697337,154.17060905465596,0.6828002064103174,0.07157593159904874,576,0.5357879657995244,873.4735997590707,53.6,29.7,54.55,5.138293607791305,194.61713874887928,False
2026-05-08T22:16:26.316,53.6,29.7,54.55,5.138293607791305,194.61713874887928,-0.8032285460691329,0.2738403820244597,288,0.6369201910122299,829.3456936544794,52.6,29.7,54.55,6.953030595600757,143.8221774304731,False
2026-05-08T22:16:27.129,52.6,29.7,54.55,6.953030595600757,143.8221774304731,-0.6326873350379745,-0.64642779915922,320,0.17678610042039,784.4363875044933,56.5,29.7,54.55,7.848249193533205,127.41695317523549,False
2026-05-08T22:16:28.046,56.5,29.7,54.55,7.848249193533205,127.41695317523549,-0.9327746832677506,0.7883519744724858,256,0.8941759872362429,720.9657430589536,61.2,29.6,56.2,9.441915343010136,105.91071447598834,False
2026-05-08T22:16:29.530,61.2,29.6,56.2,9.441915343010136,105.91071447598834,0.23700973576086537,0.29211072902418134,480,0.6460553645120907,805.1112946482217,62.1,29.6,55.65,7.2673679521851895,137.6013993758655,False
2026-05-08T22:16:30.560,62.1,29.6,55.65,7.2673679521851895,137.6013993758655,-0.3101713056401181,-0.05199959971720225,384,0.4740002001413989,793.4178255747001,52.9,29.7,54.0,7.007383970824522,142.70660836676475,False
2026-05-08T22:16:32.339,52.9,29.7,54.0,7.007383970824522,142.70660836676475,0.6305809653615106,-0.8710347244835346,576,0.06448263775823271,795.6894494401646,51.0,29.7,56.75,5.429067747076276,184.1936860225278,False
2026-05-08T22:16:34.162,51.0,29.7,56.75,5.429067747076276,184.1936860225278,0.8899197532236716,0.19400988777629635,608,0.5970049438881482,836.7764476896426,54.6,29.8,55.65,4.595759087898956,217.59191047091423,False
2026-05-08T22:16:36.236,54.6,29.8,55.65,4.595759087898956,217.59191047091423,0.928364774853929,0.576491238067935,640,0.7882456190339675,858.0451216462433,54.0,30.0,56.75,3.9716360079843653,251.7854098385787,False
2026-05-08T22:16:37.759,54.0,30.0,56.75,3.9716360079843653,251.7854098385787,0.36064768963448834,-0.21965004945147015,512,0.3901749752742649,849.6216851723025,57.3,30.1,56.2,4.151518162671452,240.87573769796833,False
2026-05-08T22:16:39.004,57.3,30.1,56.2,4.151518162671452,240.87573769796833,-0.20418432126536623,0.14103319740180242,416,0.5705165987009012,858.8810593350992,55.2,30.1,56.2,4.8109088333291945,207.86093327567602,False
2026-05-08T22:16:41.094,55.2,30.1,56.2,4.8109088333291945,207.86093327567602,0.9982888836855839,0.08537324626094511,640,0.5426866231304726,851.4248133063521,51.7,29.9,55.65,4.044291380514095,247.26210500512545,False
2026-05-08T22:16:43.144,51.7,29.9,55.65,4.044291380514095,247.26210500512545,0.9898770811884048,0.3226324258971065,640,0.6613162129485533,860.7431934284768,50.8,30.0,55.65,3.6826642441249486,271.5425392351003,False
2026-05-08T22:16:44.772,50.8,30.0,55.65,3.6826642441249486,271.5425392351003,0.5009853798221786,-0.11973300562996525,544,0.4401334971850174,860.4859135855,53.6,29.9,54.55,3.8084140202384815,262.5764937020635,False
2026-05-08T22:16:45.842,53.6,29.9,54.55,3.8084140202384815,262.5764937020635,-0.21021980385599992,-0.4298485288446534,416,0.2850757355776733,524.7837162986713,57.7,29.9,55.65,4.908470420711041,203.72945424720317,False
2026-05-08T22:16:47.732,57.7,29.9,55.65,4.908470420711041,203.72945424720317,0.6359878045540404,0.5096255816251489,576,0.7548127908125745,616.9148236135751,55.7,29.7,55.65,4.402998471801809,227.11795300505221,False
2026-05-08T22:16:49.533,55.7,29.7,55.65,4.402998471801809,227.11795300505221,0.6108273265262816,-0.8504131181274028,576,0.07479344093629858,745.5862694855068,56.9,29.8,56.2,3.9956042520515274,250.27503649455622,False
2026-05-08T22:16:50.319,56.9,29.8,56.2,3.9956042520515274,250.27503649455622,-0.8604808610692107,-0.18165399860527187,288,0.40917300069736406,713.4115314695565,54.6,29.9,56.75,6.392140911842329,156.44210817495608,False
2026-05-08T22:16:51.492,54.6,29.9,56.75,6.392140911842329,156.44210817495608,-0.1416052456123078,0.5026546557130611,416,0.7513273278565306,786.91150074432,55.4,29.9,56.2,6.25544584844171,159.86070765029632,False
2026-05-08T22:16:53.343,55.4,29.9,56.2,6.25544584844171,159.86070765029632,0.5428861932368276,0.8957549151886659,544,0.947877457594333,365.110261932304,56.9,29.9,56.2,5.332358078647275,187.5342925683045,False
2026-05-08T22:16:54.498,56.9,29.9,56.2,5.332358078647275,187.5342925683045,-0.40818199663636157,0.621589209842103,384,0.8107946049210515,693.3586548174792,59.4,29.9,55.1,6.057564992313074,165.0828346487375,False
2026-05-08T22:16:56.246,59.4,29.9,55.1,6.057564992313074,165.0828346487375,0.45142357581914805,0.5042091222067384,544,0.7521045611033692,732.7733901971502,55.6,29.7,54.55,5.041309676624674,198.36115298307436,False
2026-05-08T22:16:57.010,55.6,29.7,54.55,5.041309676624674,198.36115298307436,-0.6698886422189052,-0.031632112147785385,320,0.4841839439261073,638.4699741067329,54.5,29.7,54.55,7.044743550370128,141.94980879715067,False
2026-05-08T22:16:58.359,54.5,29.7,54.55,7.044743550370128,141.94980879715067,0.17628968755860797,-0.11720921660049166,480,0.44139539169975417,710.2900637026903,54.1,29.7,54.55,6.046880375876643,165.37452997902668,False
2026-05-08T22:17:00.202,54.1,29.7,54.55,6.046880375876643,165.37452997902668,0.7530816997981875,0.02863641382269555,608,0.5143182069113478,701.9010117651071,57.3,29.6,57.85,4.857165768228253,205.88138180113415,False
2026-05-08T22:17:00.866,57.3,29.6,57.85,4.857165768228253,205.88138180113415,-0.9715935495671006,0.22541893747810637,256,0.6127094687390532,573.6032414167138,52.3,29.6,56.75,8.382697486503618,119.29334222188365,False
2026-05-08T22:17:02.034,52.3,29.6,56.75,8.382697486503618,119.29334222188365,-0.03562387753268803,-0.973623434413087,448,0.013188282793456518,670.6809604818711,54.7,29.6,54.55,7.0910926664391365,141.02199012753277,False
2026-05-08T22:17:03.388,54.7,29.6,54.55,7.0910926664391365,141.02199012753277,0.2002770765455053,-0.412333211141493,480,0.2938333944292535,77.05067861954123,54.6,29.6,55.65,6.0242544013022625,165.99564583192736,False
2026-05-08T22:17:04.346,54.6,29.6,55.65,6.0242544013022625,165.99564583192736,-0.44054403503139183,0.7587386465776522,352,0.8793693232888261,375.08844265674037,59.0,29.6,56.2,6.732504046401092,148.53314503903746,False
2026-05-08T22:17:06.286,59.0,29.6,56.2,6.732504046401092,148.53314503903746,0.6922226220926007,0.26690988600935217,576,0.6334549430046761,646.366806113498,63.1,29.7,57.85,5.183073529395525,192.93571552256654,False
2026-05-08T22:17:07.324,63.1,29.7,57.85,5.183073529395525,192.93571552256654,-0.40569402912791386,-0.4775515757071731,384,0.26122421214641345,690.7030608004806,56.0,29.7,56.75,6.025239840684158,165.96849692981704,False
2026-05-08T22:17:08.752,56.0,29.7,56.75,6.025239840684158,165.96849692981704,0.3607137313615416,-0.33156699551883007,512,0.33421650224058497,769.700710359897,56.0,29.7,54.55,5.3617657904265785,186.50572201148694,False
2026-05-08T22:17:09.907,56.0,29.7,54.55,5.3617657904265785,186.50572201148694,-0.18798825292860788,0.23205717760231903,416,0.6160285888011595,685.6188742682476,57.2,29.7,56.75,5.567434014117274,179.61595906917123,False
2026-05-08T22:17:11.057,57.2,29.7,56.75,5.567434014117274,179.61595906917123,-0.020210603458585386,-0.8805435988832406,448,0.059728200558379685,667.3083969390798,55.1,29.7,57.3,5.702113699311751,175.3735636875674,False
2026-05-08T22:17:11.987,55.1,29.7,57.3,5.702113699311751,175.3735636875674,-0.317716913923797,-0.7069036518353762,384,0.1465481740823119,701.5362052504663,54.6,29.7,56.2,6.439418327320251,155.29352950364193,False
2026-05-08T22:17:12.614,54.6,29.7,56.2,6.439418327320251,155.29352950364193,-0.9735319159395188,-0.33576645968284446,256,0.33211677015857777,637.7558038661729,54.5,29.7,54.55,8.837262964102214,113.15720761757268,False
2026-05-08T22:17:14.063,54.5,29.7,54.55,8.837262964102214,113.15720761757268,0.31380429049839886,-0.9308446967071331,512,0.03457765164643345,592.5302963425377,54.2,29.6,56.2,6.778999125485261,147.51440168218298,False
2026-05-08T22:17:15.447,54.2,29.6,56.2,6.778999125485261,147.51440168218298,0.21327841034247141,-0.16649956361430407,480,0.41675021819284797,705.2727563789721,56.3,29.7,56.75,5.8687643236776585,170.3936203342632,False
2026-05-08T22:17:17.081,56.3,29.7,56.75,5.8687643236776585,170.3936203342632,0.4646925433410749,0.39017756262527215,544,0.6950887813126361,735.3029811086694,53.3,29.6,55.65,5.068274123266606,197.3058235759907,False
2026-05-08T22:17:18.018,53.3,29.6,55.65,5.068274123266606,197.3058235759907,-0.5123006996979473,-0.9256301282514503,352,0.03718493587427485,839.1387611919481,54.9,29.6,55.1,6.162532336298495,162.27095379440178,False
2026-05-08T22:17:19.243,54.9,29.6,55.1,6.162532336298495,162.27095379440178,-0.052243655768682284,0.0628063496633453,448,0.5314031748316727,825.7704848445868,54.9,29.6,56.2,5.847213432223804,171.02163476520838,False
2026-05-08T22:17:20.492,54.9,29.6,56.2,5.847213432223804,171.02163476520838,-0.07049287665352866,-0.2144879226476588,448,0.3927560386761706,872.4514517894221,55.7,29.6,56.2,5.607221047659914,178.3414621075683,False
2026-05-08T22:17:21.122,55.7,29.6,56.2,5.607221047659914,178.3414621075683,-0.9308559491634827,-0.7522877787489217,256,0.12385611062553914,762.4057337804865,53.3,29.6,56.75,8.433622119145186,118.57301475837974,False
2026-05-08T22:17:21.906,53.3,29.6,56.75,8.433622119145186,118.57301475837974,-0.7641517942610636,-0.6592712806739174,288,0.1703643596630413,771.5919139219133,53.9,29.6,56.2,8.69439655789448,115.0166079199601,False
2026-05-08T22:17:22.871,53.9,29.6,56.2,8.69439655789448,115.0166079199601,-0.3536186266831107,-0.9719659789228057,384,0.014017010538597163,796.7594943069265,58.3,29.6,56.75,7.9163742160621915,126.320455893939,False
2026-05-08T22:17:24.303,58.3,29.6,56.75,7.9163742160621915,126.320455893939,0.3112855073995551,-0.47970182743490564,512,0.2601490862825472,868.9837299147654,55.2,29.6,56.2,6.351534474512314,157.44226911037626,False
2026-05-08T22:17:26.253,55.2,29.6,56.2,6.351534474512314,157.44226911037626,0.5889736767735385,-0.19310986271156794,576,0.40344506864421603,879.7985830422451,56.4,29.6,55.65,5.053325058259703,197.88950611152384,False
2026-05-08T22:17:27.157,56.4,29.6,55.65,5.053325058259703,197.88950611152384,-0.5588474238187773,-0.4566033176775999,352,0.27169834116120006,797.3772627225294,55.6,29.6,55.65,6.327187412501471,158.04810807787456,False
2026-05-08T22:17:29.015,55.6,29.6,55.65,6.327187412501471,158.04810807787456,0.5852815412068935,0.34866504409813204,576,0.674332522049066,850.2548709168633,52.7,29.7,55.1,5.062065741740035,197.54780973197316,False
2026-05-08T22:17:30.123,52.7,29.7,55.1,5.062065741740035,197.54780973197316,-0.46893181971822995,0.39999080738342885,352,0.6999954036917144,786.7424061336668,55.3,29.8,55.65,5.875620204253505,170.19479905731066,False
2026-05-08T22:17:31.013,55.3,29.8,55.65,5.875620204253505,170.19479905731066,-0.8525175991289986,-0.5038783972396121,288,0.24806080138019393,750.2378650035963,57.1,29.8,55.65,6.918738130382527,144.53502664144213,False
2026-05-08T22:17:31.924,57.1,29.8,55.65,6.918738130382527,144.53502664144213,-0.49484606351370375,-0.8057504720230872,352,0.09712476398845638,800.3752423621494,55.3,29.8,55.65,7.254475083495563,137.84594867174744,False
2026-05-08T22:17:33.750,55.3,29.8,55.65,7.254475083495563,137.84594867174744,0.6433296620579152,0.31131911856630046,576,0.6556595592831502,822.4734373713594,55.4,29.7,57.3,5.563023159553417,179.75837441602113,False
2026-05-08T22:17:35.224,55.4,29.7,57.3,5.563023159553417,179.75837441602113,0.31466604764160055,0.18784986681160354,512,0.5939249334058018,775.3639473850766,54.0,29.7,54.0,5.067843152836736,197.32260250403525,False
2026-05-08T22:17:37.281,54.0,29.7,54.0,5.067843152836736,197.32260250403525,0.9273413083245607,0.5195312237628376,640,0.7597656118814188,842.3597509165834,53.3,29.8,56.2,4.203011984559177,237.92461303316568,False
2026-05-08T22:17:38.765,53.3,29.8,56.2,4.203011984559177,237.92461303316568,0.3367918050406664,0.6191180229201136,512,0.8095590114600568,804.8264577958398,53.4,29.7,54.55,4.3716137836149525,228.74847813593567,False
2026-05-08T22:17:39.833,53.4,29.7,54.55,4.3716137836149525,228.74847813593567,-0.37335423470932194,0.3974715274457583,384,0.6987357637228792,720.2884455181572,56.6,29.7,55.1,5.552465407496074,180.10017651797628,False
2026-05-08T22:17:41.444,56.6,29.7,55.1,5.552465407496074,180.10017651797628,0.44524343508338693,-0.9280168931248898,544,0.03599155343755511,861.9984091290006,53.8,29.8,55.65,4.828322248131242,207.11127977985333,False
2026-05-08T22:17:43.265,53.8,29.8,55.65,4.828322248131242,207.11127977985333,0.2839824255038108,0.8138122935000582,512,0.9069061467500291,781.5040491913468,65.3,29.8,55.1,4.922963226294114,203.12969121095293,False
2026-05-08T22:17:44.371,65.3,29.8,55.1,4.922963226294114,203.12969121095293,-0.1936284568973501,-0.7792489709293737,416,0.11037551453531314,772.6217894725154,52.6,29.7,55.65,5.449014539806283,183.51942221749894,False
2026-05-08T22:17:46.217,52.6,29.7,55.65,5.449014539806283,183.51942221749894,0.8528129999263481,-0.5064733447615914,608,0.24676332761920428,802.4163122379862,56.2,29.7,56.2,4.557286204572055,219.42883442272276,False
2026-05-08T22:17:47.405,56.2,29.7,56.2,4.557286204572055,219.42883442272276,-0.06231197771766239,-0.024944853201529282,448,0.48752757339923536,852.4499000801248,56.1,29.8,55.65,5.059453661009491,197.64979916833042,False
2026-05-08T22:17:48.856,56.1,29.8,55.65,5.059453661009491,197.64979916833042,0.1852490947131198,0.18215072444748448,480,0.5910753622237422,749.220350421909,54.4,29.8,56.2,4.878282725484602,204.99016893299503,False
2026-05-08T22:17:49.482,54.4,29.8,56.2,4.878282725484602,204.99016893299503,-0.9199518707841567,-0.9504314641273544,256,0.024784267936322824,91.68454276427535,57.0,29.7,56.2,7.8920896147591675,126.7091542054817,False
2026-05-08T22:17:50.468,57.0,29.7,56.2,7.8920896147591675,126.7091542054817,-0.3138727009028892,0.04988960452338409,384,0.524944802261692,299.15295613021965,59.2,29.8,56.2,7.442487449541638,134.36367972129898,False
2026-05-08T22:17:51.346,59.2,29.8,56.2,7.442487449541638,134.36367972129898,-0.5584467522180676,-0.9984779926632943,352,0.0007610036683528554,43.58850814146694,53.3,29.8,55.65,7.581611245548811,131.89808440614826,False
2026-05-08T22:17:52.658,53.3,29.8,55.65,7.581611245548811,131.89808440614826,0.2080567140508527,-0.4451326716099129,480,0.27743366419504356,44.773916734376016,56.3,29.7,56.2,6.366050982641982,157.08325345283188,False
2026-05-08T22:17:54.258,56.3,29.7,56.2,6.366050982641982,157.08325345283188,0.4171782387406595,-0.1616041182067176,544,0.4191979408966412,216.95509684678223,54.1,29.6,55.65,5.273168749649566,189.63929422255947,False
2026-05-08T22:17:56.357,54.1,29.6,55.65,5.273168749649566,189.63929422255947,0.9902556060102938,0.43506552770900764,640,0.7175327638545038,496.02671914595055,50.3,29.7,55.1,4.309267058536768,232.05802434986586,False
2026-05-08T22:17:58.341,50.3,29.7,55.1,4.309267058536768,232.05802434986586,0.7569826635035253,0.036283573142736225,608,0.5181417865713681,655.3816671192516,56.0,30.0,56.2,3.8656845363136054,258.68639580032055,False
2026-05-08T22:17:59.313,56.0,30.0,56.2,3.8656845363136054,258.68639580032055,-0.45685363135365087,-0.3305733900023753,352,0.33471330499881236,693.1846834800365,52.9,30.0,56.2,5.363752880408771,186.43662791634617,False
2026-05-08T22:18:01.314,52.9,30.0,56.2,5.363752880408771,186.43662791634617,0.7609241134270195,0.890698775368693,608,0.9453493876843465,732.1159311503505,56.1,29.9,55.1,4.58802502935648,217.95870632821303,False
2026-05-08T22:18:02.077,56.1,29.9,55.1,4.58802502935648,217.95870632821303,-0.9014287889031571,-0.41857375658865337,288,0.2907131217056733,611.7731174932043,55.3,29.9,56.2,6.782803300717562,147.43166736004397,False
2026-05-08T22:18:03.236,55.3,29.9,56.2,6.782803300717562,147.43166736004397,-0.7563279143878312,0.9131392389548112,288,0.9565696194774056,373.8068947081194,57.5,29.9,55.65,7.564521277196262,132.196072078555,False
2026-05-08T22:18:05.300,57.5,29.9,55.65,7.564521277196262,132.196072078555,0.9728554204389583,0.010839965638223426,640,0.5054199828191117,690.9568070861706,50.5,30.0,55.65,5.510631876249065,181.46739293365252,False
2026-05-08T22:18:06.956,50.5,30.0,55.65,5.510631876249065,181.46739293365252,0.4745769333075527,-0.18711006179789869,544,0.40644496910105066,735.4977620004115,53.8,29.9,56.2,4.768733127072885,209.6993002864503,False
2026-05-08T22:18:08.410,53.8,29.9,56.2,4.768733127072885,209.6993002864503,0.3811061637789537,-0.9700457951393797,512,0.01497710243031014,756.7501229100201,54.5,29.9,55.65,4.629229506569128,216.0186697550739,False
2026-05-08T22:18:09.947,54.5,29.9,55.65,4.629229506569128,216.0186697550739,0.2712125039278639,0.5637461695993564,512,0.7818730847996782,718.9616252984773,60.5,29.9,56.2,4.587669768573632,217.9755846530587,False
2026-05-08T22:18:11.877,60.5,29.9,56.2,4.587669768573632,217.9755846530587,0.7666681678083449,-0.029462826690736188,608,0.4852685866546319,672.1395171243316,53.1,29.8,56.2,4.091587774577425,244.40389772727752,False
2026-05-08T22:18:12.809,53.1,29.8,56.2,4.091587774577425,244.40389772727752,-0.3035354630546663,-0.9019996835397397,384,0.04900015823013015,498.5452681390396,58.0,29.7,56.75,5.599905809910652,178.5744321324496,False
2026-05-08T22:18:14.688,58.0,29.7,56.75,5.599905809910652,178.5744321324496,0.7978434290972374,0.13227488002000176,608,0.5661374400100009,834.802875092454,58.0,29.7,57.3,4.620751000137503,216.41503728944545,False
2026-05-08T22:18:15.910,58.0,29.7,57.3,4.620751000137503,216.41503728944545,-0.027687450314367812,-0.6358774796803595,448,0.18206126015982027,766.6573889251897,55.7,29.7,56.2,4.9631282332257065,201.48582768937766,False
2026-05-08T22:18:16.852,55.7,29.7,56.2,4.9631282332257065,201.48582768937766,-0.9563459284889564,0.899590648259543,256,0.9497953241297715,680.5246678060656,56.6,29.7,55.65,7.652888507983066,130.66961565647478,False
2026-05-08T22:18:20.219,56.6,29.7,55.65,7.652888507983066,130.66961565647478,-0.3648544382008936,0.9719231282744785,384,0.9859615641372392,657.123037160773,63.3,29.5,56.75,7.988149293158807,125.18544199673606,False
2026-05-08T22:18:22.274,63.3,29.5,56.75,7.988149293158807,125.18544199673606,0.925979379846448,0.07161503224460453,640,0.5358075161223023,621.9971178966556,49.7,29.7,55.65,5.778699443132976,173.04931842204283,False
2026-05-08T22:18:22.978,49.7,29.7,55.65,5.778699443132976,173.04931842204283,-0.8753543126425387,-0.4277572543683881,288,0.28612137281580596,825.977247462423,51.8,29.7,55.65,7.819404934047294,127.88696946052694,False
2026-05-08T22:18:24.368,51.8,29.7,55.65,7.819404934047294,127.88696946052694,0.3623406862569096,-0.8193676216655661,512,0.09031618916721695,807.9823194287983,54.8,29.7,56.2,6.329756247545866,157.98396666344203,False
2026-05-08T22:18:25.403,54.8,29.7,56.2,6.329756247545866,157.98396666344203,-0.2646489339102931,-0.20071004177114316,384,0.3996449791144284,819.8031291971745,56.0,29.7,56.2,6.557762836112798,152.49102857046344,False
2026-05-08T22:18:26.129,56.0,29.7,56.2,6.557762836112798,152.49102857046344,-0.9181748272020098,0.5364029985235859,256,0.7682014992617929,767.5491672588678,56.7,29.7,54.0,9.253394855500062,108.06844575595052,False
2026-05-08T22:18:27.699,56.7,29.7,54.0,9.253394855500062,108.06844575595052,0.2797821937892573,-0.9387308936747483,512,0.030634553162625866,860.5892474572114,59.7,29.8,56.2,6.889755490205417,145.14303176964924,False
2026-05-08T22:18:28.399,59.7,29.8,56.2,6.889755490205417,145.14303176964924,-0.9713822558173393,-0.08001252534295311,256,0.45999373732852344,801.5827298113757,52.8,29.8,56.2,8.687911567889566,115.10246072208999,False
2026-05-08T22:18:29.587,52.8,29.8,56.2,8.687911567889566,115.10246072208999,-0.23935089980109847,0.3094798689486644,416,0.6547399344743322,816.1404827617158,54.0,29.8,56.2,7.373458822061502,135.6215616215262,False
2026-05-08T22:18:30.340,54.0,29.8,56.2,7.373458822061502,135.6215616215262,-0.8062989056841223,-0.8517796049552997,288,0.07411019752235015,859.1372927614714,54.6,29.8,54.0,8.315280087233605,120.26053115580478,False
2026-05-08T22:18:35.138,54.6,29.8,54.0,8.315280087233605,120.26053115580478,0.7666901939817836,0.982864457873375,608,0.9914322289366875,759.8572829705402,46.6,29.6,55.65,6.39829835605342,156.29155509040956,False
2026-05-08T22:18:36.510,46.6,29.6,55.65,6.39829835605342,156.29155509040956,0.2441568641786751,-0.6665340623125537,480,0.16673296884372313,879.2376445782113,55.0,29.7,57.3,5.671052862024898,176.33409956311735,False
2026-05-08T22:18:38.285,55.0,29.7,57.3,5.671052862024898,176.33409956311735,0.02502150194591124,0.848213237936807,448,0.9241066189684035,650.1694170217553,57.8,29.7,55.65,5.500935023395743,181.78727720777496,False
2026-05-08T22:18:39.087,57.8,29.7,55.65,5.500935023395743,181.78727720777496,-0.7577530589259351,0.14385198693748902,288,0.5719259934687445,192.9952818674764,61.6,29.6,56.2,7.4671764157317275,133.91942875398203,False
2026-05-08T22:18:40.710,61.6,29.6,56.2,7.4671764157317275,133.91942875398203,0.47525723055899016,-0.9605601496857512,544,0.019719925157124396,86.51369719764354,55.3,29.7,55.65,5.819423425926912,171.83832947174162,False
2026-05-08T22:18:42.293,55.3,29.7,55.65,5.819423425926912,171.83832947174162,0.4984280723793373,-0.9425220366251683,544,0.028738981687415843,290.43600731938824,56.7,29.7,56.2,4.996886727713615,200.12460847948057,False
2026-05-08T22:18:43.428,56.7,29.7,56.2,4.996886727713615,200.12460847948057,-0.1004934882585975,-0.6109721758238853,416,0.19451391208805735,208.96719413793818,56.8,29.6,56.2,5.420558243581827,184.48284384436653,False
2026-05-08T22:18:44.260,56.8,29.6,56.2,5.420558243581827,184.48284384436653,-0.7689010823728024,0.2878581430136806,288,0.6439290715068403,423.118685116025,57.1,29.6,55.65,7.254520653550227,137.84508277753937,False
2026-05-08T22:18:45.400,57.1,29.6,55.65,7.254520653550227,137.84508277753937,-0.09929121398968443,-0.5066986319369218,416,0.2466506840315391,702.152881046314,57.3,29.6,56.2,6.611628789745675,151.2486607764418,False
2026-05-08T22:18:46.169,57.3,29.6,56.2,6.611628789745675,151.2486607764418,-0.875587894129328,-0.48570344489342765,288,0.2571482775532862,659.8408384187244,56.5,29.6,56.2,7.815635891428414,127.94864216956714,False
2026-05-08T22:18:47.632,56.5,29.6,56.2,7.815635891428414,127.94864216956714,0.3875580382551336,0.3268984652624636,512,0.6634492326312318,710.668846305151,53.8,29.6,54.55,6.247829961828932,160.05557227221163,False
2026-05-08T22:18:48.287,53.8,29.6,54.55,6.247829961828932,160.05557227221163,-0.9768114046071268,-0.5396109630660606,256,0.2301945184669697,759.374405926635,54.4,29.6,55.1,8.740180957496522,114.41410708348002,False
2026-05-08T22:18:50.163,54.4,29.6,55.1,8.740180957496522,114.41410708348002,0.8507312807597167,0.3409844606172576,608,0.6704922303086288,729.2857107042391,58.9,29.6,56.2,6.333763916827315,157.88400280333093,False
2026-05-08T22:18:51.039,58.9,29.6,56.2,6.333763916827315,157.88400280333093,-0.5989209188638307,0.5727706483337054,320,0.7863853241668527,562.0486496953088,55.9,29.7,55.65,7.677659058411683,130.24803425002244,False
2026-05-08T22:18:52.589,55.9,29.7,55.65,7.677659058411683,130.24803425002244,0.5233504286208961,-0.4417512165123523,544,0.27912439174382386,675.3649629514882,55.8,29.7,56.2,6.022031768130936,166.05691210266914,False
2026-05-08T22:18:54.158,55.8,29.7,56.2,6.022031768130936,166.05691210266914,0.47515188126928654,-0.9536837369823379,544,0.02315813150883106,735.6299519264004,54.8,29.7,55.65,5.143857459868075,194.406631171628,False
2026-05-08T22:18:56.091,54.8,29.7,55.65,5.143857459868075,194.406631171628,0.8281343220892257,-0.4668936151810381,608,0.26655319240948094,705.4441537948978,61.5,29.8,55.65,4.33361983255211,230.75397442306115,False
2026-05-08T22:18:56.956,61.5,29.8,55.65,4.33361983255211,230.75397442306115,-0.8018609631553439,-0.3912711857683515,288,0.30436440711582424,709.1042260491649,61.7,29.8,55.65,6.386470736591394,156.5810040075002,False
2026-05-08T22:18:58.759,61.7,29.8,55.65,6.386470736591394,156.5810040075002,0.7434594403603698,-0.39621864942999374,576,0.30189067528500313,339.07684669583693,56.7,29.8,56.75,5.084984221044162,196.65744406079156,False
2026-05-08T22:19:00.600,56.7,29.8,56.75,5.084984221044162,196.65744406079156,0.8721373265179391,-0.84405638047202,608,0.07797180976398999,488.7812298406528,56.3,29.7,56.2,4.3439417036578964,230.2056676216284,False
2026-05-08T22:19:01.719,56.3,29.7,56.2,4.3439417036578964,230.2056676216284,0.04757384317472391,-0.9660817709258351,448,0.01695911453708243,509.63450638056804,54.0,29.8,55.1,5.093669648815659,196.32211528136935,False
2026-05-08T22:19:04.192,54.0,29.8,55.1,5.093669648815659,196.32211528136935,0.542775463885822,0.9280361478001216,544,0.9640180739000608,752.1577678558393,57.6,29.8,54.55,4.865529976520163,205.527456376952,False
2026-05-08T22:19:05.177,57.6,29.8,54.55,4.865529976520163,205.527456376952,-0.48482506235961775,-0.46820714251596796,352,0.265896428742016,812.538755975752,56.5,29.8,56.2,5.8661414511347925,170.4698068278855,False
2026-05-08T22:19:05.993,56.5,29.8,56.2,5.8661414511347925,170.4698068278855,-0.629605221426752,-0.7692790223391046,320,0.1153604888304477,816.8975780433585,53.1,29.8,56.2,7.150670185674111,139.84703168151051,False
2026-05-08T22:19:07.669,53.1,29.8,56.2,7.150670185674111,139.84703168151051,0.5820642502443587,0.5861603842995646,544,0.7930801921497823,848.1920511220374,54.6,29.7,55.1,5.678484871082414,176.10331324337636,False
2026-05-08T22:19:09.582,54.6,29.7,55.1,5.678484871082414,176.10331324337636,0.3354264607710864,0.9576732630676938,512,0.9788366315338469,681.6937279439258,61.9,29.7,56.2,5.388392784990147,185.58409527709077,False
2026-05-08T22:19:10.315,61.9,29.7,56.2,5.388392784990147,185.58409527709077,-0.7928737696439574,-0.33744555538076004,288,0.33127722230962,37.53701229324311,56.6,29.7,55.65,7.31046462151575,136.7902112619294,False
2026-05-08T22:19:11.954,56.6,29.7,55.65,7.31046462151575,136.7902112619294,0.5273831757803569,0.2764584730567854,544,0.6382292365283927,636.4509785004807,56.3,29.7,55.65,5.824673340454378,171.683447559995,False
2026-05-08T22:19:13.343,56.3,29.7,55.65,5.824673340454378,171.683447559995,0.4059174704232533,-0.8310879219436671,512,0.08445603902816645,709.7778365356543,56.9,29.6,55.1,5.2773618784479615,189.48861628835155,False
2026-05-08T22:19:15.098,56.9,29.6,55.1,5.2773618784479615,189.48861628835155,0.6157219580089652,-0.9302556499590655,576,0.034872175020467244,753.982695287531,55.1,29.6,55.1,4.515755824246652,221.4468715581686,False
2026-05-08T22:19:16.263,55.1,29.6,55.1,4.515755824246652,221.4468715581686,-0.0963027255298865,-0.3752681518930796,416,0.3123659240534602,760.0717430399724,54.5,29.7,55.65,5.104687854226084,195.8983641227185,False
2026-05-08T22:19:18.014,54.5,29.7,55.65,5.104687854226084,195.8983641227185,0.6767819369855881,-0.9674608782051528,576,0.016269560897423596,858.408743629664,54.2,29.7,55.65,4.4226441595577946,226.1090795285657,False
2026-05-08T22:19:19.207,54.2,29.7,55.65,4.4226441595577946,226.1090795285657,-0.07421216595020086,-0.9729328534481541,448,0.013533573275922972,891.6407742718184,53.3,29.7,54.55,4.925459080719841,203.02676026979663,False
2026-05-08T22:19:20.998,53.3,29.7,54.55,4.925459080719841,203.02676026979663,0.7466858354297592,-0.4577683541729505,576,0.27111582291352476,833.286221372035,55.6,29.6,56.2,4.3111256201480925,231.95798223241027,False
2026-05-08T22:19:23.036,55.6,29.6,56.2,4.3111256201480925,231.95798223241027,0.9597292061793685,0.3840695096386737,640,0.6920347548193369,705.1146504448518,51.8,29.8,55.1,3.816138550019135,262.04499309779663,False
2026-05-08T22:19:24.629,51.8,29.8,55.1,3.816138550019135,262.04499309779663,-0.6015486644114099,0.9371806769570361,320,0.968590338478518,320.3076304529437,67.0,29.7,56.2,5.931049538635211,168.6042231625179,False
2026-05-08T22:19:26.556,67.0,29.7,56.2,5.931049538635211,168.6042231625179,0.5977605143433069,-0.10872116710851931,576,0.44563941644574034,595.424108840882,56.0,30.1,55.1,4.77741973978829,209.31801149302294,False
2026-05-08T22:19:27.632,56.0,30.1,55.1,4.77741973978829,209.31801149302294,-0.17077492074627698,-0.16674621986298388,416,0.41662689006850806,261.99419080469926,57.3,30.1,56.2,5.506903735205416,181.59024527831127,False
2026-05-08T22:19:28.599,57.3,30.1,56.2,5.506903735205416,181.59024527831127,-0.31584594091175977,-0.23319819337562242,384,0.3834009033121888,295.5488802428903,56.0,30.1,56.2,6.262388956362811,159.68347015302592,False
2026-05-08T22:19:29.869,56.0,30.1,56.2,6.262388956362811,159.68347015302592,-0.20721049081309517,0.3571817501555914,416,0.6785908750777957,528.2276503250303,55.1,30.0,56.75,6.040697446398979,165.54379835661638,False
2026-05-08T22:19:30.893,55.1,30.0,56.75,6.040697446398979,165.54379835661638,-0.39825936591280664,-0.240566443695998,384,0.379716778152001,722.8546059273356,53.8,30.0,56.2,6.336303434359817,157.82072471108452,False
2026-05-08T22:19:32.800,53.8,30.0,56.2,6.336303434359817,157.82072471108452,0.8978843795678171,-0.6981533735798389,608,0.15092331321008057,775.9646824032919,54.7,29.7,56.2,4.975278753586709,200.9937632698658,False
2026-05-08T22:19:34.475,54.7,29.7,56.2,4.975278753586709,200.9937632698658,-0.20809501120472018,0.9008476403639238,416,0.9504238201819619,715.5669277708437,61.4,29.7,56.2,5.354697537009674,186.75191139898615,False
2026-05-08T22:19:36.049,61.4,29.7,56.2,5.354697537009674,186.75191139898615,-0.4268143007187768,0.960886915342513,352,0.9804434576712565,816.6938873355807,62.4,29.7,56.2,6.175030000227822,161.94253306673912,False
2026-05-08T22:19:36.972,62.4,29.7,56.2,6.175030000227822,161.94253306673912,-0.5638851822090298,-0.8994344827013554,352,0.0502827586493223,734.8924127794314,55.1,29.7,56.75,6.740977896598759,148.3464291589744,False
2026-05-08T22:19:37.599,55.1,29.7,56.75,6.740977896598759,148.3464291589744,-0.9817715477159328,-0.45021152453513413,256,0.27489423773243293,640.488445434614,52.9,29.7,55.1,9.176052026660638,108.97932979178208,False
2026-05-08T22:19:38.957,52.9,29.7,55.1,9.176052026660638,108.97932979178208,0.17373185806253177,-0.07989682872776616,480,0.4600515856361169,830.0235246215303,53.1,29.7,55.65,7.15236971575882,139.81380154282286,False
2026-05-08T22:19:39.961,53.1,29.7,55.65,7.15236971575882,139.81380154282286,-0.26387869811690967,0.01469591667140202,384,0.507347958335701,877.94353349888,59.0,29.7,55.65,7.007577276186819,142.70267177762057,False
2026-05-08T22:19:41.759,59.0,29.7,55.65,7.007577276186819,142.70267177762057,0.8565290810511434,-0.2546990326743239,608,0.37265048366283804,865.0563829220417,55.9,29.7,54.55,5.436303703713437,183.94851621643556,False
2026-05-08T22:19:43.106,55.9,29.7,54.55,5.436303703713437,183.94851621643556,0.18185736984425516,-0.2004251283741263,480,0.39978743581293685,827.2387687022691,54.5,29.7,55.1,5.193261678531897,192.55721392469746,False
2026-05-08T22:19:44.785,54.5,29.7,55.1,5.193261678531897,192.55721392469746,0.5405584931023555,-0.38824331342925467,544,0.30587834328537267,848.9952180944459,53.8,29.7,56.2,4.561973024750815,219.20340049678884,False
2026-05-08T22:19:45.660,53.8,29.7,56.2,4.561973024750815,219.20340049678884,-0.765916065842569,-0.9165987001502687,288,0.04170064992486566,859.6821128526101,67.5,29.7,55.65,6.604659642114339,151.40825632005945,False
2026-05-08T22:19:47.127,67.5,29.7,55.65,6.604659642114339,151.40825632005945,0.12258994345272067,0.658287211342641,480,0.8291436056713205,874.1803664466943,58.1,29.6,58.4,5.86196640976446,170.59121975422255,False
2026-05-08T22:19:49.120,58.1,29.6,58.4,5.86196640976446,170.59121975422255,0.941164161653886,-0.3195898816677345,640,0.34020505916613275,646.1407299228493,51.5,29.7,55.65,4.655794583855233,214.78610836218414,False
2026-05-08T22:19:50.491,51.5,29.7,55.65,4.655794583855233,214.78610836218414,-0.13104453788929038,0.7844012682712491,416,0.8922006341356246,664.4608448399985,59.3,29.7,56.2,5.156406213864661,193.93351852520416,False
2026-05-08T22:19:52.339,59.3,29.7,56.2,5.156406213864661,193.93351852520416,0.9080080027094968,0.4519212423609602,608,0.7259606211804801,837.0352126386314,55.8,29.8,56.2,4.414097670450052,226.54686748198804,False
2026-05-08T22:19:53.585,55.8,29.8,56.2,4.414097670450052,226.54686748198804,-0.1867175907999452,-0.9255538408924446,416,0.03722307955377768,760.5468572317878,53.3,30.0,55.65,4.88371142842146,204.76230314927216,False
2026-05-08T22:19:54.715,53.3,30.0,55.65,4.88371142842146,204.76230314927216,-0.3037078686641186,0.7557645357799987,384,0.8778822678899993,490.48389503348966,57.1,30.1,57.3,5.6618104986987055,176.6219480906041,False
2026-05-08T22:19:56.604,57.1,30.1,57.3,5.6618104986987055,176.6219480906041,0.7446530314374544,0.3957918542465435,576,0.6978959271232718,262.60614244243646,54.5,29.8,57.3,4.721366253592984,211.8030981474896,False
2026-05-08T22:19:57.771,54.5,29.8,57.3,4.721366253592984,211.8030981474896,-0.042269244114920834,-0.5712281198224671,448,0.21438594008876644,544.7332244625578,54.5,29.8,55.65,5.16158908542411,193.73878537210862,False
2026-05-08T22:19:59.643,54.5,29.8,55.65,5.16158908542411,193.73878537210862,0.4698203581403373,0.8197314752826073,544,0.9098657376413036,731.211156350387,57.7,29.8,55.65,4.56744529028486,218.94077245479878,False
2026-05-08T22:20:00.818,57.7,29.8,55.65,4.56744529028486,218.94077245479878,-0.49917383091186474,0.8409375826233834,352,0.9204687913116917,643.4383413205566,61.2,29.8,56.2,5.8064762178263765,172.2214924311435,False
2026-05-08T22:20:01.570,61.2,29.8,56.2,5.8064762178263765,172.2214924311435,-0.9358979830387377,0.5031607256162718,256,0.7515803628081359,604.5249843320179,55.1,29.8,56.75,8.061411016611347,124.04776259880555,False
2026-05-08T22:20:03.102,55.1,29.8,56.75,8.061411016611347,124.04776259880555,0.5366394981565703,-0.7252536305665471,544,0.13737318471672644,449.89953144065856,56.9,29.6,55.1,6.281349116757794,159.201467934991,False
2026-05-08T22:20:04.733,56.9,29.6,55.1,6.281349116757794,159.201467934991,0.4678769697233456,-0.27726996393016123,544,0.3613650180349194,528.6940229247768,57.1,29.7,55.65,5.2096558502889465,191.9512591113934,False
2026-05-08T22:20:05.950,57.1,29.7,55.65,5.2096558502889465,191.9512591113934,-0.22264235408570254,-0.003970548193153789,416,0.4980147259034231,618.6471006593416,54.0,29.7,54.55,5.358673022480788,186.61336413040775,False
2026-05-08T22:20:06.887,54.0,29.7,54.55,5.358673022480788,186.61336413040775,-0.4971754680313152,-0.1673024213986689,352,0.41634878930066554,662.0503846196971,55.4,29.7,56.2,6.2578216136373905,159.80001696129284,False
2026-05-08T22:20:08.566,55.4,29.7,56.2,6.2578216136373905,159.80001696129284,0.4205317961421233,-0.010688475553216836,544,0.4946557622233916,756.9868379728698,54.1,29.6,57.85,5.143310922596468,194.42728916244008,False
2026-05-08T22:20:10.132,54.1,29.6,57.85,5.143310922596468,194.42728916244008,0.4851980811015404,-0.41349442123465807,544,0.29325278938267096,729.0425553368926,56.9,29.6,56.75,4.691254402283108,213.1626030584329,False
2026-05-08T22:20:11.691,56.9,29.6,56.75,4.691254402283108,213.1626030584329,0.3339086806694125,0.25752278282542496,512,0.6287613914127125,643.945354713734,54.6,29.7,56.75,4.6295414636052765,216.00411355237014,False
2026-05-08T22:20:13.183,54.6,29.7,56.75,4.6295414636052765,216.00411355237014,0.30385801135633184,0.012891156875111331,512,0.5064455784375557,754.678131438867,55.8,29.6,56.2,4.589570211728083,217.88532561167116,False
2026-05-08T22:20:14.712,55.8,29.6,56.2,4.589570211728083,217.88532561167116,0.2072817497270838,0.7601091504833248,480,0.8800545752416624,549.0379231202913,54.8,29.6,56.2,4.655199994708118,214.81354208987108,False
2026-05-08T22:20:16.784,54.8,29.6,56.2,4.655199994708118,214.81354208987108,0.9859091359820733,0.5310290683405183,640,0.7655145341702592,861.0977227284679,54.1,29.7,56.2,4.028260687274334,248.24609865967636,False
2026-05-08T22:20:18.182,54.1,29.7,56.2,4.028260687274334,248.24609865967636,0.33545280290894164,-0.6365030540907364,512,0.1817484729546318,865.6481845236679,53.8,29.7,56.75,4.331284046094245,230.87841604425702,False
2026-05-08T22:20:18.964,53.8,29.7,56.75,4.331284046094245,230.87841604425702,-0.8138636153446464,-0.026725145396818695,288,0.48663742730159065,775.6343678850741,53.3,29.7,56.75,6.637622467568974,150.65635397100996,False
2026-05-08T22:20:20.428,53.3,29.7,56.75,6.637622467568974,150.65635397100996,0.2741665799184734,0.45225270341252566,512,0.7261263517062628,840.8900840990898,54.4,29.7,55.65,5.656865547575105,176.7763422322569,False
2026-05-08T22:20:22.582,54.4,29.7,55.65,5.656865547575105,176.7763422322569,0.9187290647134143,-0.6463241458687121,640,0.17683792706564394,821.1052648424476,50.0,29.8,56.2,4.457335599973371,224.34927269240714,False
2026-05-08T22:20:24.190,50.0,29.8,56.2,4.457335599973371,224.34927269240714,0.550565459935894,-0.6922228576433131,544,0.15388857117834343,834.2273967089792,54.1,29.9,57.3,4.271292574790621,234.1211664829633,False
2026-05-08T22:20:25.661,54.1,29.9,57.3,4.271292574790621,234.1211664829633,0.371118457480099,-0.7057555713118193,512,0.14712221434409034,837.9982197974742,54.0,30.0,55.1,4.34122008686379,230.34998917146032,False
2026-05-08T22:20:27.028,54.0,30.0,55.1,4.34122008686379,230.34998917146032,0.1946377430287114,-0.7092656361783252,480,0.14536718191083742,803.0647661474551,55.8,29.9,56.2,4.570376817839462,218.80033963429878,False
2026-05-08T22:20:28.144,55.8,29.9,56.2,4.570376817839462,218.80033963429878,-0.18048855779490047,-0.11385398634621402,416,0.443073006826893,778.4160745309838,55.6,29.9,55.65,5.303879394662361,188.54124039969028,False
2026-05-08T22:20:29.947,55.6,29.9,55.65,5.303879394662361,188.54124039969028,0.6381483647760824,-0.1644800560541111,576,0.41775997197294445,796.4403588229818,52.5,29.8,56.2,4.523292156596048,221.07791523962464,False
2026-05-08T22:20:31.677,52.5,29.8,56.2,4.523292156596048,221.07791523962464,0.5324573026809927,0.4375105228251359,544,0.718755261412568,787.8120937735397,57.4,29.8,56.75,4.289568081250074,233.1237040789846,False
2026-05-08T22:20:33.058,57.4,29.8,56.75,4.289568081250074,233.1237040789846,0.22928485097159723,-0.35009815892638074,480,0.32495092053680963,831.9513793409398,55.3,29.8,56.75,4.52761869669993,220.8666557386724,False
2026-05-08T22:20:34.170,55.3,29.8,56.75,4.52761869669993,220.8666557386724,-0.11237307787374462,-0.5718543998858099,416,0.21407280005709506,800.4813240329845,55.4,29.7,54.55,5.267041424085172,189.85990796031933,False
2026-05-08T22:20:35.359,55.4,29.7,54.55,5.267041424085172,189.85990796031933,-0.22804572178359162,0.6201897086651293,416,0.8100948543325647,732.796948677044,55.4,29.7,56.75,5.576501845879753,179.32388935527004,False
2026-05-08T22:20:36.941,55.4,29.7,56.75,5.576501845879753,179.32388935527004,0.5451072295538857,-0.4645374776499247,544,0.26773126117503765,843.6594079796674,57.1,29.6,55.65,4.893677508065031,204.34530030880637,False
2026-05-08T22:20:38.427,57.1,29.6,55.65,4.893677508065031,204.34530030880637,0.3012005506457518,-0.1637375962996499,512,0.41813120185017505,772.4648661883654,56.7,29.6,56.2,4.709667505955103,212.32921405503842,False
2026-05-08T22:20:39.238,56.7,29.6,56.2,4.709667505955103,212.32921405503842,-0.6704753805964403,-0.4485718528679896,320,0.2757140735660052,706.5879858029987,55.7,29.6,54.55,6.636168704316079,150.68935775391196,False
2026-05-08T22:20:39.889,55.7,29.6,54.55,6.636168704316079,150.68935775391196,-0.9534240562603225,-0.11112108920421182,256,0.4444394553978941,740.2715018671607,56.0,29.6,56.75,8.902485706879185,112.32817809831177,False
2026-05-08T22:20:41.798,56.0,29.6,56.75,8.902485706879185,112.32817809831177,0.8843977987781384,0.5949775187630879,608,0.797488759381544,850.0600722425924,54.5,29.6,56.2,6.407759191546175,156.0607959985935,False
2026-05-08T22:20:42.821,54.5,29.6,56.2,6.407759191546175,156.0607959985935,-0.6415605561353832,0.7552649059541401,320,0.87763245297707,811.0221808626745,58.2,29.6,56.75,7.578380906596887,131.9543069060454,False
2026-05-08T22:20:44.278,58.2,29.6,56.75,7.578380906596887,131.9543069060454,0.10147179568543474,0.599886045562652,480,0.799943022781326,568.0878830635282,55.4,29.6,56.2,6.269761777803773,159.49569304853057,False
2026-05-08T22:20:45.279,55.4,29.6,56.2,6.269761777803773,159.49569304853057,-0.36266081811882755,-0.41620830984640356,384,0.2918958450767982,698.9607854711295,54.7,29.6,56.75,6.489534704366074,154.09425260137883,False
2026-05-08T22:20:48.488,54.7,29.6,56.75,6.489534704366074,154.09425260137883,0.8498426028706396,0.9830816157819582,608,0.9915408078909791,616.5795223150441,58.1,29.5,55.65,5.356620137185565,186.68488233056087,False
2026-05-08T22:20:50.443,58.1,29.5,55.65,5.356620137185565,186.68488233056087,-0.6488265531761706,0.9639491838198682,320,0.9819745919099341,815.0786443972358,68.9,29.8,56.75,7.2000830720980815,138.88728643634985,False
2026-05-08T22:20:52.119,68.9,29.8,56.75,7.2000830720980815,138.88728643634985,0.047363554758818704,0.8434724192192073,448,0.9217362096096037,732.0671941797833,61.3,29.9,57.3,6.29184273515907,158.93594962441762,False
2026-05-08T22:20:53.938,61.3,29.9,57.3,6.29184273515907,158.93594962441762,0.43070763835866566,0.7972304590244916,544,0.8986152295122458,610.8048027104861,56.3,29.9,56.75,5.321262581163635,187.92532500460135,False
2026-05-08T22:20:54.740,56.3,29.9,56.75,5.321262581163635,187.92532500460135,-0.8014568032397453,-0.3266304138520566,288,0.3366847930739717,476.63615224268915,59.7,29.8,57.85,7.079058337486874,141.2617261118671,False
2026-05-08T22:20:56.623,59.7,29.8,57.85,7.079058337486874,141.2617261118671,0.7668960006452221,0.18340192336364147,608,0.5917009616818207,820.9792276157871,52.0,29.8,55.65,5.444192664084206,183.68196382855507,False
2026-05-08T22:20:58.496,52.0,29.8,55.65,5.444192664084206,183.68196382855507,0.8835539267196346,0.14186429220527397,608,0.570932146102637,725.1135918485892,56.2,29.8,55.65,4.576942252739606,218.48647957081675,False
2026-05-08T22:21:00.900,56.2,29.8,55.65,4.576942252739606,218.48647957081675,0.49628247375428236,0.9425646388895117,544,0.9712823194447558,773.6339173828784,51.5,29.8,56.75,4.629307191169303,216.01504473662135,False
2026-05-08T22:21:01.729,51.5,29.8,56.75,4.629307191169303,216.01504473662135,-0.6598270916055304,0.15789037224299585,320,0.5789451861214979,852.9820932350068,53.5,29.8,56.75,6.765539291727684,147.80787707828605,False
2026-05-08T22:21:10.527,53.5,29.8,56.75,6.765539291727684,147.80787707828605,-0.8731820421171386,0.9905990902524828,288,0.9952995451262414,698.6860946267577,62.8,29.3,56.75,9.195755042833662,108.74582841126345,False
2026-05-08T22:21:12.007,62.8,29.3,56.75,9.195755042833662,108.74582841126345,0.35510056473389606,-0.2742191993222103,512,0.36289040033889486,876.8172084573794,59.4,29.5,57.3,6.98927977379027,143.07625855098692,False
2026-05-08T22:21:13.867,59.4,29.5,57.3,6.98927977379027,143.07625855098692,0.8471349586063124,0.4554307227502934,608,0.7277153613751467,839.1649096246367,56.3,29.5,56.75,5.412468510692257,184.75858067802403,False
2026-05-08T22:21:15.568,56.3,29.5,56.75,5.412468510692257,184.75858067802403,0.4746820573040116,0.49659649811548046,544,0.7482982490577402,864.313739830186,58.7,29.6,57.3,4.809216508296567,207.93407788459118,False
2026-05-08T22:21:16.300,58.7,29.6,57.3,4.809216508296567,207.93407788459118,-0.880565355339705,-0.8652842497212669,288,0.06735787513936653,839.6931410111887,56.2,29.6,56.75,7.053375664959856,141.77608672792724,False
2026-05-08T22:21:17.748,56.2,29.6,56.75,7.053375664959856,141.77608672792724,0.370402239242543,-0.7146066047184112,512,0.1426966976407944,872.4412624153782,54.9,29.8,56.75,5.857611321740362,170.7180529866377,False
2026-05-08T22:21:18.945,54.9,29.8,56.75,5.857611321740362,170.7180529866377,-0.1395151259485432,-0.9416827999755348,416,0.029158600012232583,844.5996475056177,54.8,29.8,57.3,5.761658955826351,173.56112322281277,False
2026-05-08T22:21:19.842,54.8,29.8,57.3,5.761658955826351,173.56112322281277,-0.5150808015964614,-0.3219384931361513,352,0.33903075343192435,356.8327200947894,55.5,29.8,56.75,6.6886162023567115,149.50775612564723,False
2026-05-08T22:21:20.623,55.5,29.8,56.75,6.6886162023567115,149.50775612564723,-0.857789591994309,0.20526875200018102,288,0.6026343760000905,227.10017002395895,60.2,29.8,56.75,8.145638661041108,122.76508222526388,False
2026-05-08T22:21:21.890,60.2,29.8,56.75,8.145638661041108,122.76508222526388,-0.016280452522069444,0.22421515954974325,448,0.6121075797748716,699.7466763012109,58.4,29.7,56.75,6.885050093586158,145.24222575106035,False
2026-05-08T22:21:23.054,58.4,29.7,56.75,6.885050093586158,145.24222575106035,-0.007288839169988126,-0.6118001707132374,448,0.19409991464338128,775.2417128429399,55.0,29.7,56.75,6.312927678363996,158.4051094751574,False
2026-05-08T22:21:25.061,55.0,29.7,56.75,6.312927678363996,158.4051094751574,0.990101699088324,-0.6977892561325045,640,0.15110537193374773,837.9208160985875,54.8,29.7,56.75,4.886960099661327,204.62618470515062,False
2026-05-08T22:21:26.067,54.8,29.7,56.75,4.886960099661327,204.62618470515062,-0.7492951945633037,-0.37010744668842377,320,0.3149462766557881,844.9768401743937,66.8,29.7,55.65,6.186747528261177,161.6358184057102,False
2026-05-08T22:21:27.434,66.8,29.7,55.65,6.186747528261177,161.6358184057102,-0.0625122552090902,-0.3776982574254826,448,0.3111508712872587,794.4002509309308,56.6,29.8,55.65,5.639093115242293,177.3334789058601,False
2026-05-08T22:21:29.040,56.6,29.8,55.65,5.639093115242293,177.3334789058601,0.1015800140978953,0.7088981253415443,480,0.8544490626707721,328.17493900426314,57.1,29.8,56.75,5.250780963808187,190.44786040260553,False
2026-05-08T22:21:30.218,57.1,29.8,56.75,5.250780963808187,190.44786040260553,0.04541116598583517,0.02481056572062834,448,0.5124052828603142,565.1974055392287,55.4,29.8,55.1,5.463883994558083,183.01999108985103,False
2026-05-08T22:21:31.889,55.4,29.8,55.1,5.463883994558083,183.01999108985103,0.490535066842972,-0.0263966055125453,544,0.48680169724372735,620.2685843731527,58.0,29.8,57.3,4.764762731720995,209.87403912950097,False
2026-05-08T22:21:33.025,58.0,29.8,57.3,4.764762731720995,209.87403912950097,-0.10556971532924564,0.03252622986847098,416,0.5162631149342355,773.0610085735146,55.9,29.7,55.65,5.400392762143399,185.17171695547253,False
2026-05-08T22:21:34.182,55.9,29.7,55.65,5.400392762143399,185.17171695547253,-0.08483005015416034,-0.7739194602327333,416,0.11304026988363336,665.7932989781394,54.7,29.7,56.2,5.607394312955328,178.33595145780978,False
2026-05-08T22:21:36.078,54.7,29.7,56.2,5.607394312955328,178.33595145780978,0.7612836308931727,0.46467499286942027,608,0.7323374964347101,749.8796837792354,54.5,29.7,55.1,4.67760977397416,213.78440022165137,False
2026-05-08T22:21:37.447,54.5,29.7,55.1,4.67760977397416,213.78440022165137,0.17000022584910535,-0.9046094205037334,480,0.04769528974813331,688.1467529585176,54.5,29.7,56.2,4.701796555267738,212.68465962859088,False
2026-05-08T22:21:38.031,54.5,29.7,56.2,4.701796555267738,212.68465962859088,-0.9485399086033379,-0.7979492338249865,256,0.10102538308750675,604.7225570513996,56.0,29.7,56.75,8.414170785000243,118.84712416138237,False
2026-05-08T22:21:39.834,56.0,29.7,56.75,8.414170785000243,118.84712416138237,0.7698508749081203,-0.5173972752098925,608,0.24130136239505373,679.2457815715483,54.7,29.7,56.75,6.146488311033365,162.69452562122862,False
2026-05-08T22:21:40.816,54.7,29.7,56.75,6.146488311033365,162.69452562122862,-0.5299307786537246,-0.22657064557327056,352,0.3867146772133647,639.4518615802691,53.7,29.7,56.2,6.497626743904357,153.90234610477336,False
2026-05-08T22:21:41.610,53.7,29.7,56.2,6.497626743904357,153.90234610477336,-0.7422403318948896,-0.5636110134148309,320,0.21819449329258456,356.17705591422737,57.4,29.7,56.75,7.600298017491214,131.57378798813082,False
2026-05-08T22:21:42.408,57.4,29.7,56.75,7.600298017491214,131.57378798813082,-0.7072198129826008,-0.9104305549759037,320,0.044784722512048125,615.1331567106309,52.8,29.7,56.2,8.119137104528782,123.16579793217298,False
2026-05-08T22:21:43.307,52.8,29.7,56.2,8.119137104528782,123.16579793217298,-0.5268501532241321,-0.7475804551822283,352,0.12620977240888587,639.0893627461276,56.8,29.7,55.65,7.910115509356019,126.42040420487012,False
2026-05-08T22:21:45.435,56.8,29.7,55.65,7.910115509356019,126.42040420487012,0.7088362506744816,0.7999232570048975,576,0.8999616285024488,743.8917876875298,53.6,29.7,55.65,5.97459669324247,167.37531440926276,False
2026-05-08T22:21:47.293,53.6,29.7,55.65,5.97459669324247,167.37531440926276,0.8955661152799255,-0.505755323316611,608,0.2471223383416945,674.0095674035468,52.0,29.7,57.3,4.804567738644215,208.13526926819574,False
2026-05-08T22:21:48.227,52.0,29.7,57.3,4.804567738644215,208.13526926819574,-0.4459890313618413,-0.5777019668179011,352,0.21114901659104945,725.2042054184207,54.5,29.7,56.2,5.992017854328924,166.8886883034822,False
2026-05-08T22:21:49.688,54.5,29.7,56.2,5.992017854328924,166.8886883034822,0.2950496980986723,0.002739175504963942,512,0.501369587752482,668.2718867585418,55.7,29.7,56.2,5.280390053229623,189.37994919302866,False
2026-05-08T22:21:50.470,55.7,29.7,56.2,5.280390053229623,189.37994919302866,-0.8853224603188998,-0.4246713774939246,288,0.2876643112530377,552.9390315142141,54.9,29.7,56.2,7.020286012250474,142.44433891368377,False
2026-05-08T22:21:51.638,54.9,29.7,56.2,7.020286012250474,142.44433891368377,-0.2098636619610721,0.22462005082883452,416,0.6123100254144173,730.9092965461713,54.5,29.7,55.65,6.438487617003581,155.315977832911,False
2026-05-08T22:21:53.114,54.5,29.7,55.65,6.438487617003581,155.315977832911,-0.12233748528330723,0.6875610659586584,416,0.8437805329793292,723.5891701338187,56.5,29.8,56.75,5.890587932653194,169.76234145605693,False
2026-05-08T22:21:54.417,56.5,29.8,56.75,5.890587932653194,169.76234145605693,-0.02131823383850784,0.46629903397712846,448,0.7331495169885642,832.424613740444,56.4,29.8,56.75,5.635079896230873,177.45977313806472,False
2026-05-08T22:21:55.025,56.4,29.8,56.75,5.635079896230873,177.45977313806472,-0.9744369285185586,-0.5868263981744444,256,0.2065868009127778,752.1724553844649,56.0,29.8,56.2,8.80724200888311,113.54292285727878,False
2026-05-08T22:21:56.441,56.0,29.8,56.2,8.80724200888311,113.54292285727878,0.1864911030448586,0.5676301845061571,480,0.7838150922530785,857.8788235139866,55.7,29.8,56.2,7.0719795859427474,141.4031231068228,False
2026-05-08T22:21:58.036,55.7,29.8,56.2,7.0719795859427474,141.4031231068228,0.49420471656527853,-0.8235977018421263,544,0.08820114907893684,811.2835275351209,54.8,29.8,55.1,5.681971739545558,175.99524352438607,False
2026-05-08T22:21:59.959,54.8,29.8,55.1,5.681971739545558,175.99524352438607,0.8635893592959807,0.11328347546389272,608,0.5566417377319464,837.8205466954942,55.1,29.8,56.2,4.662195537879352,214.49121811284223,False
2026-05-08T22:22:01.760,55.1,29.8,56.2,4.662195537879352,214.49121811284223,0.7169654429013628,-0.37676868552778386,576,0.31161565723610807,828.3710342816206,53.4,29.9,57.85,4.174026873742681,239.57679963457934,False
2026-05-08T22:22:02.919,53.4,29.9,57.85,4.174026873742681,239.57679963457934,0.06031427605886597,-0.9380993769439294,448,0.03095031152803529,752.4505689341484,55.2,29.9,56.75,4.960999748428915,201.57227387820112,False
2026-05-08T22:22:03.673,55.2,29.9,56.75,4.960999748428915,201.57227387820112,-0.8087984235327743,-0.49939687070795236,288,0.2503015646460238,787.857826585384,55.9,29.9,56.2,7.116054813784269,140.52730426737773,False
2026-05-08T22:22:04.637,55.9,29.9,56.2,7.116054813784269,140.52730426737773,-0.4757093795068801,-0.3748792490540933,352,0.31256037547295334,800.4210065317081,54.5,29.9,58.4,7.113165993272063,140.58437564171044,False
2026-05-08T22:22:05.735,54.5,29.9,58.4,7.113165993272063,140.58437564171044,-0.49779397049441276,-0.3510885914856581,352,0.32445570425717096,791.8945997837652,67.3,29.8,56.2,6.898221962067177,144.9648917502115,False
2026-05-08T22:22:07.227,67.3,29.8,56.2,6.898221962067177,144.9648917502115,0.28138387173168367,0.33757863990245185,512,0.6687893199512259,825.7547808848657,53.8,29.7,56.75,5.792577388284069,172.63472422873045,False
2026-05-08T22:22:08.250,53.8,29.7,56.75,5.792577388284069,172.63472422873045,-0.31924477272526586,0.20370800015114932,384,0.6018540000755747,684.0553794034947,54.1,29.7,55.1,6.259456083898732,159.75828995306975,False
2026-05-08T22:22:09.086,54.1,29.7,55.1,6.259456083898732,159.75828995306975,-0.7455839480814159,-0.26686252008163547,320,0.36656873995918227,674.0436450499725,52.8,29.7,56.2,7.368734612863938,135.70851069249449,False
2026-05-08T22:22:10.040,52.8,29.7,56.2,7.368734612863938,135.70851069249449,-0.6305342669201697,0.516075548619493,320,0.7580377743097465,733.789028135442,55.6,29.7,56.75,8.057420434555496,124.10919947919622,False
2026-05-08T22:22:11.404,55.6,29.7,56.75,8.057420434555496,124.10919947919622,0.1711075532940074,-0.7123348896788204,480,0.1438325551605898,880.4131277366347,56.3,29.7,56.75,6.544449493525619,152.8012403471512,False
2026-05-08T22:22:13.061,56.3,29.7,56.75,6.544449493525619,152.8012403471512,0.43681961926522694,0.10739963845051759,544,0.5536998192252588,844.8492220575662,56.5,29.6,58.4,5.3717095959918275,186.1604731473502,False
2026-05-08T22:22:15.037,56.5,29.6,58.4,5.3717095959918275,186.1604731473502,0.9722090645026022,0.012328049570525579,640,0.5061640247852628,867.7992030284522,56.4,29.7,58.4,4.404382429031472,227.04658737363573,False
2026-05-08T22:22:16.153,56.4,29.7,58.4,4.404382429031472,227.04658737363573,-0.09391183997655972,-0.22205130593369593,416,0.38897434703315203,852.8500276321544,55.3,29.6,57.85,5.18769233139526,192.76393743478695,False
2026-05-08T22:22:17.549,55.3,29.6,57.85,5.18769233139526,192.76393743478695,0.37985287370384757,-0.13828510644989245,512,0.4308574467750538,860.796817642242,54.6,29.6,55.65,4.948149052433677,202.09577144976348,False
2026-05-08T22:22:19.322,54.6,29.6,55.65,4.948149052433677,202.09577144976348,0.47451658127479734,-0.07756630447372181,544,0.4612168477631391,872.7070531188787,57.7,29.8,56.2,4.382563873770168,228.17693678922575,False
2026-05-08T22:22:21.770,57.7,29.8,56.2,4.382563873770168,228.17693678922575,0.9703161279833423,0.9193594510881327,640,0.9596797255440663,623.4924891399023,46.5,29.8,55.1,3.903129763018424,256.2046513223444,False
2026-05-08T22:22:22.806,46.5,29.8,55.1,3.903129763018424,256.2046513223444,-0.3095676522150428,0.2564371250208082,384,0.6282185625104041,140.45674176097606,58.2,29.7,56.2,5.380555887629118,185.85440257189464,False
2026-05-08T22:22:24.701,58.2,29.7,56.2,5.380555887629118,185.85440257189464,0.5855139177543034,0.7576090238079123,576,0.8788045119039561,576.5294508974803,57.5,29.8,56.2,4.619150964271515,216.49000167668467,False
2026-05-08T22:22:25.813,57.5,29.8,56.2,4.619150964271515,216.49000167668467,-0.21693044196329536,-0.8982224549904081,416,0.050888772504795954,755.6031810409091,55.2,30.0,55.1,5.2332994764294725,191.0840387606235,False
2026-05-08T22:22:26.667,55.2,30.0,55.1,5.2332994764294725,191.0840387606235,-0.7358843674446578,-0.5255952595932323,320,0.23720237020338386,661.0487732887166,56.7,30.0,56.2,6.602331381969549,151.46164924876717,False
2026-05-08T22:22:27.587,56.7,30.0,56.2,6.602331381969549,151.46164924876717,-0.49710303047627846,-0.8790775568818054,352,0.06046122155909728,700.5173939701635,56.7,30.0,56.75,6.945185287106419,143.98463952523738,False
2026-05-08T22:22:29.279,56.7,30.0,56.75,6.945185287106419,143.98463952523738,0.4887418621507327,0.2591014731213672,544,0.6295507365606836,750.50566077378,55.6,29.9,56.2,5.580507507263148,179.19517153206567,False
2026-05-08T22:22:30.589,55.6,29.9,56.2,5.580507507263148,179.19517153206567,0.19352556263035758,0.018432791772225343,480,0.5092163958861127,670.621525453047,56.3,29.9,56.75,5.323822510280351,187.83496220412883,False
2026-05-08T22:22:31.412,56.3,29.9,56.75,5.323822510280351,187.83496220412883,-0.6937358633058595,0.36013104735059365,320,0.6800655236752968,514.9377613416522,53.6,29.8,56.2,6.884321104877762,145.25760561799885,False
2026-05-08T22:22:32.572,53.6,29.8,56.2,6.884321104877762,145.25760561799885,-0.19902393893394144,-0.6856830761070336,416,0.1571584619464832,555.6571829734631,56.6,29.8,56.2,6.3899939347958306,156.4946712319456,False
2026-05-08T22:22:34.584,56.6,29.8,56.2,6.3899939347958306,156.4946712319456,0.993166157258998,0.1074893804079593,640,0.5537446902039797,714.0614591927518,51.3,29.9,55.1,4.943022723325412,202.30536171341961,False
2026-05-08T22:22:36.378,51.3,29.9,55.1,4.943022723325412,202.30536171341961,0.7745281747299277,-0.8269776113772196,608,0.0865111943113902,672.8607097972631,54.6,30.1,55.65,4.305749918568394,232.24758030826067,False
2026-05-08T22:22:36.990,54.6,30.1,55.65,4.305749918568394,232.24758030826067,-0.9725072260784569,-0.7007901632234423,256,0.14960491838827883,545.0626020654939,54.4,30.1,56.2,7.915100349993051,126.34078606481317,False
2026-05-08T22:22:38.193,54.4,30.1,56.2,7.915100349993051,126.34078606481317,-0.23920646698195958,-0.04520605901612873,416,0.47739697049193563,319.01407331925293,54.6,30.1,55.65,6.925301774043271,144.39803962739944,False
2026-05-08T22:22:40.183,54.6,30.1,55.65,6.925301774043271,144.39803962739944,0.22271674894022375,0.9098501453323387,480,0.9549250726661693,696.842917001945,59.6,30.0,55.65,6.039085286134154,165.5879909985735,False
2026-05-08T22:22:41.031,59.6,30.0,55.65,6.039085286134154,165.5879909985735,-0.616337438287629,-0.10314320378305775,320,0.4484283981084711,783.2970134399648,54.5,29.9,55.1,7.1942680791654965,138.9995464439234,False
2026-05-08T22:22:42.233,54.5,29.9,55.1,7.1942680791654965,138.9995464439234,-0.15765277027572333,-0.35146470612769254,416,0.32426764693615373,831.0872283583756,56.9,29.9,55.65,6.449428006721164,155.05250992147933,False
2026-05-08T22:22:44.024,56.9,29.9,55.65,6.449428006721164,155.05250992147933,0.6124422374375422,-0.7940916079774405,576,0.10295419601127975,872.833931887203,52.8,29.6,56.75,5.115225119314701,195.49481727091074,False
2026-05-08T22:22:45.796,52.8,29.6,56.75,5.115225119314701,195.49481727091074,0.4449895684819174,0.7286576385533621,544,0.864328819276681,833.6938265362267,52.3,29.8,55.65,4.631052636404032,215.93362859647615,False
2026-05-08T22:22:47.225,52.3,29.8,55.65,4.631052636404032,215.93362859647615,-0.37401879992704057,0.8171712940371421,384,0.908585647018571,757.5257509563959,61.3,29.9,55.65,5.1998791856116675,192.31216039923606,False
2026-05-08T22:22:48.017,61.3,29.9,55.65,5.1998791856116675,192.31216039923606,-0.8762758099526611,0.4966205879810026,288,0.7483102939905013,685.3271932434897,57.9,29.9,56.75,7.233967807372578,138.23672245000026,False
2026-05-08T22:22:50.228,57.9,29.9,56.75,7.233967807372578,138.23672245000026,0.9590559574510333,0.33547196067215146,640,0.6677359803360757,844.9921205807958,54.8,29.9,56.2,5.366527525765114,186.3402349468856,False
2026-05-08T22:22:51.669,54.8,29.9,56.2,5.366527525765114,186.3402349468856,0.24351312075737863,-0.44219652197268267,480,0.27890173901365867,854.4539030257249,54.6,29.7,55.1,5.00884384159357,199.6468709397514,False
2026-05-08T22:22:53.698,54.6,29.7,55.1,5.00884384159357,199.6468709397514,0.9888941390153934,-0.530260053022396,640,0.234869973488802,826.3646831588724,55.0,29.9,57.85,4.183976982564278,239.0070509869582,False
2026-05-08T22:22:55.467,55.0,29.9,57.85,4.183976982564278,239.0070509869582,0.6591143316058454,-0.7494775618490492,576,0.12526121907547538,863.4461482227899,56.0,29.8,58.4,3.9586256483325286,252.6129239882091,False
2026-05-08T22:22:57.235,56.0,29.8,58.4,3.9586256483325286,252.6129239882091,0.656215081010689,-0.7169086083450706,576,0.14154569582746468,883.5202178897313,53.6,29.7,57.85,3.8275881885415726,261.261125999302,False
2026-05-08T22:22:58.097,53.6,29.7,57.85,3.8275881885415726,261.261125999302,-0.8917557937451261,0.2130780632202396,288,0.6065390316101198,828.3865651588084,56.4,29.7,56.75,6.153243166767833,162.51592418787482,False
2026-05-08T22:23:00.637,56.4,29.7,56.75,6.153243166767833,162.51592418787482,-0.7874709059354841,0.9701553880449718,288,0.9850776940224859,682.1453069038512,62.2,29.7,56.2,8.801569809983013,113.61609594526752,False
2026-05-08T22:23:02.258,62.2,29.7,56.2,8.801569809983013,113.61609594526752,0.4371665980194497,-0.19803133677301132,544,0.40098433161349434,868.5472184007707,57.9,29.8,55.1,6.582864292327052,151.9095572372036,False
2026-05-08T22:23:03.082,57.9,29.8,55.1,6.582864292327052,151.9095572372036,-0.6002259800274505,-0.9774321401189827,320,0.011283929940508641,863.9395703634708,55.6,29.8,56.75,7.543233551965478,132.56914201462558,False
2026-05-08T22:23:04.351,55.6,29.8,56.75,7.543233551965478,132.56914201462558,-0.03507793040175766,-0.20643066378099384,448,0.3967846681095031,774.1394908018785,53.0,29.7,57.3,6.565976554450905,152.30026968678803,False
2026-05-08T22:23:05.562,53.0,29.7,57.3,6.565976554450905,152.30026968678803,-0.09064657580537094,-0.0064263987089245855,416,0.4967868006455377,838.0962380520857,52.6,29.7,56.2,6.155788904007335,162.44871544393175,False
2026-05-08T22:23:07.195,52.6,29.7,56.2,6.155788904007335,162.44871544393175,0.4539364921893123,0.2959262489265322,544,0.6479631244632661,828.7636356781303,58.2,29.7,56.75,5.199245774285361,192.33558931678905,False
2026-05-08T22:23:08.057,58.2,29.7,56.75,5.199245774285361,192.33558931678905,-0.7005962778011914,-0.9659470876964931,320,0.017026456151753466,852.4240717579437,54.8,29.7,56.75,6.577765124643939,152.0273194695639,False
2026-05-08T22:23:09.158,54.8,29.7,56.75,6.577765124643939,152.0273194695639,-0.7184777944589107,0.9006917876627789,320,0.9503458938313895,733.536886654336,59.7,29.7,56.75,7.6249476708209984,131.14844103478646,False
2026-05-08T22:23:09.935,59.7,29.7,56.75,7.6249476708209984,131.14844103478646,-0.6085176351515194,-0.47455596628145846,320,0.26272201685927077,673.2465530970122,55.9,29.6,55.65,8.357484088902577,119.65323407888296,False
2026-05-08T22:23:11.602,55.9,29.6,55.65,8.357484088902577,119.65323407888296,0.44749597165569144,0.38326929345573757,544,0.6916346467278688,846.7195204796401,56.7,29.6,56.2,6.30912890937348,158.50048625798388,False
2026-05-08T22:23:12.784,56.7,29.6,56.2,6.30912890937348,158.50048625798388,-0.012021513124296002,0.3153963218072866,448,0.6576981609036433,724.5263072720684,54.0,29.6,55.1,6.169779975129371,162.0803341498465,False
2026-05-08T22:23:13.927,54.0,29.6,55.1,6.169779975129371,162.0803341498465,-0.4105418267710663,0.6343521580886751,384,0.8171760790443375,822.8976405604222,57.9,29.6,56.75,6.544472235879377,152.8007093555391,False
2026-05-08T22:23:14.856,57.9,29.6,56.75,6.544472235879377,152.8007093555391,-0.7605967113816601,0.6899782719161898,288,0.8449891359580949,854.472619569806,55.4,29.7,55.1,7.634763970585634,130.97981861033142,False
2026-05-08T22:23:16.784,55.4,29.7,55.1,7.634763970585634,130.97981861033142,0.8620520269348262,0.009140785608113156,608,0.5045703928040566,881.1242117489886,52.6,29.9,56.2,5.671710921159568,176.3136404341906,False
2026-05-08T22:23:17.744,52.6,29.9,56.2,5.671710921159568,176.3136404341906,-0.5049176686406838,-0.3003277810745879,352,0.34983610946270605,873.4456111415655,56.3,30.0,56.2,6.378682464412784,156.7721869804753,False
2026-05-08T22:23:19.205,56.3,30.0,56.2,6.378682464412784,156.7721869804753,0.24562879902933732,0.1829714664329849,480,0.5914857332164924,674.5643040000551,57.3,30.0,56.75,5.641511913777267,177.25744716728806,False
2026-05-08T22:23:20.589,57.3,30.0,56.75,5.641511913777267,177.25744716728806,0.4003020237149386,-0.9463250976515878,512,0.026837451174206106,659.8313505154772,56.9,30.0,54.55,5.230330940997286,191.1924907392813,False
2026-05-08T22:23:21.975,56.9,30.0,54.55,5.230330940997286,191.1924907392813,0.20380290833497594,-0.39676284064832945,480,0.3016185796758353,730.0870494610068,56.4,29.9,56.2,4.997428122732898,200.10292803433842,False
2026-05-08T22:23:23.786,56.4,29.9,56.2,4.997428122732898,200.10292803433842,0.7756416615798942,-0.2963900735153209,608,0.35180496324233956,747.8149408096704,56.0,29.8,56.75,4.317591467880918,231.6106114807573,False
2026-05-08T22:23:25.328,56.0,29.8,56.75,4.317591467880918,231.6106114807573,0.4222562321641006,0.47384044976253437,544,0.7369202248812672,789.8967989850737,55.9,29.8,55.1,4.265281216906916,234.4511297487618,False
2026-05-08T22:23:27.505,55.9,29.8,55.1,4.265281216906916,234.4511297487618,0.3313063105410381,0.9438015943450906,512,0.9719007971725453,578.5263164035114,56.1,29.8,55.1,4.599411296071699,217.41912945556487,False
2026-05-08T22:23:28.375,56.1,29.8,55.1,4.599411296071699,217.41912945556487,-0.7397990616804468,-0.07503727271714444,320,0.4624813636414278,622.1174911952171,51.8,29.8,56.2,6.414433359908689,155.89841594585297,False
2026-05-08T22:23:29.653,51.8,29.8,56.2,6.414433359908689,155.89841594585297,0.07366278456285169,0.6966305346729702,448,0.8483152673364851,574.5424850061898,56.8,29.8,57.85,6.006588734772862,166.48384701467577,False
2026-05-08T22:23:30.438,56.8,29.8,57.85,6.006588734772862,166.48384701467577,-0.7683704348124891,0.3975572816778348,288,0.6987786408389174,375.66075471801537,54.6,29.7,55.1,7.537008764011886,132.67863038382728,False
2026-05-08T22:23:32.480,54.6,29.7,55.1,7.537008764011886,132.67863038382728,0.9626154094765018,-0.8202798400503775,640,0.08986007997481127,643.4667883971863,48.5,29.8,56.2,5.5101714615086514,181.48255584885302,False
2026-05-08T22:23:33.629,48.5,29.8,56.2,5.5101714615086514,181.48255584885302,-0.16743494936676306,-0.40778700021449876,416,0.2961064998927506,631.3379193679367,57.9,29.8,56.2,5.721144504016848,174.7902013832887,False
2026-05-08T22:23:34.644,57.9,29.8,56.2,5.721144504016848,174.7902013832887,-0.36360618293348135,0.06589815986375158,384,0.5329490799318758,688.6802796570864,54.5,29.8,57.3,6.252915715234628,159.92539249547153,False
2026-05-08T22:23:35.435,54.5,29.8,57.3,6.252915715234628,159.92539249547153,-0.6677771044460494,-0.7013505067257808,320,0.1493247466371096,780.1396720146156,53.8,29.8,55.65,7.44687252214068,134.28455999842197,False
2026-05-08T22:23:36.537,53.8,29.8,55.65,7.44687252214068,134.28455999842197,-0.50991798636643,0.05362157868005912,352,0.5268107893400296,768.7415430998791,56.6,29.7,56.2,7.221657718988443,138.47236173636773,False
2026-05-08T22:23:37.524,56.6,29.7,56.2,7.221657718988443,138.47236173636773,-0.5766200894697773,-0.5335846495977181,352,0.23320767520114094,747.8428489298394,55.6,29.8,56.2,7.088441072485776,141.07474263721568,False
2026-05-08T22:23:40.323,55.6,29.8,56.2,7.088441072485776,141.07474263721568,0.4109110935257274,0.9753906473888883,512,0.9876953236944441,662.354874793639,58.4,29.7,57.3,6.282174557776774,159.1805497926015,False
2026-05-08T22:23:41.123,58.4,29.7,57.3,6.282174557776774,159.1805497926015,-0.7132046890680848,-0.1530203197267752,320,0.4234898401366124,720.9380700472112,56.0,29.7,55.1,7.584295184808198,131.85140815761767,False
2026-05-08T22:23:42.353,56.0,29.7,55.1,7.584295184808198,131.85140815761767,-0.3064835687619676,0.2479169116377995,384,0.6239584558188997,782.8895152611133,61.5,29.8,55.1,6.919500741250211,144.51909717106565,False
2026-05-08T22:23:43.614,61.5,29.8,55.1,6.919500741250211,144.51909717106565,-0.20720296652194237,0.11201685075040779,416,0.5560084253752039,330.38649146191966,55.1,29.9,56.75,6.405895034430698,156.10621070516362,False
2026-05-08T22:23:44.596,55.1,29.9,56.75,6.405895034430698,156.10621070516362,-0.5845710246485392,0.7641769845773412,320,0.8820884922886706,167.82939766525018,60.4,29.9,57.3,7.567814102587548,132.13855235398623,False
2026-05-08T22:23:47.129,60.4,29.9,57.3,7.567814102587548,132.13855235398623,0.3734076387691998,0.9506031145964895,512,0.9753015572982447,672.9311605804625,59.5,29.6,55.65,6.456408809710096,154.88486393489413,False
2026-05-08T22:23:48.279,59.5,29.6,55.65,6.456408809710096,154.88486393489413,-0.19285791563051902,-0.009484814223923443,416,0.4952575928880383,847.305835623484,54.0,29.7,56.75,6.222104308738982,160.71733136898624,False
2026-05-08T22:23:49.636,54.0,29.7,56.75,6.222104308738982,160.71733136898624,0.13621361230373852,-0.558605061637421,480,0.22069746918128952,825.8452543541406,53.6,29.7,55.65,5.601750742475216,178.51561877209394,False
2026-05-08T22:23:51.175,53.6,29.7,55.65,5.601750742475216,178.51561877209394,0.2810170675827366,0.39761439403381993,512,0.69880719701691,804.3351245455929,57.6,29.6,55.65,5.109588220207243,195.71048720623526,False
2026-05-08T22:23:52.584,57.6,29.6,55.65,5.109588220207243,195.71048720623526,0.1572377451518514,-0.4700716260672726,480,0.2649641869663637,817.1892304060304,53.1,29.7,56.75,4.919874798303182,203.25720490791565,False
2026-05-08T22:23:55.319,53.1,29.7,56.75,4.919874798303182,203.25720490791565,0.668737219472922,0.9511333330291094,576,0.9755666665145547,833.7470766582845,52.9,29.7,55.65,4.462640195910165,224.082595974567,False
2026-05-08T22:23:57.166,52.9,29.7,55.65,4.462640195910165,224.082595974567,0.6822913211706556,0.7408867340952676,576,0.8704433670476338,234.52693199753998,55.6,29.8,56.75,4.116992007362967,242.89578367205144,False
2026-05-08T22:23:58.171,55.6,29.8,56.75,4.116992007362967,242.89578367205144,-0.2587344111430694,-0.8914715943740563,384,0.05426420281297184,133.53553094231805,55.3,29.8,58.4,5.3017289741470215,188.61771412237965,False
2026-05-08T22:23:59.192,55.3,29.8,58.4,5.3017289741470215,188.61771412237965,-0.5025447108988266,0.6312868250337522,352,0.8156434125168761,444.79412225950614,56.7,29.8,56.2,6.1946378913762254,161.42993626667595,False
2026-05-08T22:24:01.228,56.7,29.8,56.2,6.1946378913762254,161.42993626667595,-0.6211587117482935,0.9222186738134375,320,0.9611093369067187,506.9772558353242,65.2,29.8,55.65,7.0316888366265085,142.2133463573106,False
2026-05-08T22:24:03.374,65.2,29.8,55.65,7.0316888366265085,142.2133463573106,0.9226181402964371,0.6964037986116816,640,0.8482018993058408,876.7881599482589,50.8,29.8,55.65,5.256629986180383,190.23595014847686,False
2026-05-08T22:24:04.932,50.8,29.8,55.65,5.256629986180383,190.23595014847686,0.5587210600408605,-0.2809152759787352,544,0.3595423620106324,845.2573410436843,55.6,29.9,58.4,4.7456768681283314,210.71809728891097,False
2026-05-08T22:24:05.714,55.6,29.9,58.4,4.7456768681283314,210.71809728891097,-0.6936899116780131,-0.8495043360342851,320,0.07524783198285745,802.6928700939661,53.6,29.8,56.2,6.846793358873518,146.05377255967412,False
2026-05-08T22:24:07.067,53.6,29.8,56.2,6.846793358873518,146.05377255967412,0.004092094459399176,0.5435047448939521,448,0.771752372446976,825.4905921781063,59.6,29.8,56.75,6.258534114132286,159.78182458763268,False
2026-05-08T22:24:08.513,59.6,29.8,56.75,6.258534114132286,159.78182458763268,0.2166537385921523,-0.9232630270513302,480,0.038368486474334884,771.9065996290446,53.6,29.8,54.55,5.492583029199154,182.0637020294266,False
2026-05-08T22:24:09.341,53.6,29.8,54.55,5.492583029199154,182.0637020294266,-0.7209543052567509,-0.03266470206797423,320,0.4836676489660129,753.2579428202789,55.6,29.8,55.1,7.070005986302992,141.44259593801482,False
2026-05-08T22:24:10.116,55.6,29.8,55.1,7.070005986302992,141.44259593801482,-0.9114135101506107,-0.6477282923197105,288,0.17613585384014474,725.6629735943477,55.6,29.8,55.1,8.033584780707846,124.47743159460242,False
2026-05-08T22:24:12.341,55.6,29.8,55.1,8.033584780707846,124.47743159460242,0.684789389644068,0.8790066762527466,576,0.9395033381263733,811.9859182584075,58.5,29.9,55.65,5.957563732722898,167.85384846280965,False
2026-05-08T22:24:13.494,58.5,29.9,55.65,5.957563732722898,167.85384846280965,-0.1263983432068405,-0.824991684001579,416,0.08750415799921052,862.82525228756,53.6,29.9,56.2,5.899848619122062,169.49587431089154,False
2026-05-08T22:24:15.153,53.6,29.9,56.2,5.899848619122062,169.49587431089154,0.48809708946990193,0.11562140629155904,544,0.5578107031457795,870.5683590071234,55.7,29.8,57.3,4.988961936009197,200.4424994270304,False
2026-05-08T22:24:16.233,55.7,29.8,57.3,4.988961936009197,200.4424994270304,-0.2581877299931743,0.5650919292540499,384,0.782545964627025,862.0661360843769,58.7,29.8,58.4,5.971581185066223,167.45983500999833,False
2026-05-08T22:24:17.886,58.7,29.8,58.4,5.971581185066223,167.45983500999833,0.4921296763749712,-0.22572908675660197,544,0.387135456621699,621.0237929350576,55.5,29.8,55.65,5.027595983189331,198.90221953865813,False
2026-05-08T22:24:19.873,55.5,29.8,55.65,5.027595983189331,198.90221953865813,0.9462996121512375,-0.3555043501862811,640,0.32224782490685944,518.4795822575641,54.5,29.9,56.75,4.206595617774832,237.72192310916046,False
2026-05-08T22:24:21.145,54.5,29.9,56.75,4.206595617774832,237.72192310916046,-0.7327237462190066,0.8959759025522684,320,0.9479879512761342,550.8852156530434,63.6,30.0,56.75,6.2906163500458065,158.96693493201477,False
2026-05-08T22:24:22.875,63.6,30.0,56.75,6.2906163500458065,158.96693493201477,0.22604311607002803,0.7549462937879232,480,0.8774731468939616,564.1251158132557,60.7,30.0,58.4,5.514053967900756,181.35477197382383,False
2026-05-08T22:24:24.713,60.7,30.0,58.4,5.514053967900756,181.35477197382383,0.6033840556490475,0.4347625527136403,576,0.7173812763568201,723.9247744709282,55.7,29.9,57.85,4.709521483832538,212.33579747601343,False
2026-05-08T22:24:25.860,55.7,29.9,57.85,4.709521483832538,212.33579747601343,0.04579525999289369,-0.6126402607669477,448,0.19367986961652617,685.797867622318,54.3,29.9,57.3,5.236879345762608,190.9534159516477,False
2026-05-08T22:24:27.691,54.3,29.9,57.3,5.236879345762608,190.9534159516477,0.9058512406481576,-0.634975184877707,608,0.1825124075611465,701.4111535044335,55.0,29.8,56.75,4.448028726613839,224.8186919335101,False
2026-05-08T22:24:29.344,55.0,29.8,56.75,4.448028726613839,224.8186919335101,0.41880899642062364,-0.35822546950603584,544,0.3208872652469821,619.210900823643,54.5,29.7,55.1,4.222985751492197,236.79928345641443,False
2026-05-08T22:24:30.912,54.5,29.7,55.1,4.222985751492197,236.79928345641443,0.5225498862502203,-0.5038739985811769,544,0.24806300070941156,664.7985343101757,57.6,29.7,57.3,4.178198799165183,239.33758254868175,False
2026-05-08T22:24:32.115,57.6,29.7,57.3,4.178198799165183,239.33758254868175,-0.07585446834347742,-0.7844623641844843,448,0.10776881790775783,685.1014995551553,56.8,29.8,57.3,4.821521502082292,207.40340980914957,False
2026-05-08T22:24:33.520,56.8,29.8,57.3,4.821521502082292,207.40340980914957,0.27419347548884265,-0.659195203926656,512,0.170402398036672,762.7776053244565,58.0,29.8,56.75,4.768552485957881,209.70724406300113,False
2026-05-08T22:24:35.117,58.0,29.8,56.75,4.768552485957881,209.70724406300113,0.4397178911764805,0.24625194283735574,544,0.6231259714186779,404.7278114401482,54.1,29.7,58.4,4.464695268759434,223.979452079797,False
2026-05-08T22:24:36.338,54.1,29.7,58.4,4.464695268759434,223.979452079797,0.023104168416051785,-0.32743165433588217,448,0.3362841728320589,335.5159455913938,52.6,29.7,55.65,4.962864126187348,201.4965500915771,False
2026-05-08T22:24:37.616,52.6,29.7,55.65,4.962864126187348,201.4965500915771,-0.24317306187229382,0.4474816345626713,416,0.7237408172813357,596.151568612536,54.4,29.7,56.75,5.355982919295816,186.70709280967537,False
2026-05-08T22:24:39.197,54.4,29.7,56.75,5.355982919295816,186.70709280967537,-0.03434164107430471,0.8329366493133308,448,0.9164683246566654,689.1257164606468,58.2,29.6,55.1,5.483719109263825,182.35799100480318,False
2026-05-08T22:24:41.864,58.2,29.6,55.1,5.483719109263825,182.35799100480318,0.27961328699156374,0.950219558661398,512,0.975109779330699,755.7093270392554,60.3,29.6,57.3,5.449060225419758,183.5178835673388,False
2026-05-08T22:24:42.734,60.3,29.6,57.3,5.449060225419758,183.5178835673388,-0.5881168195453919,-0.4649837451568577,320,0.26750812742157115,828.4724520052873,56.5,29.8,57.3,6.696340993314947,149.33528638973348,False
2026-05-08T22:24:43.792,56.5,29.8,57.3,6.696340993314947,149.33528638973348,-0.29320224391230676,-0.5032738393252263,384,0.24836308033738685,783.2025904562272,57.6,29.8,56.2,6.661249178748251,150.12199261218976,False
2026-05-08T22:24:45.198,57.6,29.8,56.2,6.661249178748251,150.12199261218976,0.14020167324548471,-0.8255865459786587,480,0.08720672701067067,781.0307065268423,56.1,29.8,55.65,5.704421925215191,175.3026008787519,False
2026-05-08T22:24:47.012,56.1,29.8,55.65,5.704421925215191,175.3026008787519,0.6797940089220713,0.055730120524257076,576,0.5278650602621285,366.9933906736673,56.2,29.8,56.75,4.710897249773536,212.27378713218005,False
2026-05-08T22:24:48.361,56.2,29.8,56.75,4.710897249773536,212.27378713218005,0.18989582389913395,-0.234882345365371,480,0.3825588273173145,220.1537618630313,55.0,29.8,56.2,4.784253147232563,209.0190400101314,False
2026-05-08T22:24:49.753,55.0,29.8,56.2,4.784253147232563,209.0190400101314,0.17806674444315096,0.24455323895152992,480,0.622276619475765,184.87650524409327,55.8,29.8,56.75,4.806750500365991,208.040754335774,False
2026-05-08T22:24:51.600,55.8,29.8,56.75,4.806750500365991,208.040754335774,0.84358040716571,0.3821608325196544,608,0.6910804162598272,435.07755328555885,58.6,29.7,57.3,4.237655800205217,235.9795243284207,False
2026-05-08T22:24:52.540,58.6,29.7,57.3,4.237655800205217,235.9795243284207,-0.4387464355392534,-0.916558219138403,352,0.04172089043079852,550.6737756369803,57.9,29.9,57.85,5.624432750110835,177.79570748362028,False
2026-05-08T22:24:53.744,57.9,29.9,57.85,5.624432750110835,177.79570748362028,-0.06541317648785783,0.0325809967601014,448,0.5162904983800507,601.1099754180235,55.9,29.8,55.65,5.627044377973237,177.71318881266447,False
2026-05-08T22:24:55.324,55.9,29.8,55.65,5.627044377973237,177.71318881266447,0.5799918547659544,0.20606560261749363,544,0.6030328013087468,783.1718470823049,55.4,29.8,55.65,4.930995405295505,202.79880993725484,False
2026-05-08T22:24:57.376,55.4,29.8,55.65,4.930995405295505,202.79880993725484,-0.045094513639858835,0.9347750707178579,448,0.967387535358929,705.2263316183994,64.5,29.8,55.1,5.557604197817932,179.93364845820207,False
2026-05-08T22:24:59.112,64.5,29.8,55.1,5.557604197817932,179.93364845820207,-0.12551319229260316,0.830061950882657,416,0.9150309754413285,806.256416085135,55.9,29.8,55.65,5.717930990910002,174.88843457357837,False
2026-05-08T22:25:00.916,55.9,29.8,55.65,5.717930990910002,174.88843457357837,0.6247751608046752,-0.08294380328679885,576,0.4585280983566006,808.8445783902608,53.1,29.8,56.75,4.758758295755583,210.13885090400933,False
2026-05-08T22:25:01.848,53.1,29.8,56.75,4.758758295755583,210.13885090400933,-0.5500969797724846,-0.9051223757608164,352,0.04743881211959178,764.9791658321462,55.7,29.8,56.75,6.034548131364474,165.71249051814084,False
2026-05-08T22:25:02.931,55.7,29.8,56.75,6.034548131364474,165.71249051814084,-0.19694121300269174,-0.9977683088320377,416,0.0011158455839811454,803.5001899524589,57.5,29.8,56.2,6.125422100990357,163.25405555942345,False
2026-05-08T22:25:04.078,57.5,29.8,56.2,6.125422100990357,163.25405555942345,-0.14743988833089694,-0.7823586942177969,416,0.10882065289110154,812.7464077169822,55.3,29.8,56.2,6.001154674537106,166.63459854534315,False
2026-05-08T22:25:05.219,55.3,29.8,56.2,6.001154674537106,166.63459854534315,-0.9465242870084445,0.6866453683783544,256,0.8433226841891772,685.9017918102829,61.7,29.8,56.2,8.66475241347473,115.41010663442385,False
2026-05-08T22:25:07.101,61.7,29.8,56.2,8.66475241347473,115.41010663442385,0.8954928736581771,0.5336850351769156,608,0.7668425175884578,875.2223738748629,58.0,29.9,56.2,6.290233588854954,158.9766080820594,False
2026-05-08T22:25:07.740,58.0,29.9,56.2,6.290233588854954,158.9766080820594,-0.9837739893705009,-0.4796364316040078,256,0.2601817841979961,856.8408288424794,55.8,29.8,56.2,8.575069889276062,116.6171253310244,False
2026-05-08T22:25:09.103,55.8,29.8,56.2,8.575069889276062,116.6171253310244,0.20236016547801716,-0.2854149385499649,480,0.35729253072501754,587.2808979796662,55.6,29.8,56.2,6.849651711350977,145.99282447351868,False
2026-05-08T22:25:09.960,55.6,29.8,56.2,6.849651711350977,145.99282447351868,-0.9608572971950313,0.47904936443923596,256,0.739524682219618,191.40095617408585,66.8,29.9,56.75,8.569161010760386,116.69753885407096,False
2026-05-08T22:25:10.881,66.8,29.9,56.75,8.569161010760386,116.69753885407096,-0.583801110014647,0.386678293441594,320,0.693339146720797,661.675117699726,60.4,29.8,55.1,8.452166574034361,118.31285993251352,False
2026-05-08T22:25:11.837,60.4,29.8,55.1,8.452166574034361,118.31285993251352,-0.5522956091935076,-0.9800958338604517,352,0.009952083069774131,736.0859752430698,57.6,29.9,55.1,7.783185489870234,128.48209788928887,False
2026-05-08T22:25:12.570,57.6,29.9,55.1,7.783185489870234,128.48209788928887,-0.9614799585617793,0.46866420162830824,256,0.7343321008141541,694.7213618669612,54.5,29.9,55.65,9.086506518686763,110.05329693468663,False
2026-05-08T22:25:14.414,54.5,29.9,55.65,9.086506518686763,110.05329693468663,0.792574982058506,0.08934655037693151,608,0.5446732751884658,857.2347935758625,53.3,29.8,56.75,6.489642969869242,154.09168187570552,False
2026-05-08T22:25:15.449,53.3,29.8,56.75,6.489642969869242,154.09168187570552,-0.27985730677573994,0.5845444100660753,384,0.7922722050330376,428.32527876728443,55.2,29.8,55.1,6.743210712658451,148.29730859852648,False
2026-05-08T22:25:16.947,55.2,29.8,55.1,6.743210712658451,148.29730859852648,0.41535831830586223,-0.0367532623150435,512,0.48162336884247825,172.10565183556193,56.4,29.8,56.2,5.64363598503225,177.190733536349,False
2026-05-08T22:25:17.897,56.4,29.8,56.2,5.64363598503225,177.190733536349,-0.30242998533430576,-0.6660003473791707,384,0.16699982631041466,-12.719337386588132,57.4,29.8,56.75,6.301218429524567,158.69946601350415,False
2026-05-08T22:25:19.055,57.4,29.8,56.75,6.301218429524567,158.69946601350415,-0.8501881944269876,0.8880644584666648,288,0.9440322292333324,323.2865178515957,61.9,29.8,55.65,8.152920686188915,122.655430917414,False
2026-05-08T22:25:19.824,61.9,29.8,55.65,8.152920686188915,122.655430917414,-0.8404678821495537,-0.47265524861605157,288,0.2636723756919742,646.2316147137647,56.5,29.8,55.65,8.615670008073574,116.06758372394948,False
2026-05-08T22:25:21.675,56.5,29.8,55.65,8.615670008073574,116.06758372394948,0.6592547806442273,-0.09098253289672775,576,0.4545087335516361,672.8917771115655,55.8,29.7,56.2,6.254011738360288,159.89736537689737,False
2026-05-08T22:25:23.025,55.8,29.7,56.2,6.254011738360288,159.89736537689737,0.09054990947413555,-0.6143425739854151,480,0.19282871300729243,704.7237640360706,55.2,29.8,55.1,5.593998648660896,178.7630034982905,False
2026-05-08T22:25:24.235,55.2,29.8,55.1,5.593998648660896,178.7630034982905,-0.052366141485698625,-0.7227701739696994,448,0.13861491301515028,663.8021472328929,52.3,29.8,55.1,5.546126975890685,180.30600531633235,False
2026-05-08T22:25:25.976,52.3,29.8,55.1,5.546126975890685,180.30600531633235,0.65295864731657,-0.3878176921621641,576,0.30609115391891795,741.6240046147046,54.5,29.8,55.1,4.684959741260329,213.44900601664168,False
2026-05-08T22:25:27.105,54.5,29.8,55.1,4.684959741260329,213.44900601664168,-0.02242394542955295,-0.9850750703209077,448,0.007462464839546157,483.9841728961543,56.3,29.8,55.65,5.258514144872882,190.16778741101473,False
2026-05-08T22:25:28.943,56.3,29.8,55.65,5.258514144872882,190.16778741101473,0.6830954392332169,0.2801858770525745,576,0.6400929385262872,333.1697481232014,55.2,29.7,55.65,4.507673402867906,221.8439338049142,False
2026-05-08T22:25:29.873,55.2,29.7,55.65,4.507673402867906,221.8439338049142,-0.2671808006748808,0.0628971251700734,384,0.5314485625850367,489.74401544258376,55.9,29.8,56.2,5.856596810982753,170.74762567310782,False
2026-05-08T22:25:31.936,55.9,29.8,56.2,5.856596810982753,170.74762567310782,0.6211499209679381,0.8370830914487286,576,0.9185415457243643,708.9807030953324,52.6,29.8,54.55,4.826241371343882,207.20057764569427,False
2026-05-08T22:25:33.397,52.6,29.8,54.55,4.826241371343882,207.20057764569427,0.1334788549952537,0.8074697274325422,480,0.9037348637162711,689.6401181667733,54.8,29.8,55.65,4.851316989574226,206.12959370601027,False
2026-05-08T22:25:34.550,54.8,29.8,55.65,4.851316989574226,206.12959370601027,-0.2070540391421436,-0.10275318929643973,416,0.44862340535178014,843.110158547404,57.5,29.8,56.2,5.400080049139432,185.18244005648808,False
2026-05-08T22:25:36.806,57.5,29.8,56.2,5.400080049139432,185.18244005648808,0.9534769601531015,0.524045219039653,640,0.7620226095198265,857.0286717868388,49.8,30.0,57.85,4.283724858813911,233.44169687800226,False
2026-05-08T22:25:38.161,49.8,30.0,57.85,4.283724858813911,233.44169687800226,0.2116001698879697,-0.3502861043391077,480,0.32485694783044616,857.7888035361617,54.7,30.0,56.2,4.547957048608039,219.87894549401318,False
2026-05-08T22:25:39.005,54.7,30.0,56.2,4.547957048608039,219.87894549401318,-0.7178525077033469,-0.5095768022141047,320,0.24521159889294764,827.6759833168894,53.8,30.0,57.3,6.399888392655462,156.25272483620247,False
2026-05-08T22:25:41.052,53.8,30.0,57.3,6.399888392655462,156.25272483620247,0.9299790788590288,0.5526054268254879,640,0.7763027134127439,840.7120265981803,53.8,29.9,55.65,4.9371208966023445,202.54719723152527,False
2026-05-08T22:25:43.114,53.8,29.9,55.65,4.9371208966023445,202.54719723152527,0.99825358551516,-0.33536008601901557,640,0.3323199569904922,846.9944138729268,54.0,30.3,57.85,4.152361981946608,240.82678830692996,False
2026-05-08T22:25:44.094,54.0,30.3,57.85,4.152361981946608,240.82678830692996,-0.3638651255558172,0.10579463406706724,384,0.5528973170335336,762.5349629319867,53.1,30.2,57.3,5.5712486897565245,179.49297467884207,False
2026-05-08T22:25:45.293,53.1,30.2,57.3,5.5712486897565245,179.49297467884207,-0.118852269171968,0.6278901469296265,416,0.8139450734648133,797.369032351616,55.2,30.1,55.65,5.730115226125746,174.5165604071319,False
2026-05-08T22:25:46.389,55.2,30.1,55.65,5.730115226125746,174.5165604071319,-0.25888195585284324,0.49596873168150224,384,0.7479843658407511,823.2251245962783,56.3,30.1,56.2,6.249588789128758,160.01052769095995,False
2026-05-08T22:25:47.013,56.3,30.1,56.2,6.249588789128758,160.01052769095995,-0.9896134323391177,-0.45759474948780987,256,0.27120262525609506,671.2668935031937,58.1,30.1,55.65,8.928810367151817,111.99700283465512,False
2026-05-08T22:25:48.836,58.1,30.1,55.65,8.928810367151817,111.99700283465512,0.8374711274018802,-0.18675182088842512,608,0.40662408955578744,860.6270546841348,54.0,30.1,55.1,6.418363626326261,155.80295200139344,False
2026-05-08T22:25:50.421,54.0,30.1,55.1,6.418363626326261,155.80295200139344,0.4281191960266253,-0.4933878229388722,544,0.2533060885305639,850.2454539017913,55.3,30.1,56.75,5.3552340479220675,186.7332017707086,False
2026-05-08T22:25:51.532,55.3,30.1,56.75,5.3552340479220675,186.7332017707086,-0.3030108618223264,0.7194123524888141,384,0.859706176244407,771.0233055183634,59.9,30.1,56.2,6.199678290756061,161.29869214198345,False
2026-05-08T22:25:53.305,59.9,30.1,56.2,6.199678290756061,161.29869214198345,0.5631631580648673,0.7501875216162153,544,0.8750937608081076,851.1379220584648,53.3,30.0,56.2,5.229503993196508,191.22272423942732,False
2026-05-08T22:25:55.175,53.3,30.0,56.2,5.229503993196508,191.22272423942732,0.7013573651118981,0.16182787875838867,576,0.5809139393791943,876.7754226104189,67.3,29.9,57.3,4.434523995853413,225.50334622950948,False
2026-05-08T22:25:56.996,67.3,29.9,57.3,4.434523995853413,225.50334622950948,0.48824499802547905,0.8329631262510613,544,0.9164815631255306,766.647781376031,60.4,29.9,55.65,4.309286624536473,232.05697070743457,False
2026-05-08T22:25:58.414,60.4,29.9,55.65,4.309286624536473,232.05697070743457,0.3474514102593169,-0.9953355551778804,512,0.0023322224110597922,761.626715203028,57.8,29.9,56.75,4.417366536566874,226.37922203693526,False
2026-05-08T22:25:59.433,57.8,29.9,56.75,4.417366536566874,226.37922203693526,-0.4479589866754483,0.663674553698274,352,0.831837276849137,764.2676914290893,57.1,29.9,56.2,5.8837491559603015,169.959658967954,False
2026-05-08T22:26:00.217,57.1,29.9,56.2,5.8837491559603015,169.959658967954,-0.664234027451245,-0.04823900548011739,320,0.4758804972599413,149.57422078891102,57.3,29.8,55.65,7.588171963351409,131.78404559486785,False
2026-05-08T22:26:01.413,57.3,29.8,55.65,7.588171963351409,131.78404559486785,0.4933061337958815,-0.2961812140368931,544,0.35190939298155344,44.418795438135106,46.2,29.7,55.65,6.5531324051567434,152.59877844267075,False
2026-05-08T22:26:02.241,46.2,29.7,55.65,6.5531324051567434,152.59877844267075,-0.09709674519606781,-0.5457540931198559,416,0.22712295344007205,99.32807154183185,53.7,29.7,58.4,7.332123564428704,136.38613577810276,False
2026-05-08T22:26:03.519,53.7,29.7,58.4,7.332123564428704,136.38613577810276,-0.7006770609361004,0.917225576771838,320,0.958612788385919,509.1652195108219,57.1,29.9,56.2,8.885648131622501,112.54103079337241,False
2026-05-08T22:26:05.012,57.1,29.9,56.2,8.885648131622501,112.54103079337241,0.42443817958032937,0.8617710390539253,544,0.9308855195269626,601.3945948787004,52.5,29.8,56.75,7.1741431547381325,139.389468321322,False
2026-05-08T22:26:05.639,52.5,29.8,56.75,7.1741431547381325,139.389468321322,-0.7323400196932386,-0.08507080487974239,320,0.4574645975601288,657.8302887630438,53.3,29.8,56.2,9.332672332408059,107.15044570111628,False
2026-05-08T22:26:06.250,53.3,29.8,56.2,9.332672332408059,107.15044570111628,-0.6170383776082671,0.07670416962604021,320,0.5383520848130201,712.2285823486997,52.6,29.8,55.1,10.595847800099955,94.37659155415261,False
2026-05-08T22:26:07.151,52.6,29.8,55.1,10.595847800099955,94.37659155415261,-0.019872901690969336,-0.3367764909500195,448,0.33161175452499025,642.8337903562906,50.0,29.8,56.75,9.210685699864142,108.56954982350013,False
2026-05-08T22:26:08.417,50.0,29.8,56.75,9.210685699864142,108.56954982350013,0.5590358597771707,0.4115452911891604,544,0.7057726455945802,750.1460841041587,47.4,29.7,55.1,7.420856425903142,134.75533585441883,False
2026-05-08T22:26:08.990,47.4,29.7,55.1,7.420856425903142,134.75533585441883,-0.9917552066897732,0.5135016503423295,256,0.7567508251711648,629.6034848150761,52.9,29.8,55.65,11.933331639033273,83.79889457936918,False
2026-05-08T22:26:10.059,52.9,29.8,55.65,11.933331639033273,83.79889457936918,0.08414939197105298,0.7066821626590458,480,0.8533410813295229,844.775219227171,49.8,29.8,55.1,9.448337779513803,105.83872246483746,False
2026-05-08T22:26:10.773,49.8,29.8,55.1,9.448337779513803,105.83872246483746,-0.800390304542494,0.6530957831746871,288,0.8265478915873435,765.4270001474674,52.0,29.8,56.75,10.954801844400478,91.28417055860739,False
2026-05-08T22:26:12.415,52.0,29.8,56.75,10.954801844400478,91.28417055860739,0.9488758554347907,-0.714951948359348,640,0.14252402582032597,854.7690791480265,46.0,29.9,55.65,7.659764068164606,130.55232394900838,False
2026-05-08T22:26:13.172,46.0,29.9,55.65,7.659764068164606,130.55232394900838,-0.3371567587154862,-0.11110576462475552,384,0.44444711768762224,841.1995357370532,50.8,29.9,55.1,8.627160791749859,115.91298970065546,False
2026-05-08T22:26:14.248,50.8,29.9,55.1,8.627160791749859,115.91298970065546,0.25701402112296634,-0.46971598072780063,512,0.2651420096360997,796.6635294110317,48.3,29.9,55.1,7.54378794980637,132.5593994228944,False
2026-05-08T22:26:14.749,48.3,29.9,55.1,7.54378794980637,132.5593994228944,-0.97899106387738,0.15951007668462736,256,0.5797550383423137,689.3723628746635,46.1,29.9,54.0,11.737190155236863,85.19926718183254,False
2026-05-08T22:26:15.474,46.1,29.9,54.0,11.737190155236863,85.19926718183254,-0.5140312118125832,-0.1104205054718852,352,0.4447897472640574,810.9169524010498,47.7,29.9,57.85,10.914336962408226,91.62260643447753,False
2026-05-08T22:26:16.546,47.7,29.9,57.85,10.914336962408226,91.62260643447753,0.34385438294091064,-0.21100086296534326,512,0.39449956851732837,852.8645474504203,46.7,29.9,58.95,8.674392497525035,115.28184830065258,False
2026-05-08T22:26:17.780,46.7,29.9,58.95,8.674392497525035,115.28184830065258,0.5372504859692746,-0.2873782185274225,544,0.35631089073628874,774.4752729482341,45.7,29.9,57.3,7.125723417731728,140.33662849046164,False
2026-05-08T22:26:18.854,45.7,29.9,57.3,7.125723417731728,140.33662849046164,0.16530984148479289,0.3933727138056833,480,0.6966863569028416,783.3503098560069,50.7,29.9,55.65,6.882136223646671,145.30372074938748,False
2026-05-08T22:26:19.911,50.7,29.9,55.65,6.882136223646671,145.30372074938748,0.13550943698710927,-0.5315417247078205,480,0.23422913764608977,856.4165098205289,46.7,29.9,56.75,6.599876362642657,151.51798989149395,False
2026-05-08T22:26:21.735,46.7,29.9,56.75,6.599876362642657,151.51798989149395,0.8807625133061443,0.7960305333741364,608,0.8980152666870682,830.1207334897223,49.0,29.8,55.1,5.51908036682341,181.18960651692143,False
2026-05-08T22:26:23.720,49.0,29.8,55.1,5.51908036682341,181.18960651692143,-0.4954756595227807,0.9649422290520075,352,0.9824711145260038,646.514510948299,58.0,29.8,56.75,7.788676496140849,128.3915181861106,False
2026-05-08T22:26:24.913,58.0,29.8,56.75,7.788676496140849,128.3915181861106,0.11965189807350995,-0.49365628175809895,480,0.2531718591209505,839.6775034719369,50.0,30.0,55.1,6.815319062735026,146.7282735841122,False
2026-05-08T22:26:25.705,50.0,30.0,55.1,6.815319062735026,146.7282735841122,-0.7471437810907031,0.6687988350628,320,0.8343994175314,758.9455920666893,55.2,30.0,57.3,8.899545629422791,112.36528713262615,False
2026-05-08T22:27:10.052,55.2,30.0,57.3,8.899545629422791,112.36528713262615,-0.4719564729978081,0.9992081809481577,352,0.9996040904740788,782.7441674368154,62.9,29.2,56.2,9.364674810489078,106.78427390558522,False
2026-05-08T22:27:11.125,62.9,29.2,56.2,9.364674810489078,106.78427390558522,0.2415385527236309,0.10507994262326181,480,0.5525399713116309,849.4424107588723,46.4,29.6,56.75,8.025748426754342,124.59897156337925,False
2026-05-08T22:27:12.691,46.4,29.6,56.75,8.025748426754342,124.59897156337925,-0.008275223887043603,0.9106470264034112,448,0.9553235132017056,795.1151710375603,44.5,29.6,56.75,7.682619531470742,130.16393638961873,False
2026-05-08T22:27:14.121,44.5,29.6,56.75,7.682619531470742,130.16393638961873,0.897558646044049,-0.7209221104156933,608,0.13953894479215334,858.5896403545145,46.8,29.5,55.1,6.186761360273244,161.63545702946496,False
2026-05-08T22:27:15.312,46.8,29.5,55.1,6.186761360273244,161.63545702946496,0.5006024159182239,-0.5963350050116447,544,0.20183249749417764,878.8737000086521,45.4,29.6,55.65,5.841659415881084,171.1842353016009,False
2026-05-08T22:27:16.811,45.4,29.6,55.65,5.841659415881084,171.1842353016009,0.9018270444091898,0.6700334651098163,608,0.8350167325549082,773.9541663149616,48.2,29.6,56.2,5.193307237986776,192.5555246732634,False
2026-05-08T22:27:18.236,48.2,29.6,56.2,5.193307237986776,192.5555246732634,0.9093393825683038,-0.6969453397657999,608,0.15152733011710007,583.971623553007,46.8,29.6,56.2,4.858896009176186,205.8080679461892,False
2026-05-08T22:27:19.125,46.8,29.6,56.2,4.858896009176186,205.8080679461892,-0.14935143761225,-0.12132195708921412,416,0.43933902145539294,609.8855744384883,48.5,29.8,56.2,6.339423533518233,157.74304946068546,False
2026-05-08T22:27:19.859,48.5,29.8,56.2,6.339423533518233,157.74304946068546,-0.32887820408868484,-0.287004701698381,384,0.3564976491508095,707.760613501669,53.2,29.8,56.2,7.85399655884521,127.32371252108521,False
2026-05-08T22:27:20.454,53.2,29.8,56.2,7.85399655884521,127.32371252108521,-0.6454313463755745,0.11416644550764787,320,0.5570832227538239,736.7271818220963,51.7,29.8,55.1,9.963860050067844,100.36271033264774,False
2026-05-08T22:27:21.352,51.7,29.8,55.1,9.963860050067844,100.36271033264774,0.0402714405632465,-0.44491595864901856,448,0.2775420206754907,772.2848774020679,51.0,29.8,56.75,8.748778843415788,114.30166631227469,False
2026-05-08T22:27:22.337,51.0,29.8,56.75,8.748778843415788,114.30166631227469,0.03976641473003251,-0.4382739929968156,448,0.2808630035015922,848.3794207686877,51.5,29.8,56.2,8.157010053866163,122.59393986231902,False
2026-05-08T22:27:23.181,51.5,29.8,56.2,8.157010053866163,122.59393986231902,-0.498558534468577,0.6839752795184302,352,0.8419876397592151,475.5157613743148,49.7,29.8,56.2,9.109430953014995,109.77634115213584,False
2026-05-08T22:27:23.663,49.7,29.8,56.2,9.109430953014995,109.77634115213584,-0.9993893602542818,0.18029309122858272,256,0.5901465456142914,52.40551052106481,53.8,29.8,55.65,12.679895476934881,78.86500340787751,False
2026-05-08T22:27:24.252,53.8,29.8,55.65,12.679895476934881,78.86500340787751,-0.8544113542270642,0.014213819336488687,288,0.5071069096682443,366.681195950432,52.3,29.7,57.3,12.59013113470878,79.42729025618928,False
2026-05-08T22:27:26.822,52.3,29.7,57.3,12.59013113470878,79.42729025618928,0.4315920801815394,0.9657711259525583,544,0.9828855629762792,719.908384544325,54.6,29.5,56.75,9.150114552153699,109.2882492672866,False
2026-05-08T22:27:27.636,54.6,29.5,56.75,9.150114552153699,109.2882492672866,-0.30121653637255275,0.06436122434547764,384,0.5321806121727388,746.8837249883903,51.0,29.7,56.75,9.120391395333407,109.64441729021256,False
2026-05-08T22:27:28.638,51.0,29.7,56.75,9.120391395333407,109.64441729021256,0.17931709422704678,-0.9439060379852307,480,0.028046981007384675,845.4046198082257,48.5,29.7,57.85,7.977087016951169,125.35904370543001,False
2026-05-08T22:27:29.450,48.5,29.7,57.85,7.977087016951169,125.35904370543001,-0.569914206841609,-0.937681711034698,352,0.031159144482651002,816.6075964146347,53.6,29.7,58.4,8.542835956788803,117.05714648603572,False
2026-05-08T22:27:30.973,53.6,29.7,58.4,8.542835956788803,117.05714648603572,0.7532064299148866,-0.3290173682270867,608,0.33549131588645664,757.0596345353825,47.5,29.8,56.75,6.510966715638034,153.58702381294637,False
2026-05-08T22:27:32.462,47.5,29.8,56.75,6.510966715638034,153.58702381294637,0.8469704699750471,-0.4383954508634924,608,0.2808022745682538,816.7467373286943,45.8,29.9,56.75,5.483331162180738,182.37089287933813,False
2026-05-08T22:27:33.321,45.8,29.9,56.75,5.483331162180738,182.37089287933813,-0.505302619094548,0.6731539487187308,352,0.8365769743593654,744.3782098887666,53.6,29.9,56.2,7.759388132192143,128.87614112911825,False
2026-05-08T22:27:33.950,53.6,29.9,56.2,7.759388132192143,128.87614112911825,-0.6673588044643679,-0.5252525479747556,320,0.2373737260126222,865.0606609630988,54.3,29.9,57.3,9.608237258175677,104.07736332167454,False
2026-05-08T22:27:34.776,54.3,29.9,57.3,9.608237258175677,104.07736332167454,-0.10125967339261699,-0.9042516787867001,416,0.04787416060664995,832.7061855115269,49.0,29.9,55.1,8.973889464148778,111.43440132565254,False
2026-05-08T22:27:35.925,49.0,29.9,55.1,8.973889464148778,111.43440132565254,0.26253796516406847,0.7133736642476212,512,0.8566868321238106,873.9648607906303,50.7,29.8,57.3,7.697498811672478,129.91232924694984,False
2026-05-08T22:27:36.683,50.7,29.8,57.3,7.697498811672478,129.91232924694984,-0.33790865491448274,0.3505955504511442,384,0.6752977752255721,872.9899567044346,53.8,29.9,57.85,8.550368657093308,116.95402152869853,False
2026-05-08T22:27:38.100,53.8,29.9,57.85,8.550368657093308,116.95402152869853,0.8733212077979111,-0.4740043841656538,608,0.2629978079171731,756.1744760269402,45.2,29.7,54.55,6.6461035625228515,150.46410134788832,False
2026-05-08T22:27:38.704,45.2,29.7,54.55,6.6461035625228515,150.46410134788832,-0.7443661352004449,0.42297602870033724,320,0.7114880143501686,188.73618786544102,49.8,29.8,56.2,9.118149324950195,109.67137785994332,False
2026-05-08T22:27:40.246,49.8,29.8,56.2,9.118149324950195,109.67137785994332,0.8934260449828944,0.6386989424975145,608,0.8193494712487572,619.0031074441791,43.5,29.9,56.2,6.920721369443205,144.4936079084561,False
2026-05-08T22:27:41.702,43.5,29.9,56.2,6.920721369443205,144.4936079084561,0.8907818252736222,-0.3863027839129347,608,0.30684860804353264,755.7907409092023,48.5,29.9,55.65,5.747329404934687,173.99385515321163,False
2026-05-08T22:27:42.528,48.5,29.9,55.65,5.747329404934687,173.99385515321163,-0.7500203375941292,0.7282637960374467,288,0.8641318980187234,531.3708652244924,51.8,29.9,56.2,8.726907102565484,114.58813394564794,False
2026-05-08T22:27:43.357,51.8,29.9,56.2,8.726907102565484,114.58813394564794,-0.1925704513161508,-0.5719976689221724,416,0.2140011655389138,277.27009372145375,53.2,29.9,58.4,8.465813796357468,118.12213498367561,False
2026-05-08T22:27:44.267,53.2,29.9,58.4,8.465813796357468,118.12213498367561,-0.3165001288665663,0.755564031963238,384,0.877782015981619,614.275701985888,51.2,29.9,55.65,8.828696294486306,113.26700643497269,False
2026-05-08T22:27:44.741,51.2,29.9,55.65,8.828696294486306,113.26700643497269,-0.9257075856040644,-0.30099801713508256,256,0.3495009914324587,743.0897755390012,53.8,29.9,55.65,12.281059733396322,81.42619787775028,False
2026-05-08T22:27:45.606,53.8,29.9,55.65,12.281059733396322,81.42619787775028,-0.14313415849420785,-0.08657991679771548,416,0.45671004160114226,785.1910724742056,48.2,29.9,55.65,10.268797751877404,97.3823834262559,False
2026-05-08T22:27:46.668,48.2,29.9,55.65,10.268797751877404,97.3823834262559,0.34116421465217717,-0.7583865784524357,512,0.12080671077378213,704.7380935617806,49.3,29.8,57.3,8.377908002194118,119.3615398662896,False
2026-05-08T22:27:47.271,49.3,29.8,57.3,8.377908002194118,119.3615398662896,-0.6631355863229627,-0.6381693004790945,320,0.18091534976045276,626.9480826485594,51.8,29.8,56.75,9.919236337107126,100.81421250737563,False
2026-05-08T22:27:47.908,51.8,29.8,56.75,9.919236337107126,100.81421250737563,-0.7104906087576606,0.5082657426732144,320,0.7541328713366072,468.64689870016446,53.9,29.8,56.75,11.137148918923117,89.78958683949185,False
2026-05-08T22:27:49.343,53.9,29.8,56.75,11.137148918923117,89.78958683949185,0.4674694400900825,0.8311619933397147,544,0.9155809966698574,603.678161708154,53.4,29.8,56.2,8.233259758521054,121.45857525812238,False
2026-05-08T22:27:50.738,53.4,29.8,56.2,8.233259758521054,121.45857525812238,0.7033698974962728,0.012670825291155596,576,0.5063354126455778,212.876352234016,47.7,29.8,55.65,6.555812603837712,152.53639181428238,False
2026-05-08T22:27:51.657,47.7,29.8,55.65,6.555812603837712,152.53639181428238,-0.21541105402235727,0.4739002001100201,416,0.73695010005501,469.0657544470709,50.8,29.9,57.3,7.242681651749213,138.07040652663306,False
2026-05-08T22:27:52.853,50.8,29.9,57.3,7.242681651749213,138.07040652663306,0.5156115322977544,-0.9770493473073285,544,0.011475326346335746,685.669436415154,46.1,29.8,55.65,6.388981650594205,156.51946658932653,False
2026-05-08T22:27:54.243,46.1,29.8,55.65,6.388981650594205,156.51946658932653,0.6777716317935434,-0.14086127431518491,576,0.42956936284240754,753.9549394581331,49.0,29.6,56.2,5.605498160900595,178.39627652992348,False
2026-05-08T22:27:55.111,49.0,29.6,56.2,5.605498160900595,178.39627652992348,0.01724607265071021,0.23140894391631472,448,0.6157044719581574,783.7562836719762,49.5,29.7,54.55,6.623246905009425,150.9833491551795,False
2026-05-08T22:27:56.489,49.5,29.7,54.55,6.623246905009425,150.9833491551795,0.7371204886458205,-0.3171387286305509,576,0.34143063568472454,650.0880700213943,47.5,29.8,55.1,5.699373010243536,175.45789654453054,False
2026-05-08T22:27:57.139,47.5,29.8,55.1,5.699373010243536,175.45789654453054,-0.5937410157116569,0.40158128450050445,320,0.7007906422502522,722.8119753588436,51.0,29.8,55.65,8.554286606823732,116.90045540469764,False
2026-05-08T22:27:57.864,51.0,29.8,55.65,8.554286606823732,116.90045540469764,-0.34136911741412157,-0.3735433092351914,384,0.3132283453824043,609.7800934367838,52.3,29.8,55.1,9.029329324097803,110.75019684254549,False
2026-05-08T22:27:59.055,52.3,29.8,55.1,9.029329324097803,110.75019684254549,0.5639364159963707,-0.37652720713334586,544,0.31173639643332707,725.774083197413,47.2,29.9,57.3,7.333556158354432,136.35949304905694,False
2026-05-08T22:28:00.462,47.2,29.9,57.3,7.333556158354432,136.35949304905694,0.6585617754549713,0.568329967157837,576,0.7841649835789185,757.3109201186379,49.7,29.9,56.2,6.098586043381738,163.9724344112866,False
2026-05-08T22:28:01.056,49.7,29.9,56.2,6.098586043381738,163.9724344112866,-0.620945294136195,-0.3007780846921375,320,0.34961095765393124,359.45682856774323,49.0,29.9,55.1,9.180389748081822,108.92783720962859,False
2026-05-08T22:28:01.940,49.0,29.9,55.1,9.180389748081822,108.92783720962859,0.04150879246293182,-0.7651563192517616,448,0.11742184037411918,795.6783382372307,51.5,29.9,57.3,8.478502041643905,117.94536288229861,False
2026-05-08T22:28:03.311,51.5,29.9,57.3,8.478502041643905,117.94536288229861,0.3112527453895497,0.8675752070073264,512,0.9337876035036632,791.5194369254285,52.2,29.8,56.2,7.437847901430981,134.44749250755828,False
2026-05-08T22:28:04.550,52.2,29.8,56.2,7.437847901430981,134.44749250755828,-0.6432984271221869,0.8782698232696728,320,0.9391349116348364,781.5757061558522,55.8,29.8,56.2,9.549019038875251,104.72279884759627,False
2026-05-08T22:28:05.974,55.8,29.8,56.2,9.549019038875251,104.72279884759627,0.8187492033087913,-0.8410522068266797,608,0.07947389658666015,578.9445717271707,45.6,29.8,57.3,7.178413625193888,139.3065449015541,False
2026-05-08T22:28:07.247,45.6,29.8,57.3,7.178413625193888,139.3065449015541,0.5297543501357729,0.5709172640558986,544,0.7854586320279493,608.3925388153102,49.0,30.0,56.75,6.309711035639297,158.48586319590157,False
2026-05-08T22:28:08.719,49.0,30.0,56.75,6.309711035639297,158.48586319590157,0.6471629980915621,-0.40852067346131493,576,0.29573966326934253,701.0055025057209,45.4,29.9,55.1,5.498277896777845,181.87512868093296,False
2026-05-08T22:28:09.766,45.4,29.9,55.1,5.498277896777845,181.87512868093296,0.3872587973730035,0.08228413378592281,512,0.5411420668929614,769.6536366296189,48.3,30.0,56.2,5.8773787974663705,170.1438744140639,False
2026-05-08T22:28:10.591,48.3,30.0,56.2,5.8773787974663705,170.1438744140639,-0.22313101122236656,-0.38310254442586333,416,0.30844872778706833,772.0447394023134,50.3,30.0,56.2,6.989868488586914,143.06420809387245,False
2026-05-08T22:28:11.473,50.3,30.0,56.2,6.989868488586914,143.06420809387245,-0.39105999072078634,-0.321695153556927,384,0.3391524232215365,815.3395485364701,60.0,30.0,54.55,7.5814245950003025,131.90133166522116,False
2026-05-08T22:28:14.402,60.0,30.0,54.55,7.5814245950003025,131.90133166522116,0.7288358145469063,0.9499715713326033,576,0.9749857856663017,652.4684741888185,55.4,29.9,54.55,6.157400005228288,162.40621027558606,False
2026-05-08T22:28:15.481,55.4,29.9,54.55,6.157400005228288,162.40621027558606,0.31175099435958664,-0.22006020020121264,512,0.3899698998993937,847.0924834751089,47.5,30.0,54.55,6.194119836205653,161.44343771892093,False
2026-05-08T22:28:16.424,47.5,30.0,54.55,6.194119836205653,161.44343771892093,-0.1915364187672941,0.2878073959462637,416,0.6439036979731318,810.3740017075808,51.3,29.9,54.55,7.012535465521001,142.6017743392196,False
2026-05-08T22:28:17.909,51.3,29.9,54.55,7.012535465521001,142.6017743392196,0.7730387700443444,0.13580871562856056,608,0.5679043578142803,816.9291939808485,45.2,29.7,56.2,5.811745560228666,172.0653441615318,False
2026-05-08T22:28:19.113,45.2,29.7,56.2,5.811745560228666,172.0653441615318,0.44340844193088214,-0.40518346424536356,544,0.2974082678773182,854.5302254229416,46.2,29.8,55.1,5.635403133194707,177.44959435281794,False
2026-05-08T22:28:20.837,46.2,29.8,55.1,5.635403133194707,177.44959435281794,0.9780825628255663,0.688095215591239,640,0.8440476077956195,852.0530873602708,47.8,30.1,55.1,4.8453800962138915,206.38215787888038,False
2026-05-08T22:28:21.577,47.8,30.1,55.1,4.8453800962138915,206.38215787888038,-0.4923414745429533,0.1581490578701401,352,0.57907452893507,711.8799270655581,50.8,30.1,55.65,7.143011355285278,139.9969775016635,False
2026-05-08T22:28:22.717,50.8,30.1,55.65,7.143011355285278,139.9969775016635,0.19920153023734777,0.5487313826812585,480,0.7743656913406293,820.0052083195959,48.0,30.1,55.65,6.920617635953151,144.49577373050082,False
2026-05-08T22:28:23.285,48.0,30.1,55.65,6.920617635953151,144.49577373050082,-0.8512615595245028,-0.29006071037246683,288,0.3549696448137666,783.7599532843719,51.5,30.0,57.85,9.900848362374706,101.00144587611392,False
2026-05-08T22:28:24.361,51.5,30.0,57.85,9.900848362374706,101.00144587611392,0.26981217314553363,-0.04355017318676113,512,0.47822491340661943,865.3578316965002,47.5,30.0,55.1,8.21154596992825,121.77974813294963,False
2026-05-08T22:28:25.081,47.5,30.0,55.1,8.21154596992825,121.77974813294963,-0.27421535831948884,-0.29163854622952323,384,0.3541807268852384,878.1928995476513,51.5,30.0,54.0,8.919241077727595,112.11716235556396,False
2026-05-08T22:28:26.136,51.5,30.0,54.0,8.919241077727595,112.11716235556396,0.3490992956301433,-0.420090840023134,512,0.289954579988433,888.5018213328179,48.8,29.9,57.3,7.67202345089498,130.3437100265048,False
2026-05-08T22:28:27.335,48.8,29.9,57.3,7.67202345089498,130.3437100265048,0.47498585220852685,-0.31675249823852325,544,0.3416237508807384,877.5388600950369,47.2,29.8,56.2,6.621532672721154,151.02243686264933,False
2026-05-08T22:28:30.810,47.2,29.8,56.2,6.621532672721154,151.02243686264933,0.5128054644179119,0.9830199796662025,544,0.9915099898331012,730.8024151620028,57.1,29.6,56.2,6.002557498906956,166.59565529894488,False
2026-05-08T22:28:32.296,57.1,29.6,56.2,6.002557498906956,166.59565529894488,0.742930045344927,0.4024235045425326,576,0.7012117522712663,883.7914682404015,50.0,29.6,55.65,5.375097976979582,186.04312038269634,False
2026-05-08T22:28:33.165,50.0,29.6,55.65,5.375097976979582,186.04312038269634,-0.8017628886890389,0.9093069971569532,288,0.9546534985784766,760.8913195577937,51.5,29.7,56.2,8.145007586155467,122.7745940592808,False
2026-05-08T22:28:34.862,51.5,29.7,56.2,8.145007586155467,122.7745940592808,0.9276749388023375,0.8145113420110055,640,0.9072556710055028,692.9852992579653,47.0,30.1,57.85,6.205847404571682,161.13834820742235,False
2026-05-08T22:28:35.766,47.0,30.1,57.85,6.205847404571682,161.13834820742235,0.07527538094448083,0.412351556311519,448,0.7061757781557595,193.29851057927672,48.7,30.0,55.1,6.914710845311821,144.6192071325731,False
2026-05-08T22:28:36.384,48.7,30.0,55.1,6.914710845311821,144.6192071325731,-0.8852885686327423,0.8078560066816827,288,0.9039280033408413,214.15559059866237,52.8,30.1,54.55,9.502444325102003,105.23608092692146,False
2026-05-08T22:28:37.071,52.8,30.1,54.55,9.502444325102003,105.23608092692146,-0.7637880779388591,-0.14052428356179902,288,0.4297378582191005,544.0278009005605,56.1,30.1,55.65,10.375509871251907,96.38080560944425,False
2026-05-08T22:28:37.647,56.1,30.1,55.65,10.375509871251907,96.38080560944425,-0.8343276665890391,-0.3560585210774343,288,0.32197073946128285,579.6404963877674,55.8,30.1,55.1,11.341977958126998,88.16804297203367,False
2026-05-08T22:28:38.823,55.8,30.1,55.1,11.341977958126998,88.16804297203367,0.3089925530484312,-0.23567211666456944,512,0.3821639416677153,789.0444586625385,45.6,30.1,56.2,8.769599596820889,114.03029168657996,False
2026-05-08T22:28:40.290,45.6,30.1,56.2,8.769599596820889,114.03029168657996,0.6645658267003431,0.24517385185471374,576,0.6225869259273569,771.6974780502238,46.5,29.8,56.2,6.826784084854284,146.48185552236413,False
2026-05-08T22:28:41.335,46.5,29.8,56.2,6.826784084854284,146.48185552236413,0.21806609434579172,0.0034572079580477144,480,0.5017286039790239,716.5844978888762,48.7,29.9,58.95,6.677147207440348,149.76455796656685,False
2026-05-08T22:28:42.480,48.7,29.9,58.95,6.677147207440348,149.76455796656685,-0.08464902064098201,0.8337889565643051,416,0.9168944782821525,696.6722578332308,50.5,29.9,56.2,7.371292342660737,135.66142183950348,False
2026-05-08T22:28:43.160,50.5,29.9,56.2,7.371292342660737,135.66142183950348,-0.8129139556161511,0.39736163432046756,288,0.6986808171602338,631.3758859129257,53.0,29.9,56.2,10.059806387613866,99.4054916634628,False
2026-05-08T22:28:43.766,53.0,29.9,56.2,10.059806387613866,99.4054916634628,-0.8975307419020266,0.39522558242094763,288,0.6976127912104738,731.9439309651901,54.0,29.9,57.85,11.352161484808793,88.08895128369848,False
2026-05-08T22:28:45.219,54.0,29.9,57.85,11.352161484808793,88.08895128369848,0.9026832920692547,0.4446069183526504,608,0.7223034591763252,828.8561473539021,45.9,29.7,57.85,8.144025716109399,122.78939616091053,False
2026-05-08T22:28:45.816,45.9,29.7,57.85,8.144025716109399,122.78939616091053,-0.9747050866967555,0.6787496167875442,256,0.8393748083937721,766.9125202899202,52.5,29.8,55.1,12.158254961048087,82.24864531988695,False
2026-05-08T22:28:46.590,52.5,29.8,55.1,12.158254961048087,82.24864531988695,-0.43445125615399816,0.4793969843546577,352,0.7396984921773289,831.1948019700228,52.6,29.8,55.65,11.21804785432271,89.14206936768099,False
2026-05-08T22:28:48.015,52.6,29.8,55.65,11.21804785432271,89.14206936768099,0.29807469893447514,0.9600269913619448,512,0.9800134956809724,840.6309842054526,51.0,29.8,56.2,8.834196825613953,113.1964817786933,False
2026-05-08T22:28:49.121,51.0,29.8,56.2,8.834196825613953,113.1964817786933,0.20999626365224588,0.6811217656719157,480,0.8405608828359579,806.2372766127951,47.2,29.8,55.65,7.7263260112626035,129.4276216849131,False
2026-05-08T22:28:49.812,47.2,29.8,55.65,7.7263260112626035,129.4276216849131,-0.7923354859838194,0.576630750097266,288,0.788315375048633,703.7179800086044,52.8,29.8,56.2,9.829708048781304,101.73242125171569,False
2026-05-08T22:28:51.076,52.8,29.8,56.2,9.829708048781304,101.73242125171569,0.46694586837161234,0.8413034773589401,544,0.92065173867947,864.1570398729164,47.3,29.7,56.75,7.77788804776055,128.56960576694405,False
2026-05-08T22:28:51.930,47.3,29.7,56.75,7.77788804776055,128.56960576694405,-0.5971287406719255,0.9078586061885505,320,0.9539293030942753,702.3230360092218,54.8,29.8,56.75,9.884232100988825,101.17123816831045,False
2026-05-08T22:28:52.475,54.8,29.8,56.75,9.884232100988825,101.17123816831045,-0.8121121979234294,-0.5384251500029775,288,0.23078742499851124,589.6470477860254,52.6,29.8,56.75,11.617966175528714,86.07358507432491,False
2026-05-08T22:28:52.927,52.6,29.8,56.75,11.617966175528714,86.07358507432491,-0.9701067049114642,-0.038310882890579157,256,0.4808445585547104,602.2725855630478,54.5,29.8,56.2,13.980405583549004,71.5286830574299,False
2026-05-08T22:28:53.854,54.5,29.8,56.2,13.980405583549004,71.5286830574299,0.07886502136762497,0.6942293477996546,448,0.8471146738998273,806.367642620755,51.5,29.8,55.1,11.07346962183222,90.30593248103747,False
2026-05-08T22:28:54.426,51.5,29.8,55.1,11.07346962183222,90.30593248103747,-0.8325393383706203,0.12288224781269741,288,0.5614411239063487,775.0213270978679,54.3,29.8,55.1,12.017049458861186,83.21510229473304,False
2026-05-08T22:28:56.130,54.3,29.8,55.1,12.017049458861186,83.21510229473304,0.7092377326537624,0.24929052194702228,576,0.6246452609735111,626.0899639006151,50.0,29.8,55.65,8.327437470473328,120.08496053506367,False
2026-05-08T22:28:56.972,50.0,29.8,55.65,8.327437470473328,120.08496053506367,-0.10886178852517636,0.21263610193487725,416,0.6063180509674386,246.1248839086913,49.2,29.9,56.2,8.239648552408724,121.36439966334082,False
2026-05-08T22:28:57.906,49.2,29.9,56.2,8.239648552408724,121.36439966334082,-0.43944203827831774,0.9095598561269678,352,0.9547799280634839,493.4589150102408,53.7,29.9,55.1,8.947092376116267,111.76815416251215,False
2026-05-08T22:28:58.957,53.7,29.9,55.1,8.947092376116267,111.76815416251215,0.1380032824576134,0.8018869826067336,480,0.9009434913033668,715.6165920022785,51.0,29.8,56.2,7.773732165930265,128.6383398160634,False
2026-05-08T22:28:59.866,51.0,29.8,56.2,7.773732165930265,128.6383398160634,0.00935904318880243,0.35305890039577514,448,0.6765294501978876,791.4785727143308,48.7,29.8,57.3,7.798939183780431,128.22256674083505,False
2026-05-08T22:29:00.809,48.7,29.8,57.3,7.798939183780431,128.22256674083505,-0.3698540613680865,0.7414421248411445,384,0.8707210624205722,656.384921733124,56.3,29.8,55.1,8.64644683137697,115.65444390071468,False
2026-05-08T22:29:02.301,56.3,29.8,55.1,8.64644683137697,115.65444390071468,0.7800805473263954,0.50991943994082,608,0.75495971997041,454.854525667758,45.7,29.7,56.2,6.647694823855411,150.42808469658928,False
2026-05-08T22:29:03.371,45.7,29.7,56.2,6.647694823855411,150.42808469658928,0.3440714209795628,0.2291688002761163,512,0.6145844001380582,555.8049244579737,49.0,29.8,54.55,6.4842979199783395,154.21870067366376,False
2026-05-08T22:29:04.429,49.0,29.8,54.55,6.4842979199783395,154.21870067366376,0.34193854477658525,-0.9918500068237099,512,0.00407499658814503,639.6879927309185,47.8,29.8,56.2,6.365665110752677,157.09277547617643,False
2026-05-08T22:29:05.018,47.8,29.8,56.2,6.365665110752677,157.09277547617643,-0.7891010637732117,0.3117368760101542,288,0.6558684380050771,635.0793450754032,53.0,29.8,56.2,9.553745664648535,104.6709882282373,False
2026-05-08T22:29:05.707,53.0,29.8,56.2,9.553745664648535,104.6709882282373,-0.72203389976465,0.26743522846355416,320,0.6337176142317771,763.7130252969465,51.7,29.8,55.65,10.260228553950373,97.4637158170304,False
2026-05-08T22:29:06.407,51.7,29.8,55.65,10.260228553950373,97.4637158170304,-0.4628101427363176,-0.8295685118026195,352,0.08521574409869026,747.8190435304216,53.3,29.9,57.3,10.098197570517314,99.02757328888066,False
2026-05-08T22:29:07.120,53.3,29.9,57.3,10.098197570517314,99.02757328888066,-0.2500565458313231,-0.8322958170915447,384,0.08385209145422767,687.46572347569,52.2,29.8,56.75,9.911026788165849,100.89771941632111,False
2026-05-08T22:29:08.000,52.2,29.8,56.75,9.911026788165849,100.89771941632111,-0.24554777210501255,-0.13643963615090438,416,0.4317801819245478,602.4051860883885,48.5,29.8,56.2,8.94370130517994,111.81053189028441,False
2026-05-08T22:29:09.050,48.5,29.8,56.2,8.94370130517994,111.81053189028441,-0.07431164591390327,0.7915980845264761,448,0.895799042263238,787.3376973678487,50.8,29.8,56.2,8.370704106684904,119.46426337079491,False
2026-05-08T22:29:10.281,50.8,29.8,56.2,8.370704106684904,119.46426337079491,0.5240687863503279,-0.05598224716345257,544,0.4720088764182737,841.8005730464452,47.8,29.6,56.75,6.973816021344689,143.39351610930228,False
2026-05-08T22:29:11.922,47.8,29.6,56.75,6.973816021344689,143.39351610930228,0.9611198345572942,-0.07156403825626234,640,0.46421798087186883,850.6439968017091,46.2,29.7,55.65,5.540793391048067,180.4795684343042,False
2026-05-08T22:29:13.166,46.2,29.7,55.65,5.540793391048067,180.4795684343042,0.3003960230588749,0.7904093747756493,512,0.8952046873878247,849.0885944378672,47.5,29.9,54.0,5.8563618697816695,170.75447560027246,False
2026-05-08T22:29:13.964,47.5,29.9,54.0,5.8563618697816695,170.75447560027246,-0.36251202963877094,0.7185895363012631,384,0.8592947681506315,744.5347595089024,49.5,29.9,57.85,7.54136886502386,132.6019212026484,False
2026-05-08T22:29:14.905,49.5,29.9,57.85,7.54136886502386,132.6019212026484,0.07047337674288845,0.5330718083666528,448,0.7665359041833264,773.583372346435,48.2,29.8,55.65,7.596642083591373,131.63710873781775,False
2026-05-08T22:29:15.896,48.2,29.8,55.65,7.596642083591373,131.63710873781775,-0.2171777808258204,-0.1630720531526264,416,0.4184639734236868,832.6996185199273,51.0,29.9,57.3,7.47645052141282,133.75330942617282,False
2026-05-08T22:29:16.712,51.0,29.9,57.3,7.47645052141282,133.75330942617282,-0.44247864711414997,0.19562960145148067,352,0.5978148007257403,813.6396894255861,50.5,29.9,55.1,8.064912890342809,123.99389969821408,False
2026-05-08T22:29:17.934,50.5,29.9,55.1,8.064912890342809,123.99389969821408,0.5137979643443393,-0.4100165399267901,544,0.29499173003660495,795.4038115546655,46.8,29.9,55.1,6.7881810725615725,147.31486819673805,False
2026-05-08T22:29:18.529,46.8,29.9,55.1,6.7881810725615725,147.31486819673805,-0.7733840463968455,-0.2942948149440532,288,0.3528525925279734,683.8729062957444,51.2,29.9,56.2,9.606420478546756,104.09704657767368,False
2026-05-08T22:29:19.929,51.2,29.9,56.2,9.606420478546756,104.09704657767368,0.585509094218829,-0.1450381576884059,576,0.42748092115579706,841.7833766180923,44.9,29.8,55.1,7.263578533081394,137.6731862188285,False
2026-05-08T22:29:20.527,44.9,29.8,55.1,7.263578533081394,137.6731862188285,-0.6944879067322045,-0.5506872789755748,320,0.2246563605122126,671.6935761286859,50.3,29.9,56.2,9.646925706132684,103.65996696380549,False
2026-05-08T22:29:21.749,50.3,29.9,56.2,9.646925706132684,103.65996696380549,-0.31237400640907675,0.9064345813269803,384,0.9532172906634901,794.8643834133348,53.6,29.8,55.65,9.43008283231343,106.0436072282809,False
2026-05-08T22:29:22.659,53.6,29.8,55.65,9.43008283231343,106.0436072282809,0.0037080478701150277,-0.5055064962852374,448,0.24724675185738132,814.1902775602986,49.7,29.8,54.55,8.563160420523506,116.77931404896714,False
2026-05-08T22:29:24.093,49.7,29.8,54.55,8.563160420523506,116.77931404896714,0.5870484303417913,0.7506432910148089,576,0.8753216455074044,849.1371514601427,47.5,29.8,55.1,6.732030506219407,148.54359306247156,False
2026-05-08T22:29:25.391,47.5,29.8,55.1,6.732030506219407,148.54359306247156,0.5158836763469463,0.5058776728622598,544,0.7529388364311299,339.8377044212154,47.3,29.7,56.75,6.041499543073025,165.52182001678136,False
2026-05-08T22:29:26.132,47.3,29.7,56.75,6.041499543073025,165.52182001678136,-0.2687167460260007,-0.17175658294005625,384,0.4141217085299719,-9.00688669946161,52.3,29.8,55.65,7.759866355824273,128.86819877373745,False
2026-05-08T22:29:27.719,52.3,29.8,55.65,7.759866355824273,128.86819877373745,0.9662646731238096,-0.5525563990413012,640,0.22372180047934942,244.72698239658206,45.5,29.7,55.1,5.987741841847556,167.0078681434007,False
2026-05-08T22:29:28.613,45.5,29.7,55.1,5.987741841847556,167.0078681434007,-0.03196843156507345,0.47329540217037436,448,0.7366477010851872,463.28645205789286,52.5,29.8,56.2,6.832533264439068,146.35859955554818,False
2026-05-08T22:29:29.775,52.5,29.8,56.2,6.832533264439068,146.35859955554818,-0.28705500989982746,0.8776912953684148,384,0.9388456476842074,543.0374452829814,59.2,29.8,55.1,8.197227497738567,121.99246638889525,False
2026-05-08T22:29:31.211,59.2,29.8,55.1,8.197227497738567,121.99246638889525,0.6200427746536994,0.34401463201941707,576,0.6720073160097085,461.4480236126144,46.2,29.9,56.75,6.500668379255399,153.83033584533385,False
2026-05-08T22:29:32.928,46.2,29.9,56.75,6.500668379255399,153.83033584533385,0.9964069742785264,0.6720154000381593,640,0.8360077000190796,731.1192542000924,46.5,30.2,54.55,5.30204534911493,188.60645923500633,False
2026-05-08T22:29:33.975,46.5,30.2,54.55,5.30204534911493,188.60645923500633,-0.1328507911316661,0.598076943189856,416,0.799038471594928,670.7665468817796,51.4,30.3,55.65,6.398753656569042,156.2804342332178,False
2026-05-08T22:29:35.027,51.4,30.3,55.65,6.398753656569042,156.2804342332178,0.3263247125600508,-0.9289475663359761,512,0.03552621683201196,776.754743709287,46.5,30.4,56.75,6.325531816302347,158.08947437791247,False
2026-05-08T22:29:35.618,46.5,30.4,56.75,6.325531816302347,158.08947437791247,-0.6531122984432729,0.4702847110599544,320,0.7351423555299772,372.98275743744557,51.5,30.4,55.1,9.345608675639122,107.0021263148612,False
2026-05-08T22:29:36.914,51.5,30.4,55.1,9.345608675639122,107.0021263148612,0.4280689900009158,0.30781727036443995,544,0.65390863518222,834.8050826057943,47.2,30.2,54.55,7.441757367645374,134.37686161977186,False
2026-05-08T22:29:38.078,47.2,30.2,54.55,7.441757367645374,134.37686161977186,0.15634741227823068,-0.7926039295051823,480,0.10369803524740884,886.3946203121563,52.2,30.3,55.65,6.772661337732401,147.6524441623441,False
2026-05-08T22:29:39.161,52.2,30.3,55.65,6.772661337732401,147.6524441623441,0.10201070388101408,-0.6234710300088875,480,0.18826448499555626,803.2303603986005,52.0,30.3,57.3,6.548135096389242,152.71523651847346,False
2026-05-08T22:29:40.413,52.0,30.3,57.3,6.548135096389242,152.71523651847346,-0.9134232853917441,0.8371830019067341,288,0.9185915009533671,766.9516637022608,54.3,30.2,56.75,9.13459364177468,109.47394478794995,False
2026-05-08T22:29:40.918,54.3,30.2,56.75,9.13459364177468,109.47394478794995,-0.9961781870869559,-0.7564847751330954,256,0.12175761243345229,641.5524914742673,53.8,30.1,56.2,12.572975645265888,79.53566667223528,False
2026-05-08T22:29:41.986,53.8,30.1,56.2,12.572975645265888,79.53566667223528,0.252392979423127,-0.5589417751485413,512,0.22052911242572937,835.1703774493651,45.6,30.1,55.1,9.6062456058804,104.09894156650093,False
2026-05-08T22:29:43.050,45.6,30.1,55.1,9.6062456058804,104.09894156650093,0.20524625402434804,0.14695661884375677,480,0.5734783094218784,886.5263882662209,48.0,30.0,56.2,8.214771448714965,121.7319320741942,False
2026-05-08T22:29:44.324,48.0,30.0,56.2,8.214771448714965,121.7319320741942,0.5556940532701049,0.49837901551602504,544,0.7491895077580125,847.3174144614451,48.8,29.8,56.2,6.90276167110737,144.8695533246733,False
2026-05-08T22:29:45.862,48.8,29.8,56.2,6.90276167110737,144.8695533246733,0.8857796993290579,0.7213966105497243,608,0.8606983052748621,874.2384019090315,46.2,29.8,56.2,5.766583045400012,173.41291924993558,False
2026-05-08T22:29:46.616,46.2,29.8,56.2,5.766583045400012,173.41291924993558,-0.2614987691336019,-0.1890822645887662,384,0.4054588677056169,761.2107045646318,52.3,30.0,55.1,7.524482889636544,132.89949816714955,False
2026-05-08T22:29:47.659,52.3,30.0,55.1,7.524482889636544,132.89949816714955,0.38752803605250463,-0.9172060098457215,512,0.04139699507713923,451.54720341110146,49.3,30.0,56.2,6.939342317747147,144.10587548657628,False
2026-05-08T22:29:48.365,49.3,30.0,56.2,6.939342317747147,144.10587548657628,-0.5257674098237255,-0.6189193762356016,352,0.19054031188219922,482.3868015931867,50.5,30.0,55.65,8.404974446317768,118.97716124980029,False
2026-05-08T22:29:49.562,50.5,30.0,55.65,8.404974446317768,118.97716124980029,0.1944287211842768,0.79634540114947,480,0.898172700574735,710.7176048060135,47.4,29.9,54.0,7.54046606279727,132.61779731809207,False
2026-05-08T22:29:50.809,47.4,29.9,54.0,7.54046606279727,132.61779731809207,0.4713505889809755,0.13371526259472,544,0.56685763129736,796.5458915752117,46.5,29.6,55.1,6.512449972291508,153.55204327936423,False
2026-05-08T22:29:51.376,46.5,29.6,55.1,6.512449972291508,153.55204327936423,-0.9060504544348449,-0.5808638629687297,288,0.20956806851563514,99.16980382320985,53.0,29.7,56.2,9.561268910474176,104.58862828390072,False
2026-05-08T22:29:52.417,53.0,29.7,56.2,9.561268910474176,104.58862828390072,0.20330383656445972,0.015376520245365954,480,0.507688260122683,140.86528036777696,50.0,29.7,55.1,8.222153201497111,121.62264257225436,False
2026-05-08T22:29:53.829,50.0,29.7,55.1,8.222153201497111,121.62264257225436,0.7715008006962241,-0.7039081967233691,608,0.14804590163831544,303.2010816915902,46.0,29.7,55.1,6.4746688207859195,154.44805405176172,False
2026-05-08T22:29:54.876,46.0,29.7,55.1,6.4746688207859195,154.44805405176172,0.350472510375875,-0.04745511995966045,512,0.4762724400201698,276.5780978510662,47.5,29.8,56.2,6.4386737426944975,155.31148804280204,False
2026-05-08T22:29:55.632,47.5,29.8,56.2,6.4386737426944975,155.31148804280204,-0.471837880622757,0.5174393121281227,352,0.7587196560640613,518.5033210670165,51.8,29.7,55.65,8.06670450303388,123.96636068965968,False
2026-05-08T22:29:57.010,51.8,29.7,55.65,8.06670450303388,123.96636068965968,0.6626300033751102,-0.8150635358726674,576,0.09246823206366628,827.8436002830333,46.5,29.8,57.85,6.4868259645663215,154.15859859080638,False
2026-05-08T22:29:58.018,46.5,29.8,57.85,6.4868259645663215,154.15859859080638,0.1389824352472111,-0.301838943653979,480,0.3490805281730105,756.0340739663528,47.5,29.9,56.2,6.554957015278643,152.5563016918565,False
2026-05-08T22:29:58.734,47.5,29.9,56.2,6.554957015278643,152.5563016918565,-0.6176620979669172,-0.1374493157817016,320,0.4312753421091492,678.9844619067667,53.1,29.9,57.3,8.386355937034379,119.24130188464484,False
2026-05-08T22:29:59.377,53.1,29.9,57.3,8.386355937034379,119.24130188464484,-0.84673092360579,0.2973540629976448,288,0.6486770314988224,748.2797937620758,53.9,30.0,55.65,10.028690448089579,99.71391630604128,False
2026-05-08T22:30:00.352,53.9,30.0,55.65,10.028690448089579,99.71391630604128,-0.06885446585010913,0.45025875128778226,448,0.7251293756438911,722.8298019234162,49.5,30.0,54.55,8.854226064460173,112.94041881468138,False
2026-05-08T22:30:01.780,49.5,30.0,54.55,8.854226064460173,112.94041881468138,0.6142234871951839,0.13750432040306504,576,0.5687521602015325,695.9139653827042,46.3,29.8,55.65,6.826790965307074,146.48170788909152,False
2026-05-08T22:30:02.399,46.3,29.8,55.65,6.826790965307074,146.48170788909152,-0.6510945359663878,0.1959986122187347,320,0.5979993061093674,486.61321587613594,55.3,29.9,54.55,9.415529089675582,106.20752062637997,False
2026-05-08T22:30:03.370,55.3,29.9,54.55,9.415529089675582,106.20752062637997,0.16005763494241454,-0.8267882742468426,480,0.08660586287657868,742.7405398057548,48.3,29.9,55.1,8.176328262511891,122.3042871926946,False
2026-05-08T22:30:04.254,48.3,29.9,55.1,8.176328262511891,122.3042871926946,0.057851768377802815,0.15603377521280137,448,0.5780168876064007,589.3961761387585,50.8,29.9,56.2,7.995704221887352,125.06715759477584,False
2026-05-08T22:30:05.840,50.8,29.9,56.2,7.995704221887352,125.06715759477584,0.9867287879357902,-0.5042403791718499,640,0.24787981041407503,252.12422174480994,47.5,30.0,55.65,6.118231592502784,163.4459214040523,False
2026-05-08T22:30:06.442,47.5,30.0,55.65,6.118231592502784,163.4459214040523,-0.7368133815824831,0.12525052531006264,320,0.5626252626550313,138.63629562547862,54.0,30.1,55.1,8.980204840939473,111.35603449056558,False
2026-05-08T22:30:07.043,54.0,30.1,55.1,8.980204840939473,111.35603449056558,-0.626688135950678,-0.31786326628088823,320,0.3410683668595559,345.79800843648417,52.0,30.1,56.75,10.516110186490904,95.0921949529028,False
2026-05-08T22:30:08.440,52.0,30.1,56.75,10.516110186490904,95.0921949529028,0.6799045563625445,0.31429193234998576,576,0.6571459661749929,662.2734078056722,48.3,29.8,57.85,7.791056032240014,128.35230498432045,False
2026-05-08T22:30:10.042,48.3,29.8,57.85,7.791056032240014,128.35230498432045,0.948056906531549,-0.44386502772228886,640,0.27806748613885557,763.9761893215374,47.3,29.8,55.65,5.997848808864951,166.72644340783953,False
2026-05-08T22:30:10.709,47.3,29.8,55.65,5.997848808864951,166.72644340783953,-0.5777976796285997,-0.8047044727859625,352,0.09764776360701877,756.0007465412423,51.3,29.9,56.75,8.11162589455266,123.27984709841553,False
2026-05-08T22:30:11.756,51.3,29.9,56.75,8.11162589455266,123.27984709841553,0.1313392191515501,0.32849118737704286,480,0.6642455936885214,746.914409464554,52.8,30.0,55.65,7.4435248336111925,134.3449538160343,False
2026-05-08T22:30:12.456,52.8,30.0,55.65,7.4435248336111925,134.3449538160343,-0.47795642278057504,-0.7244953083554055,352,0.13775234582229723,740.3688879427029,50.7,29.9,55.1,8.605472414395441,116.20512527902314,False
2026-05-08T22:30:13.504,50.7,29.9,55.1,8.605472414395441,116.20512527902314,0.32998219347636293,-0.36155322626741926,512,0.31922338686629037,635.7635720955187,47.5,29.9,56.75,7.538944656374342,132.6445604232521,False
2026-05-08T22:30:14.489,47.5,29.9,56.75,7.538944656374342,132.6445604232521,0.16889896980108365,0.15262094641542379,480,0.5763104732077119,756.6488541599839,46.4,29.9,55.65,7.1873926074464825,139.1325136411711,False
2026-05-08T22:30:15.177,46.4,29.9,55.65,7.1873926074464825,139.1325136411711,-0.8654759389710733,0.6379431551657648,288,0.8189715775828824,777.2790792107977,53.2,29.8,56.75,9.815016688047018,101.88469686636661,False
2026-05-08T22:30:15.776,53.2,29.8,56.75,9.815016688047018,101.88469686636661,-0.9112325618569361,-0.12208928975799171,288,0.43895535512100414,846.6172814626188,53.3,29.8,56.2,11.351308417084027,88.09557129951406,False
2026-05-08T22:30:16.786,53.3,29.8,56.2,11.351308417084027,88.09557129951406,0.1584695841976982,-0.9904099487885267,480,0.004795025605736636,815.9623578593057,50.0,29.8,54.55,9.110494398770332,109.76352722800343,False
2026-05-08T22:30:17.703,50.0,29.8,54.55,9.110494398770332,109.76352722800343,-0.4078226125044482,0.3676837259968906,384,0.6838418629984453,783.6219813198077,55.9,29.9,54.55,8.810362834936313,113.5027034340327,False
2026-05-08T22:30:19.176,55.9,29.9,54.55,8.810362834936313,113.5027034340327,0.6117312017809624,-0.1778712645798166,576,0.4110643677100917,873.8054893159215,49.0,30.1,55.1,6.753599808300855,148.06918212282866,False
2026-05-08T22:30:20.657,49.0,30.1,55.1,6.753599808300855,148.06918212282866,0.8086593915626088,-0.0689197613559851,608,0.46554011932200745,862.3384524844377,46.5,30.1,56.2,5.668649938715622,176.4088470466701,False
2026-05-08T22:30:22.894,46.5,30.1,56.2,5.668649938715622,176.4088470466701,0.9641292683499554,0.9513980258918369,640,0.9756990129459184,845.3624569561005,47.8,30.2,56.75,4.8507561857986214,206.153424682045,False
2026-05-08T22:30:24.031,47.8,30.2,56.75,4.8507561857986214,206.153424682045,-0.13571531451088936,0.6421707781847237,416,0.8210853890923618,661.6744397553367,50.5,30.2,57.85,6.279518841792614,159.24786997128112,False
2026-05-08T22:30:24.758,50.5,30.2,57.85,6.279518841792614,159.24786997128112,-0.4417492001380181,0.3078518047804808,352,0.6539259023902404,721.2946523478968,53.2,30.2,55.65,7.87659177753667,126.95846480858764,False
2026-05-08T22:30:25.635,53.2,30.2,55.65,7.87659177753667,126.95846480858764,0.049976667655620144,-0.2534327462704149,448,0.37328362686479255,770.6473556914372,50.3,30.1,57.3,7.742754439752776,129.15300462918074,False
2026-05-08T22:30:26.421,50.3,30.1,57.3,7.742754439752776,129.15300462918074,-0.6332271927713846,0.7515897527068824,320,0.8757948763534412,660.0221976251338,54.0,30.1,55.1,10.030492127119212,99.69600567217664,False
2026-05-08T22:30:27.410,54.0,30.1,55.1,10.030492127119212,99.69600567217664,0.09244909622992736,-0.09381268838114121,480,0.4530936558094294,264.160373375384,48.8,30.1,57.3,8.472211130865993,118.0329414073259,False
2026-05-08T22:30:27.907,48.8,30.1,57.3,8.472211130865993,118.0329414073259,-0.9213833590200167,-0.580175808096616,256,0.20991209595169202,378.05204099833026,47.9,30.0,56.75,12.133505128845963,82.41641548596037,False
2026-05-08T22:30:28.574,47.9,30.0,56.75,12.133505128845963,82.41641548596037,-0.5508685989369679,-0.8299752438691967,352,0.08501237806540163,427.5083564350572,54.1,30.0,55.65,11.32272915669547,88.31792990550073,False
2026-05-08T22:30:29.775,54.1,30.0,55.65,11.32272915669547,88.31792990550073,0.5288812239781981,-0.42232685133269543,544,0.2888365743336523,600.213131849392,45.4,30.0,56.2,8.529921439209938,117.23437397714444,False
2026-05-08T22:30:30.410,45.4,30.0,56.2,8.529921439209938,117.23437397714444,-0.7857259232521323,0.12221748682967082,288,0.5611087434148354,583.0903259540842,50.5,30.0,55.1,10.255726713410644,97.5064983637264,False
2026-05-08T22:30:31.650,50.5,30.0,55.1,10.255726713410644,97.5064983637264,0.48852742811178773,-0.33988300131366134,544,0.33005849934316933,802.4262348095592,49.5,29.8,57.3,7.941138222545843,125.92653244101459,False
2026-05-08T22:30:32.687,49.5,29.8,57.3,7.941138222545843,125.92653244101459,0.2578282028196941,-0.2853100457540254,512,0.3573449771229873,791.1237149602613,46.2,29.8,58.4,7.1827460989531815,139.22251827135318,False
2026-05-08T22:30:33.159,46.2,29.8,58.4,7.1827460989531815,139.22251827135318,-0.9540691124199676,0.08336633510335711,256,0.5416831675516786,610.9262109277873,49.2,29.8,55.65,11.472676536309246,87.16361843159744,False
2026-05-08T22:30:34.434,49.2,29.8,55.65,11.472676536309246,87.16361843159744,0.4732007431810801,0.5306329812045476,544,0.7653164906022738,789.1538687482428,49.8,29.6,54.55,8.646967525830458,115.64747953693275,False
2026-05-08T22:30:35.947,49.8,29.6,54.55,8.646967525830458,115.64747953693275,0.9075663868804045,0.6803641304123582,608,0.8401820652061791,700.8011084878613,46.5,29.7,55.65,6.675249881930932,149.80712597844092,False
2026-05-08T22:30:36.733,46.5,29.7,55.65,6.675249881930932,149.80712597844092,-0.32816690464719045,0.5680295282307277,384,0.7840147641153639,693.6728390463975,56.2,29.8,54.55,8.112916626338656,123.2602337799813,False
2026-05-08T22:30:37.825,56.2,29.8,54.55,8.112916626338656,123.2602337799813,0.38225893091377827,0.27187616875756215,512,0.6359380843787811,562.6413504627066,48.5,29.8,57.85,7.227956736839152,138.35168587869947,False
2026-05-08T22:30:39.496,48.5,29.8,57.85,7.227956736839152,138.35168587869947,0.6019808093674195,0.7263731208478605,576,0.8631865604239303,610.9095923599114,51.5,30.0,54.55,5.775991824382715,173.1304389626401,False
2026-05-08T22:30:40.075,51.5,30.0,54.55,5.775991824382715,173.1304389626401,-0.8418808151612327,-0.17101161546968413,288,0.41449419226515793,650.3016376059896,52.3,30.0,56.2,9.135780463214122,109.45972312125626,False
2026-05-08T22:30:40.670,52.3,30.0,56.2,9.135780463214122,109.45972312125626,-0.9134424641162624,-0.36878681415669723,288,0.3156065929216514,776.0083678675746,52.3,30.0,56.2,10.819958161701662,92.42179914702456,False
2026-05-08T22:30:41.907,52.3,30.0,56.2,10.819958161701662,92.42179914702456,0.5710790010162183,-0.47795758811904454,544,0.26102120594047773,698.7406286816548,46.8,30.0,56.2,8.222578941733275,121.61634532014665,False
2026-05-08T22:30:42.779,46.8,30.0,56.2,8.222578941733275,121.61634532014665,0.012456118856563059,-0.4552808949857794,448,0.2723595525071103,673.2117068100648,51.0,30.1,56.2,7.985446838057812,125.22780757040465,False
2026-05-08T22:30:43.892,51.0,30.1,56.2,7.985446838057812,125.22780757040465,-0.4856769678863009,0.924872283819173,352,0.9624361419095865,685.5759127758004,56.4,30.1,54.55,8.824706678041084,113.31821401932204,False
2026-05-08T22:30:44.926,56.4,30.1,54.55,8.824706678041084,113.31821401932204,0.15324877800616,0.08136627244451655,480,0.5406831362222583,858.405042719682,46.5,30.0,57.3,7.742452150996015,129.15804715323384,False
2026-05-08T22:30:46.152,46.5,30.0,57.3,7.742452150996015,129.15804715323384,0.5754838305771242,-0.9398385545769343,544,0.030080722711532837,837.5783886924235,47.5,30.0,56.2,6.61803050158369,151.10235586866827,False
2026-05-08T22:30:46.787,47.5,30.0,56.2,6.61803050158369,151.10235586866827,-0.6846730697879455,0.20572291727702519,320,0.6028614586385126,813.4286899052595,51.7,29.9,56.2,9.084416319103234,110.07861868870347,False
2026-05-08T22:30:47.494,51.7,29.9,56.2,9.084416319103234,110.07861868870347,-0.5397968086153131,-0.28282646564564007,352,0.35858676717717997,863.0689118655708,50.0,29.9,55.65,9.600730321012737,104.15874277932167,False
2026-05-08T22:30:48.123,50.0,29.9,55.65,9.600730321012737,104.15874277932167,-0.7419800982729894,0.19133599100568732,320,0.5956679955028437,710.8171515965639,50.3,29.9,54.55,10.943116612198356,91.38164523306772,False
2026-05-08T22:30:48.973,50.3,29.9,54.55,10.943116612198356,91.38164523306772,-0.15995731670652824,-0.41507726876124296,416,0.2924613656193785,768.0617589470198,47.5,29.8,55.1,9.61019406277901,104.05617133925251,False
2026-05-08T22:30:50.432,47.5,29.8,55.1,9.61019406277901,104.05617133925251,0.8934987055851964,-0.4633645597232756,608,0.2683177201383622,832.8852298779909,44.0,29.7,56.2,7.203027020379324,138.83052183071476,False
2026-05-08T22:30:51.286,44.0,29.7,56.2,7.203027020379324,138.83052183071476,-0.2454854484251039,-0.312358263566209,416,0.3438208682168955,791.262965666311,50.3,29.8,55.65,7.583806083141881,131.85991163762878,False
2026-05-08T22:30:52.560,50.3,29.8,55.65,7.583806083141881,131.85991163762878,0.40108650752929975,0.9097803701609704,512,0.9548901850804852,790.9553532197466,48.7,29.8,56.2,6.977457429111077,143.31868164868177,False
2026-05-08T22:30:53.954,48.7,29.8,56.2,6.977457429111077,143.31868164868177,0.6938209220023548,-0.33201483009521593,576,0.33399258495239204,870.51432657985,47.3,29.7,57.3,5.89719170014256,169.572238931257,False
2026-05-08T22:30:55.584,47.3,29.7,57.3,5.89719170014256,169.572238931257,0.9324751398419087,-0.5054951915360297,640,0.24725240423198513,868.906783754158,45.5,30.2,55.65,4.976209461412935,200.95617110861366,False
2026-05-08T22:30:56.317,45.5,30.2,55.65,4.976209461412935,200.95617110861366,-0.45386530671207614,0.3964856018783969,352,0.6982428009391984,791.1443101593122,50.5,30.3,54.55,7.321162406689041,136.59033148702474,False
2026-05-08T22:30:57.147,50.5,30.3,54.55,7.321162406689041,136.59033148702474,-0.14775879194222252,-0.95949812396831,416,0.020250938015844988,875.4942872187027,50.0,30.4,57.3,7.744031632298787,129.13170393431795,False
2026-05-08T22:30:58.245,50.0,30.4,57.3,7.744031632298787,129.13170393431795,0.27616753775699565,-0.8743208774035074,512,0.0628395612982463,888.5759816150778,44.8,30.3,56.75,6.921132237557623,144.4850301477388,False
2026-05-08T22:30:59.123,44.8,30.3,56.75,6.921132237557623,144.4850301477388,-0.4099725893568622,-0.1585895641193078,384,0.4207052179403461,839.6544255025249,55.6,30.3,56.2,7.6453693596313865,130.79812798582878,False
2026-05-08T22:31:00.661,55.6,30.3,56.2,7.6453693596313865,130.79812798582878,-0.04385987856191331,0.84311370084139,448,0.921556850420695,535.4776554345246,59.3,30.3,55.65,7.369225777271845,135.69946561878976,False
2026-05-08T22:31:01.340,59.3,30.3,55.65,7.369225777271845,135.69946561878976,-0.9989350042998275,0.9137750593985103,256,0.9568875296992552,507.2751096920814,55.1,30.3,57.3,10.99057055223106,90.9870870895781,False
2026-05-08T22:31:02.084,55.1,30.3,57.3,10.99057055223106,90.9870870895781,-0.6825769329729443,0.710714522222534,320,0.855357261111267,654.9470855055022,51.2,30.3,55.1,11.269587983846739,88.73438864254396,False
2026-05-08T22:31:03.585,51.2,30.3,55.1,11.269587983846739,88.73438864254396,0.8219611056243743,0.5597699498877085,608,0.7798849749438542,753.7214899211435,47.3,30.0,54.55,8.092892519648226,123.5652144856938,False
2026-05-08T22:31:04.811,47.3,30.0,54.55,8.092892519648226,123.5652144856938,0.5446571146158876,0.5136313569915589,544,0.7568156784957795,713.0644057440667,47.3,29.9,56.75,6.857004599596616,145.83627376578224,False
2026-05-08T22:31:05.757,47.3,29.9,56.75,6.857004599596616,145.83627376578224,0.0591523648105976,0.2191233409538087,448,0.6095616704769043,314.80869691889376,49.2,29.8,56.2,7.200390627116135,138.88135405238634,False
2026-05-08T22:31:06.869,49.2,29.8,56.2,7.200390627116135,138.88135405238634,0.2665019461117708,0.41999284801196635,512,0.7099964240059832,548.8640887341576,50.5,29.9,55.65,6.737970993804821,148.4126305855936,False
2026-05-08T22:31:08.439,50.5,29.9,55.65,6.737970993804821,148.4126305855936,0.6269663794448246,0.4687265703128978,576,0.7343632851564489,715.3106598730388,45.9,29.8,54.0,5.675614991304955,176.19236004063004,False
2026-05-08T22:31:09.380,45.9,29.8,54.0,5.675614991304955,176.19236004063004,-0.006483120420926358,0.5146374576774642,448,0.7573187288387321,735.8821617264174,50.7,29.9,54.55,6.575349544888276,152.08316959779077,False
2026-05-08T22:31:10.753,50.7,29.9,54.55,6.575349544888276,152.08316959779077,0.5902794928520301,-0.18334962007738986,576,0.40832518996130507,656.4066506244225,46.2,30.0,55.1,5.700775610721977,175.414727448526,False
2026-05-08T22:31:12.297,46.2,30.0,55.1,5.700775610721977,175.414727448526,0.6606776652087536,0.831475706583239,576,0.9157378532916195,646.407154308633,45.0,29.9,55.65,5.2058949345040535,192.08993123778177,False
2026-05-08T22:31:13.373,45.0,29.9,55.65,5.2058949345040535,192.08993123778177,0.3876651664515318,-0.6437206744089696,512,0.17813966279551519,768.2311328061227,46.2,30.0,55.65,5.680075299617699,176.05400408464754,False
2026-05-08T22:31:14.452,46.2,30.0,55.65,5.680075299617699,176.05400408464754,-0.05780303355653249,0.8782159021861744,448,0.9391079510930872,820.6219852336216,48.7,30.1,54.55,6.520202149986876,153.36947796963824,False
2026-05-08T22:31:15.158,48.7,30.1,54.55,6.520202149986876,153.36947796963824,-0.48840778404922824,-0.33347020610721567,352,0.33326489694639216,853.6141951076346,51.8,30.1,55.65,8.301621529246333,120.45839436031066,False
2026-05-08T22:31:16.816,51.8,30.1,55.65,8.301621529246333,120.45839436031066,0.9904547889585138,-0.5364549951682525,640,0.23177250241587377,832.1277628444998,46.2,29.9,55.1,6.23215562795303,160.4581239137722,False
2026-05-08T22:31:18.351,46.2,29.9,55.1,6.23215562795303,160.4581239137722,0.7432245699442614,0.7267497470617745,576,0.8633748735308873,814.1275387248309,45.9,29.9,54.0,5.499932378842873,181.82041725581894,False
2026-05-08T22:31:19.980,45.9,29.9,54.0,5.499932378842873,181.82041725581894,0.9810780455799706,-0.9505052748509624,640,0.024747362574518816,822.1086170937285,47.1,30.1,54.0,4.763808845481064,209.91606347693764,False
2026-05-08T22:31:21.077,47.1,30.1,54.0,4.763808845481064,209.91606347693764,0.365468604258659,0.13304628546726227,512,0.5665231427336311,790.6016346106703,50.3,30.3,55.65,5.425876340717165,184.30202555405546,False
2026-05-08T22:31:21.863,50.3,30.3,55.65,5.425876340717165,184.30202555405546,-0.26560186857846535,0.03505842481181265,384,0.5175292124059063,837.2678251183034,54.9,30.2,56.75,7.1456697962481375,139.94489369282834,False
2026-05-08T22:31:23.549,54.9,30.2,56.75,7.1456697962481375,139.94489369282834,0.7804977381668525,0.5542119903866372,608,0.7771059951933186,788.722793078011,51.7,30.3,54.55,5.743523720079634,174.10914427043318,False
2026-05-08T22:31:24.581,51.7,30.3,54.55,5.743523720079634,174.10914427043318,-0.4876737395156585,0.7989593829185506,352,0.8994796914592753,823.1938054827154,53.8,30.3,54.55,7.678794933384226,130.2287674922029,False
2026-05-08T22:31:25.319,53.8,30.3,54.55,7.678794933384226,130.2287674922029,-0.3106449255885877,0.18843783569145178,384,0.5942189178457259,531.3623295826537,57.1,30.3,56.2,8.618616012329866,116.02790965154863,False
2026-05-08T22:31:26.927,57.1,30.3,56.2,8.618616012329866,116.02790965154863,0.9480380380850635,0.21607736746415696,640,0.6080386837320785,581.0538841796646,47.2,30.1,55.65,6.43160765506623,155.48212105449122,False
2026-05-08T22:31:28.017,47.2,30.1,55.65,6.43160765506623,155.48212105449122,0.2668351809660212,-0.7971964656318258,512,0.10140176718408711,556.2853116485325,47.5,30.1,56.2,6.324784326594226,158.10815805927737,False
2026-05-08T22:31:28.706,47.5,30.1,56.2,6.324784326594226,158.10815805927737,-0.5760352894851453,-0.6408147907708148,352,0.1795926046145926,704.7197469634583,51.5,30.2,55.1,8.177182833158593,122.29150557145252,False
2026-05-08T22:31:29.321,51.5,30.2,55.1,8.177182833158593,122.29150557145252,-0.6625271110190147,-0.06437221802844229,320,0.46781389098577886,692.7419354249067,53.4,30.2,55.1,10.002006807738026,99.97993594908901,False
2026-05-08T22:31:29.876,53.4,30.2,55.1,10.002006807738026,99.97993594908901,-0.8314599261733917,-0.5962527245458811,288,0.20187363772705946,735.5574367434205,52.4,30.2,56.2,11.480447004533232,87.10462228562481,False
2026-05-08T22:31:30.550,52.4,30.2,56.2,11.480447004533232,87.10462228562481,-0.8154029724758491,0.5716299711895347,288,0.7858149855947674,636.7370967028371,53.1,30.1,55.65,12.395257295136469,80.67601794699092,False
2026-05-08T22:31:31.610,53.1,30.1,55.65,12.395257295136469,80.67601794699092,0.3793400200096688,-0.44626814912345636,512,0.2768659254382718,169.1172124895836,51.3,30.1,54.0,9.51585502771074,105.08777162829195,False
2026-05-08T22:31:36.399,51.3,30.1,54.0,9.51585502771074,105.08777162829195,0.6657681246961951,0.9652673990997591,576,0.9826336995498796,669.6781015096585,51.8,29.8,55.65,7.181504716697895,139.24658403062455,False
2026-05-08T22:31:36.966,51.8,29.8,55.65,7.181504716697895,139.24658403062455,-0.920047727389258,0.3289203794987403,256,0.6644601897493702,599.7706611901773,51.2,29.9,56.75,11.49432072708077,86.99948641975745,False
2026-05-08T22:31:38.579,51.2,29.9,56.75,11.49432072708077,86.99948641975745,0.9396145643649279,-0.6703882600513829,640,0.16480586997430857,827.8945050607335,46.5,29.9,55.65,7.967079123162308,125.5165142131886,False
2026-05-08T22:31:44.120,46.5,29.9,55.65,7.967079123162308,125.5165142131886,-0.23456365741801144,0.9896809020620774,416,0.9948404510310387,734.8133685731221,62.1,29.7,57.3,7.985758156954858,125.22292565660686,False
2026-05-08T22:31:45.005,62.1,29.7,57.3,7.985758156954858,125.22292565660686,-0.3551109909480368,0.6992278444364923,384,0.8496139222182462,644.4913733946177,50.0,29.8,54.55,8.874201964411972,112.68618902412625,False
2026-05-08T22:31:45.641,50.0,29.8,54.55,8.874201964411972,112.68618902412625,-0.5911261886211785,-0.4012716161486858,320,0.2993641919256571,784.6162645015206,50.5,29.8,55.65,10.368982566389437,96.44147760856039,False
2026-05-08T22:31:46.223,50.5,29.8,55.65,10.368982566389437,96.44147760856039,-0.7636900936141275,0.34533443649820517,288,0.6726672182491026,763.395781934538,52.8,29.8,56.75,11.580525385527617,86.35186804648063,False
2026-05-08T22:31:46.961,52.8,29.8,56.75,11.580525385527617,86.35186804648063,-0.5158201900975323,0.32721154268659736,352,0.6636057713432987,813.0986230238204,51.3,29.8,56.2,10.966355963163183,91.18799383852534,False
2026-05-08T22:31:48.163,51.3,29.8,56.2,10.966355963163183,91.18799383852534,0.4965726008568707,0.35072680431920755,544,0.6753634021596038,827.6907834058729,48.0,29.8,56.75,8.39318554539168,119.14427419623233,False
2026-05-08T22:31:49.460,48.0,29.8,56.75,8.39318554539168,119.14427419623233,0.5351375047059939,0.6509848204162463,544,0.8254924102081231,833.3519930607597,48.5,29.8,55.1,6.997775493052256,142.90255538961637,False
2026-05-08T22:31:50.808,48.5,29.8,55.1,6.997775493052256,142.90255538961637,0.3844560235581196,0.4086399744370952,512,0.7043199872185476,842.3099252494753,51.0,29.9,55.1,6.405291795182009,156.12091251677077,False
2026-05-08T22:31:51.709,51.0,29.9,55.1,6.405291795182009,156.12091251677077,-0.5407095935228659,0.5214825510144407,352,0.7607412755072204,767.1334630038955,53.5,30.0,55.65,7.804381568517297,128.13315074623952,False
2026-05-08T22:31:53.091,53.5,30.0,55.65,7.804381568517297,128.13315074623952,0.43015004836596904,0.7868237915220442,544,0.8934118957610221,818.22576564204,50.3,29.9,55.1,6.629379669350162,150.84367616224097,False
2026-05-08T22:31:54.560,50.3,29.9,55.1,6.629379669350162,150.84367616224097,0.6513396692148035,0.3099979905996275,576,0.6549989952998138,884.6568744495079,49.0,29.9,56.2,5.667956706474108,176.43042312898586,False
2026-05-08T22:31:55.534,49.0,29.9,56.2,5.667956706474108,176.43042312898586,-0.1318850547928545,0.679033300865652,416,0.839516650432826,753.1252321464,49.5,30.1,55.65,6.748343779219501,148.1845075941964,False
2026-05-08T22:31:56.254,49.5,30.1,55.65,6.748343779219501,148.1845075941964,-0.4103537439645095,-0.178246422429317,384,0.4108767887853415,481.8591856405528,50.3,30.0,56.2,8.07914924098043,123.77540879275142,False
2026-05-08T22:31:57.279,50.3,30.0,56.2,8.07914924098043,123.77540879275142,0.23501154524012002,-0.730254150595002,480,0.134872924702499,648.843608925175,47.3,30.1,56.2,7.339011457768371,136.25813309522718,False
2026-05-08T22:31:58.738,47.3,30.1,56.2,7.339011457768371,136.25813309522718,0.8205278546925647,-0.5849375935356991,608,0.20753120323215046,653.7744054786987,45.1,29.9,56.75,5.990759844744944,166.92373353560376,False
2026-05-08T22:31:59.742,45.1,29.9,56.75,5.990759844744944,166.92373353560376,0.08761979339657544,-0.07118252314634099,480,0.4644087384268295,738.7416565214974,46.7,30.0,56.75,6.329111870447322,158.0000512661697,False
2026-05-08T22:32:00.817,46.7,30.0,56.75,6.329111870447322,158.0000512661697,0.2797881636789885,-0.5171973523016378,512,0.24140132384918112,774.652895335863,47.5,30.0,55.65,6.2205340256389485,160.75790211553164,False
2026-05-08T22:32:02.294,47.5,30.0,55.65,6.2205340256389485,160.75790211553164,0.9142555565628474,-0.04532068012588675,608,0.4773396599370566,855.9877813709724,47.0,29.9,56.75,5.337759201598926,187.34453208388456,False
2026-05-08T22:32:03.285,47.0,29.9,56.75,5.337759201598926,187.34453208388456,-0.24019172929579446,-0.0848451358981277,416,0.45757743205093615,874.3636462327373,49.5,30.1,54.0,6.299678404761318,158.73826182050763,False
2026-05-08T22:32:04.388,49.5,30.1,54.0,6.299678404761318,158.73826182050763,0.40516267212678003,0.23366121615152968,512,0.6168306080757648,782.5099707595374,47.8,30.0,54.55,6.30270044753641,158.66214939516576,False
2026-05-08T22:32:04.991,47.8,30.0,54.55,6.30270044753641,158.66214939516576,-0.9217391482334782,0.7113853941771433,256,0.8556926970885717,51.45554126322319,55.9,29.9,56.2,11.582051264533808,86.34049160723096,False
2026-05-08T22:32:05.570,55.9,29.9,56.2,11.582051264533808,86.34049160723096,-0.7067949163884555,-0.7058010670039021,320,0.14709946649804895,582.3838066318531,52.5,29.9,56.2,12.083132001043863,82.75999963532716,False
2026-05-08T22:32:06.679,52.5,29.9,56.2,12.083132001043863,82.75999963532716,0.19705758612404645,0.5737459491279515,480,0.7868729745639758,746.6559531949433,47.7,30.0,56.2,9.478412892319518,105.50289498469866,False
2026-05-08T22:32:07.531,47.7,30.0,56.2,9.478412892319518,105.50289498469866,-0.09793328611376517,-0.5948647288213349,416,0.20256763558933255,738.0904128822469,49.3,29.9,56.75,8.764402748726651,114.09790588928452,False
2026-05-08T22:32:08.628,49.3,29.9,56.75,8.764402748726651,114.09790588928452,0.28359952478585737,0.1858970494101151,512,0.5929485247050575,742.7005584353736,45.1,29.9,56.2,7.560370825275808,132.2686443708294,False
2026-05-08T22:32:10.533,45.1,29.9,56.2,7.560370825275808,132.2686443708294,0.6070622673381452,0.9356461203288562,576,0.9678230601644281,691.8969237113281,60.3,29.8,56.75,6.196389254213386,161.3843093088488,False
2026-05-08T22:32:11.857,60.3,29.8,56.75,6.196389254213386,161.3843093088488,0.24287354923784488,0.9091858566218265,480,0.9545929283109132,751.8407331778003,51.5,29.9,55.1,6.279150040041631,159.25722329026715,False
2026-05-08T22:32:12.605,51.5,29.9,55.1,6.279150040041631,159.25722329026715,-0.6247764514173328,-0.985009250017157,320,0.0074953749914214995,794.3579109392086,54.1,29.9,56.2,8.05118882723374,124.2052598018104,False
2026-05-08T22:32:13.498,54.1,29.9,56.2,8.05118882723374,124.2052598018104,-0.505873191805795,0.7720920662495165,352,0.8860460331247583,794.6830032901414,56.7,29.9,56.75,8.778443127808552,113.91541591608393,False
2026-05-08T22:32:14.601,56.7,29.9,56.75,8.778443127808552,113.91541591608393,0.2969042118508667,-0.2848844242351183,512,0.35755778788244086,805.8880866241354,47.5,29.9,54.55,7.545999261181535,132.52055365871084,False
2026-05-08T22:32:15.819,47.5,29.9,54.55,7.545999261181535,132.52055365871084,0.536291540306445,-0.931848275311022,544,0.034075862344489005,771.5170301676806,45.4,29.9,55.65,6.5303762551737945,153.1305335137059,False
2026-05-08T22:32:17.103,45.4,29.9,55.65,6.5303762551737945,153.1305335137059,0.431164944745978,-0.16805241094938572,544,0.41597379452530714,804.4999233773154,46.2,29.8,55.65,5.887571362539761,169.84932129444684,False
2026-05-08T22:32:18.597,46.2,29.8,55.65,5.887571362539761,169.84932129444684,0.8387100820306552,0.355395385909151,608,0.6776976929545755,837.2996918578889,47.0,29.9,54.55,5.214754385369812,191.76358579908143,False
2026-05-08T22:32:19.289,47.0,29.9,54.55,5.214754385369812,191.76358579908143,-0.4437669176452872,-0.1736126105875857,352,0.41319369470620715,766.2519912873545,49.5,30.0,56.2,7.614631736067173,131.3261145990079,False
2026-05-08T22:32:19.837,49.5,30.0,56.2,7.614631736067173,131.3261145990079,-0.9364000792455041,0.49549408963063635,256,0.7477470448153182,689.9867402360247,52.5,30.0,56.2,11.53814326635253,86.66905730978351,False
2026-05-08T22:32:20.515,52.5,30.0,56.2,11.53814326635253,86.66905730978351,-0.5787777034311485,-0.7084226596228802,352,0.1457886701885599,775.2582934118815,46.9,30.0,55.1,11.004830480663298,90.86918710443659,False
2026-05-08T22:32:21.392,46.9,30.0,55.1,11.004830480663298,90.86918710443659,-0.19312586033138235,0.14531293841802584,416,0.5726564692090129,719.3020018727524,51.0,30.0,55.65,9.572343871059335,104.46762187716244,False
2026-05-08T22:32:22.002,51.0,30.0,55.65,9.572343871059335,104.46762187716244,-0.6171649733846813,-0.7267889317086111,320,0.13660553414569443,734.2583997104497,51.5,30.0,56.2,10.687051765661147,93.57117584225865,False
2026-05-08T22:32:22.681,51.5,30.0,56.2,10.687051765661147,93.57117584225865,-0.7134629454754813,0.6151460949060605,320,0.8075730474530303,815.4981963165696,52.8,30.0,54.0,11.245205128338597,88.92679044866327,False
2026-05-08T22:32:23.272,52.8,30.0,54.0,11.245205128338597,88.92679044866327,-0.6818541608449875,-0.9939949621654058,320,0.003002518917297081,800.4391348948661,52.9,29.9,56.2,11.691448894397848,85.53259814351723,False
2026-05-08T22:32:24.121,52.9,29.9,56.2,11.691448894397848,85.53259814351723,-0.23650496655313158,-0.262728381500416,416,0.368635809249792,879.561663905197,49.0,29.9,56.2,10.01750179131021,99.82528786443152,False
2026-05-08T22:32:24.757,49.0,29.9,56.2,10.01750179131021,99.82528786443152,-0.7410400346762889,0.1416739077190643,320,0.5708369538595321,889.3469686616008,51.5,29.9,54.0,10.83562812503449,92.28814319398923,False
2026-05-08T22:32:25.794,51.5,29.9,54.0,10.83562812503449,92.28814319398923,0.27854661380643186,-0.8523574437713894,512,0.07382127811430528,871.9656785059519,44.2,29.9,54.55,8.725983950659472,114.60025661913168,False
2026-05-08T22:32:26.994,44.2,29.9,54.55,8.725983950659472,114.60025661913168,0.5434885680932484,-0.8768143765526291,544,0.06159281172368547,883.8224582135227,48.5,29.8,55.65,7.1807136518845125,139.26192415952406,False
2026-05-08T22:32:27.477,48.5,29.8,55.65,7.1807136518845125,139.26192415952406,-0.9685488314941151,-0.9023398364982076,256,0.048830081750896204,842.1679118292534,47.5,29.8,54.0,11.311401643391624,88.40637363312287,False
2026-05-08T22:32:28.072,47.5,29.8,54.0,11.311401643391624,88.40637363312287,-0.7639975644134538,0.04662228169882354,288,0.5233111408494118,724.0148949822818,52.6,29.8,55.65,12.010140867354448,83.26297010538534,False
2026-05-08T22:32:28.629,52.6,29.8,55.65,12.010140867354448,83.26297010538534,-0.9074432715278089,-0.3653862569239774,288,0.3173068715380113,41.43846058610258,53.3,29.8,54.55,12.49489723257526,80.03267104853931,False
2026-05-08T22:32:29.440,53.3,29.8,54.55,12.49489723257526,80.03267104853931,-0.5208534141218071,-0.020879900760601533,352,0.48956004961969923,523.2786958024819,57.4,29.8,56.2,10.910926326012321,91.65124666050933,False
2026-05-08T22:32:30.561,57.4,29.8,56.2,10.910926326012321,91.65124666050933,0.22884828847164473,0.13700380508928944,480,0.5685019025446447,722.1944387856987,50.3,29.9,57.85,8.694600045043797,115.01391608807035,False
2026-05-08T22:32:31.447,50.3,29.9,57.85,8.694600045043797,115.01391608807035,0.021733712932331395,-0.2691337888969958,448,0.3654331055515021,757.0307734872977,51.3,29.9,55.1,8.143615696112242,122.795578440348,False
2026-05-08T22:32:32.328,51.3,29.9,55.1,8.143615696112242,122.795578440348,0.006315990918240422,-0.5555955552297076,448,0.2222022223851462,779.3118388055606,50.0,29.9,55.65,7.94706520088857,125.8326155280806,False
2026-05-08T22:32:33.440,50.0,29.9,55.65,7.94706520088857,125.8326155280806,0.34289174919038334,0.18886454534330088,512,0.5944322726716504,838.8954909763835,49.8,29.9,55.1,7.1064734591422685,140.71677122969191,False
2026-05-08T22:32:34.829,49.8,29.9,55.1,7.1064734591422685,140.71677122969191,0.6220884533006523,-0.24689641289499775,576,0.3765517935525011,790.2921212694977,47.5,29.9,54.55,5.9673359585499055,167.5789677246537,False
2026-05-08T22:32:35.561,47.5,29.9,54.55,5.9673359585499055,167.5789677246537,-0.36183648681201186,-0.1324371658462713,384,0.43378141707686435,124.68583202631528,49.5,30.0,54.55,7.7031864691821825,129.81640831370996,False
2026-05-08T22:32:36.405,49.5,30.0,54.55,7.7031864691821825,129.81640831370996,-0.10696410443301474,0.12713458522695076,416,0.5635672926134754,96.72577307472633,52.7,30.0,55.1,7.919315480295076,126.27353999069877,False
2026-05-08T22:32:37.831,52.7,30.0,55.1,7.919315480295076,126.27353999069877,0.8127203465350346,-0.03608257858500585,608,0.4819587107074971,136.07391502309545,44.6,29.9,55.1,6.325818666951076,158.08230565072157,False
2026-05-08T22:32:38.540,44.6,29.9,55.1,6.325818666951076,158.08230565072157,-0.38585544384363435,-0.017168086218445122,384,0.49141595689077744,203.63543641728876,51.0,30.0,55.1,7.909800763521941,126.42543471028429,False
2026-05-08T22:32:39.454,51.0,30.0,55.1,7.909800763521941,126.42543471028429,0.007333944812871751,0.10638178085461814,448,0.5531908904273091,419.93661902296395,50.3,30.0,56.75,7.7739620327967325,128.63453613243897,False
2026-05-08T22:32:40.079,50.3,30.0,56.75,7.7739620327967325,128.63453613243897,-0.864779467306833,-0.7612349514833787,288,0.11938252425831064,534.1702199959053,59.5,29.9,55.65,10.316141043204809,96.93547187964197,False
2026-05-08T22:32:41.339,59.5,29.9,55.65,10.316141043204809,96.93547187964197,0.5424442883545038,0.2993389533082653,544,0.6496694766541327,802.073784962489,47.2,29.8,55.1,7.965778358575466,125.53701031908096,False
2026-05-08T22:32:42.597,47.2,29.8,55.1,7.965778358575466,125.53701031908096,0.5642380737315986,-0.09389201215860998,544,0.453053993920695,791.2127367586853,49.5,29.8,56.2,6.767667422192285,147.76139807355736,False
2026-05-08T22:32:43.666,49.5,29.8,56.2,6.767667422192285,147.76139807355736,0.3086250426851056,0.11041582053475807,512,0.555207910267379,840.4858857865686,46.2,29.8,56.2,6.509109605657442,153.63084363041642,False
2026-05-08T22:32:45.187,46.2,29.8,56.2,6.509109605657442,153.63084363041642,0.6364808072281192,0.4095223406454276,576,0.7047611703227138,702.3516288425812,48.5,29.7,56.2,5.634131647778552,177.48964037684212,False
2026-05-08T22:32:46.656,48.5,29.7,56.2,5.634131647778552,177.48964037684212,0.872412683149348,0.540544758315114,608,0.770272379157557,758.9971243251969,44.5,29.9,55.65,5.054992477590742,197.82423108107363,False
2026-05-08T22:32:47.540,44.5,29.9,55.65,5.054992477590742,197.82423108107363,-0.29692257678347334,0.7534246768881419,384,0.8767123384440709,381.5652663382524,41.2,30.0,53.45,7.125002196910708,140.35083391743862,False
2026-05-08T22:32:48.570,41.2,30.0,53.45,7.125002196910708,140.35083391743862,0.3319083498815292,-0.9738443520777678,512,0.01307782396111612,261.7373583242158,47.5,30.0,56.75,6.7859860634519595,147.3625189691755,False
2026-05-08T22:32:49.146,47.5,30.0,56.75,6.7859860634519595,147.3625189691755,-0.7581466990933297,0.06410168699460983,288,0.5320508434973049,316.51077653976796,52.3,30.0,55.65,9.58931716670981,104.28271196113852,False
2026-05-08T22:32:50.777,52.3,30.0,55.65,9.58931716670981,104.28271196113852,0.841269425891632,0.016508716783448563,608,0.5082543583917243,674.1520951118148,51.0,30.1,55.65,7.002747307297967,142.80109735758168,False
2026-05-08T22:32:51.936,51.0,30.1,55.65,7.002747307297967,142.80109735758168,0.4049100905225764,0.6086299532721511,512,0.8043149766360755,690.5761133590681,48.0,30.2,55.65,6.57326236525691,152.13145991030527,False
2026-05-08T22:32:53.004,48.0,30.2,55.65,6.57326236525691,152.13145991030527,0.135374365165295,-0.06876784001379765,480,0.4656160799931012,729.4427563686817,49.0,30.2,54.0,6.583753772338192,151.88903391276952,False
2026-05-08T22:32:53.608,49.0,30.2,54.0,6.583753772338192,151.88903391276952,-0.8411481934810738,-0.04383443718162838,288,0.4780827814091858,718.0298179239309,50.3,30.1,55.1,9.251346740966852,108.0923705487976,False
2026-05-08T22:32:54.290,50.3,30.1,55.1,9.251346740966852,108.0923705487976,-0.5644244895407005,-0.47570509298724883,352,0.2621474535063756,718.1664599154276,51.0,30.1,55.65,9.710947294629012,102.97656548430511,False
2026-05-08T22:32:55.335,51.0,30.1,55.65,9.710947294629012,102.97656548430511,0.29762429098134957,0.11166016009070123,512,0.5558300800453506,702.089029023032,47.4,30.1,55.1,8.149877563085772,122.70122983557707,False
2026-05-08T22:32:55.918,47.4,30.1,55.1,8.149877563085772,122.70122983557707,-0.8805694931664743,0.39301193709901594,288,0.696505968549508,639.8705811853426,52.2,30.1,56.2,10.440424897790324,95.78154239791967,False
2026-05-08T22:32:57.524,52.2,30.1,56.2,10.440424897790324,95.78154239791967,0.9977568242990127,-0.9193368399576018,640,0.040331580021199076,459.2065794313772,43.9,29.9,55.65,7.401610068774597,135.10573925242713,False
2026-05-08T22:32:58.331,43.9,29.9,55.65,7.401610068774597,135.10573925242713,-0.7486340727808998,0.2660405789652318,320,0.6330202894826159,703.2867549881397,50.3,29.9,55.65,9.510768747456769,105.1439716970729,False
2026-05-08T22:32:59.074,50.3,29.9,55.65,9.510768747456769,105.1439716970729,-0.34185471189161,-0.7493804863611393,384,0.12530975681943035,882.1012068296761,42.1,29.9,56.75,9.482451918080192,105.45795630065889,False
2026-05-08T22:32:59.639,42.1,29.9,56.75,9.482451918080192,105.45795630065889,-0.8949631047799407,-0.4533303520893752,288,0.2733348239553124,779.1987077713092,52.0,29.9,56.2,11.193249040005112,89.33956498474757,False
2026-05-08T22:33:00.713,52.0,29.9,56.2,11.193249040005112,89.33956498474757,0.2871891163618272,-0.3822710624507657,512,0.30886446877461715,873.0483306227876,47.8,29.9,56.2,8.87213467080486,112.71244600137278,False
2026-05-08T22:33:01.768,47.8,29.9,56.2,8.87213467080486,112.71244600137278,-0.7025214373279804,0.9379187341059703,320,0.9689593670529851,782.3398605268395,63.5,30.0,56.2,10.200885260396475,98.03070757813163,False
2026-05-08T22:33:03.006,63.5,30.0,56.2,10.200885260396475,98.03070757813163,0.2381772997692695,0.8230166322494139,480,0.911508316124707,881.5215961946699,47.5,29.9,55.65,8.374337762914918,119.41242738362187,False
2026-05-08T22:33:04.464,47.5,29.9,55.65,8.374337762914918,119.41242738362187,0.3396791466044107,0.8252092682363321,512,0.9126046341181661,797.6133795520855,51.5,29.9,55.65,7.389140957432907,135.3337290167779,False
2026-05-08T22:33:05.837,51.5,29.9,55.65,7.389140957432907,135.3337290167779,0.6544509801447862,-0.6180206865221114,576,0.1909896567389443,835.524043777235,45.7,29.8,56.2,6.128102396107881,163.1826518817842,False
2026-05-08T22:33:07.460,45.7,29.8,56.2,6.128102396107881,163.1826518817842,0.9923711437225098,-0.1462185502733937,640,0.42689072486330315,781.1001647569989,46.0,29.9,55.65,5.099304537930495,196.10517327640147,False
2026-05-08T22:33:08.702,46.0,29.9,55.65,5.099304537930495,196.10517327640147,0.5443634275858609,0.27476530357291384,544,0.6373826517864569,438.2525246030177,48.8,29.9,55.65,5.2434029604443495,190.71583998862744,False
2026-05-08T22:33:09.589,48.8,29.9,55.65,5.2434029604443495,190.71583998862744,-0.002752190974707691,0.29500675624929507,448,0.6475033781246475,175.4536461684618,52.0,30.0,55.65,6.48807442129635,154.12893488360987,False
2026-05-08T22:33:10.460,52.0,30.0,55.65,6.48807442129635,154.12893488360987,-0.15659078820649341,0.05965842696838797,416,0.529829213484194,565.8279534845854,53.3,30.0,55.65,7.230984175504473,138.2937613648193,False
2026-05-08T22:33:11.847,53.3,30.0,55.65,7.230984175504473,138.2937613648193,0.1555112342757241,0.7884203478910716,480,0.8942101739455358,734.311675969242,52.3,30.1,54.55,6.536703109204167,152.98231896013837,False
2026-05-08T22:33:13.036,52.3,30.1,54.55,6.536703109204167,152.98231896013837,0.35187051083448084,0.47203097277376393,512,0.736015486386882,717.1127679015419,51.2,30.1,55.1,6.257525537487578,159.80757793303454,False
2026-05-08T22:33:13.614,51.2,30.1,55.1,6.257525537487578,159.80757793303454,-0.9010556466265833,-0.5125775069067859,288,0.24371124654660703,644.9120653627554,51.0,30.1,54.55,9.332057878157189,107.15750084883433,False
2026-05-08T22:33:15.059,51.0,30.1,54.55,9.332057878157189,107.15750084883433,0.8757105789112689,-0.5572126667200137,608,0.22139366663999316,653.9312816196773,44.7,30.1,55.65,7.064475110042357,141.5533333224532,False
2026-05-08T22:33:16.071,44.7,30.1,55.65,7.064475110042357,141.5533333224532,-0.3382732668567243,0.8744849653139826,384,0.9372424826569913,295.9971485955438,55.1,30.1,55.65,8.396116836524197,119.10267799631734,False
2026-05-08T22:33:16.966,55.1,30.1,55.65,8.396116836524197,119.10267799631734,-0.030649624876150305,-0.9061376850907992,448,0.046931157454600414,770.2855475349934,50.0,30.1,54.55,8.055857424382957,124.13327934196845,False
2026-05-08T22:33:17.553,50.0,30.1,54.55,8.055857424382957,124.13327934196845,-0.863885620201613,0.3244861749275305,288,0.6622430874637653,632.998471388641,48.7,30.1,56.2,10.469477235994198,95.51575283644412,False
2026-05-08T22:33:18.780,48.7,30.1,56.2,10.469477235994198,95.51575283644412,0.5330573130697276,0.05511487303080154,544,0.5275574365154008,713.2370618469793,47.8,30.1,55.65,8.08732280870721,123.65031341686408,False
2026-05-08T22:33:20.254,47.8,30.1,55.65,8.08732280870721,123.65031341686408,0.6952515644529538,0.6609856741912121,576,0.8304928370956061,762.7419307620812,45.5,29.9,55.65,6.434314289231347,155.41671653708752,False
2026-05-08T22:33:21.656,45.5,29.9,55.65,6.434314289231347,155.41671653708752,0.711439058879727,-0.09544963222382075,576,0.4522751838880896,659.6678848680732,45.9,30.1,55.1,5.573149370880728,179.43175993540066,False
2026-05-08T22:33:22.484,45.9,30.1,55.1,5.573149370880728,179.43175993540066,-0.2531898541579982,-0.9123796656298957,384,0.04381016718505215,404.638271433378,64.9,30.2,56.2,7.454946461341501,134.1391256376712,False
2026-05-08T22:33:23.342,64.9,30.2,56.2,7.454946461341501,134.1391256376712,-0.14251631950410593,-0.7708094977948967,416,0.11459525110255164,772.0749592541227,46.9,30.2,56.2,7.700313487416867,129.86484272804043,False
2026-05-08T22:33:24.212,46.9,30.2,56.2,7.700313487416867,129.86484272804043,-0.02600789758107447,-0.3734320785056209,448,0.31328396074718956,792.6776527729314,48.2,30.2,55.65,7.730111599804517,129.36423841866508,False
2026-05-08T22:33:25.610,48.2,30.2,55.65,7.730111599804517,129.36423841866508,-0.5830201854024757,0.947076123040502,352,0.973538061520251,834.642990826999,51.5,30.1,56.2,8.771749483845946,114.002343756123,False
2026-05-08T22:33:26.380,51.5,30.1,56.2,8.771749483845946,114.002343756123,-0.5332953707647672,0.33379501184375293,352,0.6668975059218765,831.7356820875995,53.6,30.0,54.55,9.407466841942849,106.29854102079173,False
2026-05-08T22:33:27.821,53.6,30.0,54.55,9.407466841942849,106.29854102079173,0.8190254605846852,-0.44227395023502214,608,0.27886302488248893,898.5019663081328,47.5,29.9,57.3,7.103531475337471,140.77505019466287,False
2026-05-08T22:33:29.534,47.5,29.9,57.3,7.103531475337471,140.77505019466287,0.9405756736151383,0.6878794451900543,640,0.8439397225950271,871.6106998615567,48.5,29.9,57.3,5.623271895398426,177.8324112014411,False
2026-05-08T22:33:30.956,48.5,29.9,57.3,5.623271895398426,177.8324112014411,0.8062305727970525,-0.5456516689445032,608,0.22717416552774838,618.1388296568852,47.5,30.0,57.3,5.092773876542613,196.35664654305856,False
2026-05-08T22:33:32.569,47.5,30.0,57.3,5.092773876542613,196.35664654305856,0.9956342086169936,-0.1786883914061257,640,0.41065580429693715,595.9793818255629,45.4,29.9,57.3,4.561330773119571,219.23426511690647,False
2026-05-08T22:33:33.928,45.4,29.9,57.3,4.561330773119571,219.23426511690647,0.6174950814677209,-0.5427657707115754,576,0.2286171146442123,578.9621236844353,46.2,30.0,57.3,4.6362169754521005,215.6930974746895,False
2026-05-08T22:33:34.830,46.2,30.0,57.3,4.6362169754521005,215.6930974746895,-0.5121981327118734,0.49255086159068573,352,0.7462754307953429,708.0032267237212,52.7,30.1,56.75,6.736984742364329,148.4343572446703,False
2026-05-08T22:33:36.172,52.7,30.1,56.75,6.736984742364329,148.4343572446703,0.4585992998920285,-0.5808715033974057,544,0.20956424830129716,789.8440139432058,50.7,30.1,54.55,5.9190815497678555,168.9451296779683,False
2026-05-08T22:33:37.484,50.7,30.1,54.55,5.9190815497678555,168.9451296779683,-0.1057161932745081,0.9021823299490728,416,0.9510911649745364,619.6139976436132,52.5,30.1,56.2,6.740557752853138,148.35567569712177,False
2026-05-08T22:33:38.959,52.5,30.1,56.2,6.740557752853138,148.35567569712177,0.7180104797547289,-0.5437601749404237,576,0.22811991252978814,817.6487060761713,45.9,30.3,55.1,5.777897141308169,173.07334754207668,False
2026-05-08T22:33:40.006,45.9,30.3,55.1,5.777897141308169,173.07334754207668,0.12706757461301987,0.5754080497449328,480,0.7877040248724664,813.1359791529857,47.0,30.5,55.1,6.133545258282144,163.03784481735048,False
2026-05-08T22:33:41.469,47.0,30.5,55.1,6.133545258282144,163.03784481735048,0.593031499886443,0.4743086872376572,576,0.7371543436188286,651.2277250310126,46.5,30.6,55.65,5.332115427282578,187.54282678941047,False
2026-05-08T22:33:42.210,46.5,30.6,55.65,5.332115427282578,187.54282678941047,-0.40061326813966436,-0.381494143138549,384,0.3092529284307255,710.9123166541754,49.0,30.6,55.1,7.21234100898194,138.65123664489005,False
2026-05-08T22:33:42.768,49.0,30.6,55.1,7.21234100898194,138.65123664489005,-0.8561632064191176,-0.4488155590689349,288,0.27559222046553256,542.7568396428298,53.7,30.6,56.75,9.95607727557881,100.44116496091215,False
2026-05-08T22:33:43.353,53.7,30.6,56.75,9.95607727557881,100.44116496091215,-0.6450380850481434,0.27527521111998543,320,0.6376376055599927,487.4056125685069,52.8,30.6,56.2,11.125626471413256,89.88257897831194,False
2026-05-08T22:33:43.836,52.8,30.6,56.2,11.125626471413256,89.88257897831194,-0.9229897489855585,-0.034544756693661194,256,0.4827276216531694,619.6558204854057,51.5,30.5,54.0,13.50324079135736,74.05629622187008,False
2026-05-08T22:33:44.439,51.5,30.5,54.0,13.50324079135736,74.05629622187008,-0.730963749891254,-0.9623837717977635,320,0.018808114101118267,699.2107266603086,51.3,30.5,56.75,12.80717979106961,78.08120259991162,False
2026-05-08T22:33:46.064,51.3,30.5,56.75,12.80717979106961,78.08120259991162,0.982292597544107,0.11036498244624493,640,0.5551824912231225,505.076480478467,46.8,30.0,57.3,8.66095589724784,115.46069647090182,False
2026-05-08T22:33:46.673,46.8,30.0,57.3,8.66095589724784,115.46069647090182,-0.5903198555499471,-0.8967335190552894,320,0.05163324047235529,96.80821839529415,51.3,30.1,54.0,10.305875645312867,97.03202662403578,False
2026-05-08T22:33:47.255,51.3,30.1,54.0,10.305875645312867,97.03202662403578,-0.6224661906098972,-0.24614606442906406,320,0.37692696778546797,324.79416478310515,52.3,30.1,54.0,11.255996208082387,88.84153668086245,False
2026-05-08T22:33:48.124,52.3,30.1,54.0,11.255996208082387,88.84153668086245,-0.5495162382279077,0.7599132125861934,352,0.8799566062930967,640.7314796645327,53.8,30.1,56.2,10.826699270666557,92.3642538690773,False
2026-05-08T22:33:48.752,53.8,30.1,56.2,10.826699270666557,92.3642538690773,-0.6456023800203596,-0.9005110471520421,320,0.049744476423978945,759.4184132997008,48.5,30.0,54.55,11.235491656173195,89.0036707428431,False
2026-05-08T22:33:50.345,48.5,30.0,54.55,11.235491656173195,89.0036707428431,0.9180493434729791,-0.6172824167071886,640,0.19135879164640568,701.2602981861646,43.8,29.9,55.1,7.838381697913438,127.5773544258757,False
2026-05-08T22:33:51.420,43.8,29.9,55.1,7.838381697913438,127.5773544258757,0.2013262251507637,0.36792735587272496,480,0.6839636779363625,666.9249310131225,52.0,30.1,57.3,7.241298290382412,138.096783187092,False
2026-05-08T22:33:52.709,52.0,30.1,57.3,7.241298290382412,138.096783187092,0.5313359855932627,0.5052171180464573,544,0.7526085590232287,619.040244858249,46.4,29.9,55.1,6.376484207022385,156.8262333181514,False
2026-05-08T22:33:53.372,46.4,29.9,55.1,6.376484207022385,156.8262333181514,-0.6006816269583031,-0.8994510677653154,320,0.05027446611734232,842.3747917599726,50.0,30.1,55.65,8.757852583993348,114.18324188599514,False
2026-05-08T22:33:54.247,50.0,30.1,55.65,8.757852583993348,114.18324188599514,-0.7259914805098822,-0.28048300769434054,320,0.35975849615282973,853.7176745278296,57.3,30.1,54.55,9.419977599097708,106.15736497035672,False
2026-05-08T22:33:55.052,57.3,30.1,54.55,9.419977599097708,106.15736497035672,-0.5834981593368471,0.6344561355161178,320,0.8172280677580589,813.5114558803863,56.1,30.2,56.75,10.17131312261674,98.31572265496565,False
2026-05-08T22:33:55.759,56.1,30.2,56.75,10.17131312261674,98.31572265496565,-0.6459680020743124,0.36721682697473224,320,0.6836084134873661,805.2369172962151,49.8,30.1,54.55,10.79305663270047,92.65215907143774,False
2026-05-08T22:33:56.367,49.8,30.1,54.55,10.79305663270047,92.65215907143774,-0.7048946201261304,0.25176398137654976,320,0.6258819906882749,753.1469430262104,52.0,30.1,56.2,11.416316336493528,87.59392877047289,False
2026-05-08T22:33:57.885,52.0,30.1,56.2,11.416316336493528,87.59392877047289,0.8549075922242968,0.4873866461619425,608,0.7436933230809712,801.1926943644123,45.5,30.1,56.2,8.154439468452019,122.63258607397977,False
2026-05-08T22:33:59.358,45.5,30.1,56.2,8.154439468452019,122.63258607397977,0.8218086794970256,-0.5740293222880668,608,0.2129853388559666,833.7736111441748,46.0,30.0,55.65,6.394088356119365,156.39446068069503,False
2026-05-08T22:33:59.968,46.0,30.0,55.65,6.394088356119365,156.39446068069503,-0.7266913970682976,-0.6666595385613754,320,0.1666702307193123,789.5058040254747,48.7,30.1,55.1,9.078455697981502,110.15089275837292,False
2026-05-08T22:34:00.674,48.7,30.1,55.1,9.078455697981502,110.15089275837292,-0.27270820926515027,0.35248084639956323,384,0.6762404231997816,815.1525237858507,53.1,30.1,54.55,9.48685243995866,105.40903912323922,False
2026-05-08T22:34:01.922,53.1,30.1,54.55,9.48685243995866,105.40903912323922,0.5625696547179795,0.28550566999911675,544,0.6427528349995584,818.6257389535687,44.6,30.1,56.2,7.5198543414431045,132.98129918406028,False
2026-05-08T22:34:02.999,44.6,30.1,56.2,7.5198543414431045,132.98129918406028,0.3367623647904483,0.037809007837000363,512,0.5189045039185002,800.5154493459243,46.5,30.0,55.65,6.887318931518476,145.1943796915944,False
2026-05-08T22:34:03.920,46.5,30.0,55.65,6.887318931518476,145.1943796915944,0.0607832551485612,0.23266652786185604,448,0.616333263930928,812.258950257761,50.0,30.0,55.1,7.3090351916315655,136.81696335857623,False
2026-05-08T22:34:05.373,50.0,30.0,55.1,7.3090351916315655,136.81696335857623,0.7731995653857775,0.48352936019271353,608,0.7417646800963568,845.8615459320802,47.2,29.9,55.65,5.989915598736968,166.94726052748717,False
2026-05-08T22:34:06.932,47.2,29.9,55.65,5.989915598736968,166.94726052748717,0.8019742026026209,-0.8685672986690756,608,0.06571635066546222,864.7100689625552,45.7,29.9,56.75,5.185941693973357,192.82900946651824,False
2026-05-08T22:34:08.003,45.7,29.9,56.75,5.185941693973357,192.82900946651824,0.31977543430371447,-0.6271572247425141,512,0.18642138762874294,873.3800595763555,47.0,30.0,54.55,5.687146833413153,175.83509434375688,False
2026-05-08T22:34:09.403,47.0,30.0,54.55,5.687146833413153,175.83509434375688,0.619667571438649,-0.31871630612145463,576,0.3406418469392727,858.4041152874804,48.3,29.8,55.1,5.203922534860786,192.16273749293075,False
2026-05-08T22:34:10.804,48.3,29.8,55.1,5.203922534860786,192.16273749293075,0.7283784761941514,-0.6651746463552586,576,0.1674126768223707,858.8362997941222,47.8,29.7,55.1,4.947435793074525,202.12490708819527,False
2026-05-08T22:34:11.399,47.8,29.7,55.1,4.947435793074525,202.12490708819527,-0.8808881716708534,-0.26830366734761424,288,0.3658481663261929,851.9088687753107,52.0,29.9,55.65,8.451044497541432,118.32856876933009,False
2026-05-08T22:34:12.371,52.0,29.9,55.65,8.451044497541432,118.32856876933009,-0.007339551210476802,0.7326846213592639,448,0.866342310679632,866.5225491419893,48.0,29.9,54.0,8.0694978785977,123.92344790773747,False
2026-05-08T22:34:13.364,48.0,29.9,54.0,8.0694978785977,123.92344790773747,0.09949366809597593,-0.17703918874252245,480,0.4114804056287388,880.827968582091,47.8,29.8,55.65,7.4006625995748445,135.12303615320178,False
2026-05-08T22:34:14.802,47.8,29.8,55.65,7.4006625995748445,135.12303615320178,-0.9688953388389292,0.9512275375458275,256,0.9756137687729137,235.12141200992215,64.7,29.7,55.1,11.869643761686522,84.24852675257652,False
2026-05-08T22:34:15.808,64.7,29.7,55.1,11.869643761686522,84.24852675257652,-0.0550341059787256,-0.4584670053001767,448,0.27076649734991165,420.00217923150126,50.8,29.9,55.65,9.59676599030766,104.20176974305292,False
2026-05-08T22:34:16.956,50.8,29.9,55.65,9.59676599030766,104.20176974305292,0.20032963782382573,0.5017579175648796,480,0.7508789587824398,643.438153222487,54.2,29.9,54.55,7.9868638094815925,125.20559056144812,False
2026-05-08T22:34:18.375,54.2,29.9,54.55,7.9868638094815925,125.20559056144812,0.8385299250841496,-0.5947558112616695,608,0.20262209436916523,750.3101627559747,46.7,29.9,55.1,6.360564729458852,157.21874433075357,False
2026-05-08T22:34:19.418,46.7,29.9,55.1,6.360564729458852,157.21874433075357,0.3443324349145609,-0.3971696801266802,512,0.3014151599366599,763.7398926332891,47.5,30.0,58.4,6.349992233610645,157.48050756770672,False
2026-05-08T22:34:20.633,47.5,30.0,58.4,6.349992233610645,157.48050756770672,0.4931946396055005,-0.39951924493103297,544,0.3002403775344835,804.1061903174508,46.7,30.0,57.85,5.922431848678153,168.84955801107162,False
2026-05-08T22:34:22.030,46.7,30.0,57.85,5.922431848678153,168.84955801107162,0.6431053280900567,-0.3117864764960403,576,0.34410676175197985,647.8757499924627,47.8,29.9,56.2,5.331767129292139,187.5550780352185,False
2026-05-08T22:34:23.232,47.8,29.9,56.2,5.331767129292139,187.5550780352185,0.5166938086335295,-0.7411048792463095,544,0.12944756037684524,658.9938277216831,46.4,29.8,55.65,5.376840353867894,185.98283270222782,False
2026-05-08T22:34:24.291,46.4,29.8,55.65,5.376840353867894,185.98283270222782,0.32479872329735704,-0.017228846340669568,512,0.4913855768296652,604.5818781949482,49.3,29.9,55.1,5.831126341127391,171.49345452300042,False
2026-05-08T22:34:25.000,49.3,29.9,55.1,5.831126341127391,171.49345452300042,-0.7260181568023227,0.6411802137811,320,0.82059010689055,646.261778446853,51.3,29.9,56.2,8.816027433551918,113.42977407196052,False
2026-05-08T22:34:26.113,51.3,29.9,56.2,8.816027433551918,113.42977407196052,0.3211090004777608,0.6363854974420744,512,0.8181927487210372,835.4327617580741,44.8,29.9,55.1,7.655289140027211,130.62863880232817,False
2026-05-08T22:34:27.102,44.8,29.9,55.1,7.655289140027211,130.62863880232817,-0.19707888429788523,0.6839692560522366,416,0.8419846280261183,846.1515371673495,49.5,29.9,55.1,7.790004012151201,128.36963863435176,False
2026-05-08T22:34:28.740,49.5,29.9,55.1,7.790004012151201,128.36963863435176,0.9977266171222792,-0.38011773428633955,640,0.3099411328568302,841.1938026911465,44.8,30.0,55.65,5.976985269151335,167.30842640038642,False
2026-05-08T22:34:29.851,44.8,30.0,55.65,5.976985269151335,167.30842640038642,0.30499491417348934,-0.3589980461005897,512,0.32050097694970514,800.1093893934927,47.5,30.0,54.0,6.0494866153195055,165.30328333442964,False
2026-05-08T22:34:30.486,47.5,30.0,54.0,6.0494866153195055,165.30328333442964,-0.9718538741341161,0.7798131695499251,256,0.8899065847749625,759.0652753717128,48.7,30.1,56.2,10.619002148589223,94.17080682414722,False
2026-05-08T22:34:31.265,48.7,30.1,56.2,10.619002148589223,94.17080682414722,-0.34752242385950693,0.13569965271106388,384,0.5678498263555319,803.9666787422741,51.8,30.1,56.2,10.049483535153787,99.507601211737,False
2026-05-08T22:34:32.664,51.8,30.1,56.2,10.049483535153787,99.507601211737,0.5855186286568994,-0.06774163606645911,576,0.46612918196677045,817.0393917475658,50.0,30.1,55.65,7.527827214820682,132.8404560124884,False
2026-05-08T22:34:33.302,50.0,30.1,55.65,7.527827214820682,132.8404560124884,-0.9804202526751418,0.4219402945133841,256,0.710970147256692,688.8691562557931,52.7,30.1,56.2,10.887150552548501,91.85139813887452,False
2026-05-08T22:34:33.794,52.7,30.1,56.2,10.887150552548501,91.85139813887452,-0.9769239763401087,0.06451416541316823,256,0.5322570827065841,791.0519968629465,51.3,30.1,55.1,13.415309641877734,74.54170098902246,False
2026-05-08T22:34:34.928,51.3,30.1,55.1,13.415309641877734,74.54170098902246,0.20145190035089766,0.5416379907790652,480,0.7708189953895326,864.17231869163,47.2,30.0,54.55,10.216900755726293,97.87703961394823,False
2026-05-08T22:34:35.867,47.2,30.0,54.55,10.216900755726293,97.87703961394823,-0.01964876226465906,0.2796364414484733,448,0.6398182207242367,885.0417946517582,47.5,30.0,56.2,8.979389531135196,111.36614538578522,False
2026-05-08T22:34:36.526,47.5,30.0,56.2,8.979389531135196,111.36614538578522,-0.8383105472546599,-0.31971795759058597,288,0.340141021204707,867.5066011918516,56.7,30.1,54.55,10.137467549329255,98.64396557956577,False
2026-05-08T22:34:37.395,56.7,30.1,54.55,10.137467549329255,98.64396557956577,-0.149648367334557,-0.9435028341836607,416,0.028248582908169673,394.7629203265422,53.0,30.1,55.1,8.920351645364851,112.10320397174196,False
2026-05-08T22:34:38.130,53.0,30.1,55.1,8.920351645364851,112.10320397174196,-0.33855407268477355,-0.26539605118093723,384,0.3673019744095314,431.7609491042168,58.0,30.1,55.1,9.20428657549367,108.6450309644303,False
2026-05-08T22:34:38.980,58.0,30.1,55.1,9.20428657549367,108.6450309644303,-0.18638666584695152,-0.9086132058614071,416,0.045693397069296426,563.5016019331438,48.0,30.1,55.65,8.625354260787244,115.93726701130639,False
2026-05-08T22:34:39.783,48.0,30.1,55.65,8.625354260787244,115.93726701130639,-0.8441396790323539,0.7510927977789967,288,0.8755463988894984,710.3929161952209,50.5,30.0,55.1,10.469374586696043,95.51668934176354,False
2026-05-08T22:34:41.032,50.5,30.0,55.1,10.469374586696043,95.51668934176354,0.40931949087582864,0.833139606527497,512,0.9165698032637485,355.57447776246335,47.7,29.9,57.3,8.487738117081967,117.81701864569237,False
2026-05-08T22:34:41.881,47.7,29.9,57.3,8.487738117081967,117.81701864569237,-0.1301004276739206,-0.1158147486726564,416,0.4420926256636718,669.889279500142,48.8,29.9,57.3,8.35754978303218,119.65229355022672,False
2026-05-08T22:34:42.799,48.8,29.9,57.3,8.35754978303218,119.65229355022672,0.03217608984631615,0.49220955879013784,448,0.7461047793950689,715.0121735773929,47.5,29.9,55.65,7.967177021190063,125.51497190790788,False
2026-05-08T22:34:44.236,47.5,29.9,55.65,7.967177021190063,125.51497190790788,0.8541656272646072,0.3083676705098177,608,0.6541838352549089,834.6448418892882,44.7,29.9,54.0,6.330453947352371,157.9665547394491,False
2026-05-08T22:34:45.478,44.7,29.9,54.0,6.330453947352371,157.9665547394491,0.4986322687462712,0.35274721732912284,544,0.6763736086645614,730.1342649081735,48.8,29.8,55.65,5.89709251997139,169.57509087967497,False
2026-05-08T22:34:46.555,48.8,29.8,55.65,5.89709251997139,169.57509087967497,0.1349822927298261,0.255950335663921,480,0.6279751678319605,772.5562234603406,51.7,30.0,56.2,6.196709150247212,161.37597808025345,False
2026-05-08T22:34:47.143,51.7,30.0,56.2,6.196709150247212,161.37597808025345,-0.8484794463025069,0.00485122011796113,288,0.5024256100589806,593.6419069115613,49.7,30.0,56.75,9.31285556269544,107.37845049435813,False
2026-05-08T22:34:48.161,49.7,30.0,56.75,9.31285556269544,107.37845049435813,0.16294830086001877,0.4599215543081743,480,0.7299607771540871,724.7841688673847,47.7,29.9,56.75,8.036201055819442,124.43690657488548,False
2026-05-08T22:34:49.146,47.7,29.9,56.75,8.036201055819442,124.43690657488548,0.18047830634491713,-0.7320171987744413,480,0.13399140061277937,607.557433483042,48.2,29.9,56.75,7.397346041041101,135.18361780723998,False
2026-05-08T22:34:49.847,48.2,29.9,56.75,7.397346041041101,135.18361780723998,-0.5485329674955957,-0.0029115705400128977,352,0.49854421472999355,608.90644105125,47.4,29.9,56.2,8.629922767907077,115.8758921596374,False
2026-05-08T22:34:50.892,47.4,29.9,56.2,8.629922767907077,115.8758921596374,0.18696529308704068,0.5154913576606741,480,0.757745678830337,677.4709126594369,49.0,29.9,55.65,7.679859529361104,130.2107149456145,False
2026-05-08T22:34:52.469,49.0,29.9,55.65,7.679859529361104,130.2107149456145,0.9003845072318117,-0.044164022828949934,608,0.47791798858552503,420.47794477315125,46.4,29.8,56.75,6.120105702237655,163.39587070111818,False
2026-05-08T22:34:53.855,46.4,29.8,56.75,6.120105702237655,163.39587070111818,0.6145106925586721,-0.031789592847891956,576,0.484105203576054,646.6473143247249,48.5,29.8,56.75,5.450173374861685,183.4804016716951,False
2026-05-08T22:34:54.486,48.5,29.8,56.75,5.450173374861685,183.4804016716951,-0.6545989039288498,-0.07390723400772159,320,0.4630463829961392,427.94842726121044,52.0,29.9,56.75,8.542477495100218,117.06205846881991,False
2026-05-08T22:34:55.544,52.0,29.9,56.75,8.542477495100218,117.06205846881991,0.3616599684656028,-0.2578859719521194,512,0.3710570140239403,695.4463013743266,44.8,29.9,56.2,7.469818088635231,133.87206865471398,False
2026-05-08T22:34:56.569,44.8,29.9,56.2,7.469818088635231,133.87206865471398,-0.1407978401410841,-0.45838389283180225,416,0.2708080535840989,728.7813220818681,55.1,30.0,56.2,7.312746670880818,136.74752387936203,False
2026-05-08T22:34:57.369,55.1,30.0,56.2,7.312746670880818,136.74752387936203,-0.4945050542809222,-0.6288650256393158,352,0.1855674871803421,771.3541858748482,50.5,30.0,56.75,8.065643521776593,123.98266763217093,False
2026-05-08T22:34:58.001,50.5,30.0,56.75,8.065643521776593,123.98266763217093,-0.8967456307030692,0.502301219125497,288,0.7511506095627485,678.3450062834186,52.3,30.0,53.45,10.352327633004643,96.59663367027359,False
2026-05-08T22:34:58.688,52.3,30.0,53.45,10.352327633004643,96.59663367027359,-0.7543891083511471,0.6433101838559481,288,0.821655091927974,607.327390451256,56.1,30.0,54.55,10.874772648824214,91.9559454061893,False
2026-05-08T22:34:59.751,56.1,30.0,54.55,10.874772648824214,91.9559454061893,0.40978795086023223,0.006617178022392478,512,0.5033085890111962,479.9095651635644,48.5,30.0,55.65,8.730145763329991,114.5456246790734,False
2026-05-08T22:35:01.163,48.5,30.0,55.65,8.730145763329991,114.5456246790734,0.6352747422308418,-0.5842021136658264,576,0.2078989431670868,789.2847661084206,48.3,29.9,56.2,6.804221523456683,146.96758424937047,False
2026-05-08T22:35:01.781,48.3,29.9,56.2,6.804221523456683,146.96758424937047,-0.5919226014087737,-0.9680296760282034,320,0.015985161985898277,803.9360623630341,50.2,30.0,55.1,9.022318115159427,110.83626039740118,False
2026-05-08T22:35:02.987,50.2,30.0,55.1,9.022318115159427,110.83626039740118,0.5520270080537888,-0.9864066721756553,544,0.006796663912172374,856.920445305597,48.8,30.0,55.1,7.33916393645403,136.25530219224905,False
2026-05-08T22:35:05.256,48.8,30.0,55.1,7.33916393645403,136.25530219224905,0.9915081413082767,0.9274544407092513,640,0.9637272203546257,848.1858542222717,44.7,30.1,56.2,5.733528965643584,174.41265335750347,False
2026-05-08T22:35:06.707,44.7,30.1,56.2,5.733528965643584,174.41265335750347,0.7165582296910384,0.5094433466835329,576,0.7547216733417664,869.6297488568641,49.3,30.1,54.55,5.199973652642924,192.3086666971366,False
2026-05-08T22:35:07.357,49.3,30.1,54.55,5.199973652642924,192.3086666971366,-0.8631416508921226,0.3078800586994004,288,0.6539400293497002,786.5159087076659,51.8,30.2,55.65,8.670181004473234,115.33784582860115,False
2026-05-08T22:35:07.955,51.8,30.2,55.65,8.670181004473234,115.33784582860115,-0.6996823995591723,-0.9991138536588033,320,0.0004430731705983293,837.6045672427887,53.0,30.2,55.65,10.216618487813228,97.87974379123955,False
2026-05-08T22:35:08.588,53.0,30.2,55.65,10.216618487813228,97.87974379123955,-0.8437710530882765,0.33279914799399557,288,0.6663995739969978,855.158010056194,54.0,30.2,56.2,11.605897632870334,86.16308980425525,False
2026-05-08T22:35:09.116,54.0,30.2,56.2,11.605897632870334,86.16308980425525,-0.779728824610928,-0.7667239616770032,288,0.11663801916149841,602.8119037644548,52.1,30.2,57.3,12.507765854306461,79.95032939121553,False
2026-05-08T22:35:09.705,52.1,30.2,57.3,12.507765854306461,79.95032939121553,-0.8758111459668807,0.25928826847206077,288,0.6296441342360304,116.43483419823174,54.8,30.2,55.65,12.7672702359102,78.325278741835,False
2026-05-08T22:35:10.494,54.8,30.2,55.65,12.7672702359102,78.325278741835,-0.5508306818508675,0.11062123492873388,352,0.5553106174643669,683.0404939340727,47.2,30.1,54.55,11.196924942821608,89.31023518569746,False
2026-05-08T22:35:11.564,47.2,30.1,54.55,11.196924942821608,89.31023518569746,0.1438813428380652,0.7181036812569561,480,0.8590518406284781,818.5239640181278,50.2,30.1,54.55,9.055325952888989,110.4322478508863,False
2026-05-08T22:35:12.471,50.2,30.1,54.55,9.055325952888989,110.4322478508863,-0.1171942352147497,0.2649969360232445,416,0.6324984680116222,806.6410378110216,48.5,30.0,55.65,8.528566941109665,117.2529930180613,False
2026-05-08T22:35:17.539,48.5,30.0,55.65,8.528566941109665,117.2529930180613,0.19620258483990094,0.9937082166306503,480,0.9968541083153252,624.3630347714744,64.0,29.7,56.75,7.579418781739525,131.93623796183664,False
2026-05-08T22:35:18.551,64.0,29.7,56.75,7.579418781739525,131.93623796183664,0.0949437794084842,-0.9958692470132942,480,0.0020653764933529217,854.4206018370437,48.5,29.8,54.0,7.134120115204899,140.17145546354163,False
2026-05-08T22:35:19.427,48.5,29.8,54.0,7.134120115204899,140.17145546354163,-0.5184757710382777,0.04683100000062668,352,0.5234155000003133,761.4337716069692,52.5,29.9,54.55,7.971534935686563,125.44635481972873,False
2026-05-08T22:35:21.026,52.5,29.9,54.55,7.971534935686563,125.44635481972873,0.48053105085474823,0.8376013847036536,544,0.9188006923518268,852.276072696761,53.2,29.8,56.2,6.664412066238281,150.05074567132053,False
2026-05-08T22:35:22.637,53.2,29.8,56.2,6.664412066238281,150.05074567132053,0.9425264210342843,-0.6199748652284127,640,0.19001256738579364,581.7478184743884,45.5,30.2,55.1,5.389072482555269,185.5606884555842,False
2026-05-08T22:35:23.377,45.5,30.2,55.1,5.389072482555269,185.5606884555842,-0.5372256254961059,0.3350924622758271,352,0.6675462311379136,458.57913194703985,51.0,30.1,54.55,7.709277680868087,129.71383849380257,False
2026-05-08T22:35:24.251,51.0,30.1,54.55,7.709277680868087,129.71383849380257,-0.15708323638719235,0.34063379717496756,416,0.6703168985874838,727.8016016393161,52.7,30.1,55.1,7.958386543187743,125.65361013483125,False
2026-05-08T22:35:25.527,52.7,30.1,55.1,7.958386543187743,125.65361013483125,0.4436119833748158,-0.6241045819763749,544,0.18794770901181257,786.9627839304031,46.2,30.1,55.1,6.678347033987771,149.73765138450443,False
2026-05-08T22:35:26.171,46.2,30.1,55.1,6.678347033987771,149.73765138450443,-0.6736483529772885,-0.049746137323745554,320,0.4751269313381272,738.6399664946501,48.5,30.1,56.2,9.075946401562303,110.1813470193988,False
2026-05-08T22:35:27.782,48.5,30.1,56.2,9.075946401562303,110.1813470193988,0.9814498791988371,0.040115541853325665,640,0.5200577709266628,874.3188339183268,46.0,29.9,55.65,6.686930821550551,149.545438211685,False
2026-05-08T22:35:28.610,46.0,29.9,55.65,6.686930821550551,149.545438211685,-0.21701311928460276,-0.21851668741561925,416,0.3907416562921904,797.3657600670078,50.3,30.0,56.75,7.435533090066796,134.4893483610355,False
2026-05-08T22:35:29.478,50.3,30.0,56.75,7.435533090066796,134.4893483610355,-0.00912716766222621,-0.7936258705779182,448,0.10318706471104089,738.9190242822631,48.2,30.0,55.65,7.594266705477496,131.67828294451823,False
2026-05-08T22:35:30.913,48.2,30.0,55.65,7.594266705477496,131.67828294451823,0.7898133609378921,0.13922465856252186,608,0.5696123292812609,244.38015838825373,46.5,30.1,54.55,6.137746887546179,162.9262363407416,False
2026-05-08T22:35:31.956,46.5,30.1,54.55,6.137746887546179,162.9262363407416,0.13996817199130196,-0.5437353387772053,480,0.22813233061139737,137.8643569577336,48.2,30.2,55.65,6.288848039931015,159.011633553634,False
2026-05-08T22:35:32.791,48.2,30.2,55.65,6.288848039931015,159.011633553634,-0.4456995267395465,0.6790353071129747,352,0.8395176535564873,240.68459142854766,51.5,30.2,55.65,7.941817814807856,125.9157567346178,False
2026-05-08T22:35:33.495,51.5,30.2,55.65,7.941817814807856,125.9157567346178,-0.3210759241270713,0.03930443733418776,384,0.5196522186670939,662.0574486935207,51.0,30.2,55.1,8.854358208174645,112.93873327563888,False
2026-05-08T22:35:34.304,51.0,30.2,55.1,8.854358208174645,112.93873327563888,-0.910113648353851,0.7632630786999537,288,0.8816315393499768,713.0318219460124,53.5,30.2,55.65,10.895143175041792,91.7840164129981,False
2026-05-08T22:35:35.348,53.5,30.2,55.65,10.895143175041792,91.7840164129981,0.34016162546663575,-0.026807468958415903,512,0.48659626552079205,681.3465180153745,48.8,30.1,56.75,8.787924090705118,113.7925168308734,False
2026-05-08T22:35:36.753,48.8,30.1,56.75,8.787924090705118,113.7925168308734,0.5983166169946099,0.03092162120649289,576,0.5154608106032464,742.6545628156011,48.2,30.1,56.75,6.833151168140199,146.34536473633634,False
2026-05-08T22:35:38.358,48.2,30.1,56.75,6.833151168140199,146.34536473633634,0.9582369384379876,-0.5063448247007183,640,0.24682758764964086,727.433761449615,45.2,29.9,55.1,5.491199294253728,182.1095805148524,False
2026-05-08T22:35:39.775,45.2,29.9,55.1,5.491199294253728,182.1095805148524,0.911293167518797,-0.9059006662622595,608,0.047049666868870244,682.5593345301011,46.2,30.0,55.65,5.034665881640722,198.62291232603405,False
2026-05-08T22:35:40.589,46.2,30.0,55.65,5.034665881640722,198.62291232603405,-0.3172085643398257,-0.9615409990142136,384,0.01922950049289318,742.5058059285707,59.5,30.0,57.85,6.998628942457052,142.88512910486205,False
2026-05-08T22:35:41.572,59.5,30.0,57.85,6.998628942457052,142.88512910486205,-0.012447505741155496,0.04147787475600362,448,0.5207389373780018,31.319097927744536,53.8,30.0,54.55,7.079450656136247,141.25389787599283,False
2026-05-08T22:35:42.402,53.8,30.0,54.55,7.079450656136247,141.25389787599283,-0.8789881672251805,0.8150994406101375,288,0.9075497203050688,476.070299490406,55.9,30.1,54.55,8.64658905539822,115.65254155055307,False
2026-05-08T22:35:44.031,55.9,30.1,54.55,8.64658905539822,115.65254155055307,0.9710135784245328,0.23268812202130484,640,0.6163440610106524,770.0804955010206,46.2,29.9,57.3,6.446552930189101,155.12166127063293,False
2026-05-08T22:35:44.789,46.2,29.9,57.3,6.446552930189101,155.12166127063293,-0.38509262199176875,-0.0715241635205468,384,0.4642379182397266,657.8869457770379,49.7,30.0,56.2,7.702300259653543,129.83134470078176,False
2026-05-08T22:35:45.420,49.7,30.0,56.2,7.702300259653543,129.83134470078176,-0.8301030320842995,0.369162124973625,288,0.6845810624868125,654.9557151797947,52.3,30.0,54.0,10.007013472179052,99.92991443252724,False
2026-05-08T22:35:46.141,52.3,30.0,54.0,10.007013472179052,99.92991443252724,-0.46435790074682237,-0.03284204057523321,352,0.4835789797123834,537.2714114919722,50.5,30.0,54.55,9.85392936561431,101.48235925960064,False
2026-05-08T22:35:47.356,50.5,30.0,54.55,9.85392936561431,101.48235925960064,0.5786593071337223,-0.5930895465007946,544,0.2034552267496027,867.4578958207178,48.5,30.1,56.2,7.726921195926369,129.4176522114914,False
2026-05-08T22:35:48.789,48.5,30.1,56.2,7.726921195926369,129.4176522114914,0.8110979630880908,0.056494718560039514,608,0.5282473592800198,668.8727429695185,46.7,30.1,57.3,6.218799072852879,160.80275118797965,False
2026-05-08T22:35:50.331,46.7,30.1,57.3,6.218799072852879,160.80275118797965,0.8867700132911884,0.7986641287499483,608,0.8993320643749741,765.3388561479164,46.9,30.2,55.65,5.3918170877933385,185.46623220285485,False
2026-05-08T22:35:51.802,46.9,30.2,55.65,5.3918170877933385,185.46623220285485,0.8115444665357339,0.09632429235698803,608,0.548162146178494,859.7877016922138,46.1,30.2,54.55,4.9450239680757075,202.22348899739248,False
2026-05-08T22:35:52.690,46.1,30.2,54.55,4.9450239680757075,202.22348899739248,0.04339031337509991,-0.20896894283586587,448,0.39551552858206707,807.4440984043175,47.9,30.1,55.65,6.213723606280879,160.93409738875292,False
2026-05-08T22:35:53.612,47.9,30.1,55.65,6.213723606280879,160.93409738875292,0.0025019514650916896,-0.022008956375803246,448,0.4889955218120984,817.4823122907306,46.4,30.1,55.65,6.822210650517179,146.58005318616068,False
2026-05-08T22:35:55.157,46.4,30.1,55.65,6.822210650517179,146.58005318616068,0.9036107211405913,0.7846220367441838,608,0.8923110183720919,871.4313578352893,47.7,30.3,56.2,5.699272794287446,175.46098179443706,False
2026-05-08T22:35:56.667,47.7,30.3,56.2,5.699272794287446,175.46098179443706,0.8169595565472796,0.25089000241428594,608,0.625445001207143,854.2272741422939,44.7,30.2,53.45,5.037849229413082,198.49740523427727,False
2026-05-08T22:35:57.555,44.7,30.2,53.45,5.037849229413082,198.49740523427727,-0.08977698577732851,-0.3491394619334858,416,0.3254302690332571,796.2815489495639,47.0,30.3,56.2,6.337828697042332,157.7827435548501,False
2026-05-08T22:35:58.622,47.0,30.3,56.2,6.337828697042332,157.7827435548501,0.26320290343405883,-0.7415499413536037,512,0.12922502932319813,780.8830679226606,46.7,30.2,57.3,6.271763504041506,159.44478763518472,False
2026-05-08T22:35:59.832,46.7,30.2,57.3,6.271763504041506,159.44478763518472,0.5739944284919138,-0.1646933405186799,544,0.41765332974066005,776.69819358919,48.0,30.2,54.0,5.889151391415517,169.80375159953903,False
2026-05-08T22:36:00.433,48.0,30.2,54.0,5.889151391415517,169.80375159953903,-0.8292580024481937,0.38742301168854976,288,0.6937115058442749,731.4243727281934,50.8,30.1,55.65,9.06300307445374,110.3387025012428,False
2026-05-08T22:36:01.676,50.8,30.1,55.65,9.06300307445374,110.3387025012428,0.5099750884634913,-0.778665709907671,544,0.11066714504616448,856.2445939895981,46.7,30.0,56.2,7.288315710719646,137.20591144661876,False
2026-05-08T22:36:03.073,46.7,30.0,56.2,7.288315710719646,137.20591144661876,0.6241518751020587,-0.48342270754732586,576,0.25828864622633707,797.3491568078489,48.8,29.8,56.2,6.064804980153309,164.88576356081305,False
2026-05-08T22:36:04.284,48.8,29.8,56.2,6.064804980153309,164.88576356081305,0.23522121379040284,0.29567440062467454,480,0.6478372003123373,845.3324419770564,53.3,30.0,55.65,6.029696550054039,165.84582519182294,False
2026-05-08T22:36:05.588,53.3,30.0,55.65,6.029696550054039,165.84582519182294,0.5661132231679364,0.6041037220408505,544,0.8020518610204252,810.3911997601341,48.0,30.2,54.0,5.676572968034071,176.16262587149006,False
2026-05-08T22:36:06.638,48.0,30.2,54.0,5.676572968034071,176.16262587149006,0.16397288142547883,-0.8804038949755622,480,0.059798052512218924,884.4361294769471,48.2,30.2,54.55,5.966814003369921,167.5936269230485,False
2026-05-08T22:36:07.659,48.2,30.2,54.55,5.966814003369921,167.5936269230485,0.16428042023928158,-0.999661026272683,480,0.00016948686365847454,882.6070269116635,48.0,30.1,54.55,6.244693692057334,160.13595691201098,False
2026-05-08T22:36:09.264,48.0,30.1,54.55,6.244693692057334,160.13595691201098,0.9624552404999531,-0.8486585977414309,640,0.07567070112928453,848.5606040954636,46.8,30.0,56.2,5.174301955967206,193.26278375516165,False
2026-05-08T22:36:09.953,46.8,30.0,56.2,5.174301955967206,193.26278375516165,-0.7149315219426506,0.5461904002563691,320,0.7730952001281846,819.4733140025729,50.0,30.2,55.1,8.194476010915675,122.0334282104094,False
2026-05-08T22:36:10.839,50.0,30.2,55.1,8.194476010915675,122.0334282104094,0.08279521771509679,-0.637052795372405,448,0.1814736023137975,880.1361588508993,51.5,30.3,55.65,7.904787066406363,126.5056214163926,False
2026-05-08T22:36:11.589,51.5,30.3,55.65,7.904787066406363,126.5056214163926,-0.4666582815290108,0.1415882914813562,352,0.5707941457406781,881.3514919509026,50.8,30.3,53.45,8.838662771409583,113.13928654849231,False
2026-05-08T22:36:13.380,50.8,30.3,53.45,8.838662771409583,113.13928654849231,0.7695217788224427,0.8875799472288917,608,0.9437899736144458,619.6138471029474,53.2,30.2,54.55,6.806552840356066,146.9172462852265,False
2026-05-08T22:36:13.914,53.2,30.2,54.55,6.806552840356066,146.9172462852265,-0.9327115918668127,-0.31415146773764535,256,0.3429242661311773,98.13409633395908,49.5,30.3,56.2,10.908627252811705,91.67056283294026,False
2026-05-08T22:36:14.758,49.5,30.3,56.2,10.908627252811705,91.67056283294026,-0.1290068999005669,0.30615186925620863,416,0.6530759346281043,310.31310068791083,52.8,30.3,56.75,9.672953165447902,103.38104433008442,False
2026-05-08T22:36:15.460,52.8,30.3,56.75,9.672953165447902,103.38104433008442,-0.25834117582440363,-0.9562655799212256,384,0.021867210039387186,403.50295252986666,51.3,30.3,56.75,9.759362185548316,102.4657125115002,False
2026-05-08T22:36:16.446,51.3,30.3,56.75,9.759362185548316,102.4657125115002,-0.12861109643690716,0.4494149585853662,416,0.7247074792926831,599.1311758668646,50.0,30.2,56.2,8.738985619769151,114.42975689739332,False
2026-05-08T22:36:17.522,50.0,30.2,56.2,8.738985619769151,114.42975689739332,0.24391886677945296,0.3020004560840768,480,0.6510002280420384,747.0375804001637,47.0,30.1,55.65,7.63726588096554,130.93691061513434,False
2026-05-08T22:36:18.224,47.0,30.1,55.65,7.63726588096554,130.93691061513434,-0.579477467345243,-0.5788905149770649,352,0.21055474251146755,653.1437646082976,50.7,30.1,56.75,8.814628691653606,113.44777357971752,False
2026-05-08T22:36:18.785,50.7,30.1,56.75,8.814628691653606,113.44777357971752,-0.78797294282712,-0.2932635717195222,288,0.3533682141402389,710.6266465813256,52.5,30.1,57.3,10.844490912668777,92.21271962446643,False
2026-05-08T22:36:20.234,52.5,30.1,57.3,10.844490912668777,92.21271962446643,0.6439960859525671,0.26952205058308665,576,0.6347610252915433,826.8032925053892,45.7,29.9,56.75,7.895123314863953,126.66046622949193,False
2026-05-08T22:36:21.719,45.7,29.9,56.75,7.895123314863953,126.66046622949193,0.6310751934727947,0.8530141715859216,576,0.9265070857929608,664.9274489463793,50.7,29.9,55.1,6.322611317477049,158.16249802289542,False
2026-05-08T22:36:22.289,50.7,29.9,55.1,6.322611317477049,158.16249802289542,-0.7570203514669744,-0.7003331260515169,288,0.14983343697424156,495.9177594226824,51.8,30.0,56.2,9.604685668099442,104.115848717606,False
2026-05-08T22:36:23.780,51.8,30.0,56.2,9.604685668099442,104.115848717606,0.7816243327503694,0.5908733521943539,608,0.7954366760971769,558.5396109819177,48.8,29.9,55.65,7.209988626093556,138.69647399732585,False
2026-05-08T22:36:24.734,48.8,29.9,55.65,7.209988626093556,138.69647399732585,-0.5234545263377901,-0.546828481692188,352,0.226585759153906,209.61496535916908,56.9,30.1,54.55,7.955695694220458,125.6961098608216,False
2026-05-08T22:36:25.657,56.9,30.1,54.55,7.955695694220458,125.6961098608216,-0.09692550815140888,-0.4430677526412863,416,0.27846612367935686,246.1764139262442,49.5,30.1,54.55,7.702642826173565,129.8255705953289,False
2026-05-08T22:36:27.416,49.5,30.1,54.55,7.702642826173565,129.8255705953289,0.7838838140866407,0.814745535693767,608,0.9073727678468835,690.3010870165007,56.7,30.1,56.75,6.192937577176564,161.47425798144604,False
2026-05-08T22:36:29.449,56.7,30.1,56.75,6.192937577176564,161.47425798144604,-0.2944188712519584,0.9717689957297653,384,0.9858844978648826,744.7691454814226,56.5,30.1,56.2,7.568241411882737,132.1310916998394,False
2026-05-08T22:36:30.743,56.5,30.1,56.2,7.568241411882737,132.1310916998394,0.5619315585888278,0.6494266277335279,544,0.8247133138667639,678.1947585471866,47.5,30.1,54.55,6.548556729156513,152.70540385603485,False
2026-05-08T22:36:31.947,47.5,30.1,54.55,6.548556729156513,152.70540385603485,0.435943924620092,-0.26458666947956444,544,0.3677066652602178,38.05189556716283,48.3,30.2,57.3,5.982178567808737,167.16318121648757,False
2026-05-08T22:36:32.623,48.3,30.2,57.3,5.982178567808737,167.16318121648757,-0.4773210818841458,-0.980041360619025,352,0.009979319690487487,89.45907820640366,54.0,30.2,55.65,8.019708321401778,124.69281424255195,False
2026-05-08T22:36:33.244,54.0,30.2,55.65,8.019708321401778,124.69281424255195,-0.6096495337602377,0.396766294642499,320,0.6983831473212495,301.7723397265467,52.8,30.1,54.0,9.985826436679451,100.1419368082394,False
2026-05-08T22:36:34.439,52.8,30.1,54.0,9.985826436679451,100.1419368082394,0.4576624490771881,-0.6560522034614438,544,0.1719738982692781,495.36171724021165,46.5,30.1,57.3,7.85298989359612,127.3400339933546,False
2026-05-08T22:36:35.355,46.5,30.1,57.3,7.85298989359612,127.3400339933546,0.04351067170132339,0.16868939599785793,448,0.584344697998929,564.2071518349564,51.2,30.0,56.2,7.72539627729762,129.44319800638172,False
2026-05-08T22:36:35.909,51.2,30.0,56.2,7.72539627729762,129.44319800638172,-0.9879115677988894,0.4481817235813479,256,0.724090861790674,569.3446803455889,50.0,30.0,55.1,11.063344209395703,90.38858242797288,False
2026-05-08T22:36:37.658,50.0,30.0,55.1,11.063344209395703,90.38858242797288,0.8637814191371334,0.8578605150690044,608,0.9289302575345022,703.3925870384195,47.5,29.8,54.0,7.970998694872136,125.45479409541431,False
2026-05-08T22:36:38.566,47.5,29.8,54.0,7.970998694872136,125.45479409541431,0.06555516997776145,-0.14536326400395017,448,0.4273183679980249,76.73452854364619,47.0,29.9,54.0,7.738308074058944,129.22721484200022,False
2026-05-08T22:36:39.602,47.0,29.9,54.0,7.738308074058944,129.22721484200022,0.33455434389671845,0.37141840202907717,512,0.6857092010145386,332.382809789817,47.7,29.9,55.1,7.107401011548352,140.69840696693,False
2026-05-08T22:36:40.667,47.7,29.9,55.1,7.107401011548352,140.69840696693,0.3042924141334933,0.1337767930127558,512,0.5668883965063779,550.4762251638479,48.3,29.9,55.65,6.729305272786203,148.6037502331886,False
2026-05-08T22:36:41.444,48.3,29.9,55.65,6.729305272786203,148.6037502331886,-0.3446510372720326,0.46078596967742924,384,0.7303929848387146,660.5510444143387,51.0,29.9,55.65,7.989391762558878,125.16597379619742,False
2026-05-08T22:36:42.423,51.0,29.9,55.65,7.989391762558878,125.16597379619742,0.05843981466770143,0.6435325240535748,448,0.8217662620267874,718.6077855703044,50.0,29.9,55.1,7.7614119878819805,128.84253555426724,False
2026-05-08T22:36:42.891,50.0,29.9,55.1,7.7614119878819805,128.84253555426724,-0.9454067717312469,-0.36922340633612016,256,0.3153882968319399,661.1476613246427,51.0,29.9,56.2,11.919828565679767,83.89382401683659,False
2026-05-08T22:36:43.595,51.0,29.9,56.2,11.919828565679767,83.89382401683659,-0.4255468883539957,0.31695362400316895,352,0.6584768120015845,558.1188883164833,49.2,29.9,53.45,11.118044822683272,89.94387196207185,False
2026-05-08T22:36:45.022,49.2,29.9,53.45,11.118044822683272,89.94387196207185,0.8859102920360253,0.017030474123240547,608,0.5085152370616203,795.8833382976941,46.5,29.7,56.2,8.01290518654949,124.79868121722018,False
2026-05-08T22:36:46.384,46.5,29.7,56.2,8.01290518654949,124.79868121722018,0.43506389676024093,-0.5332017800162052,544,0.2333991099918974,610.5186772039068,49.5,30.0,54.0,6.56080806712865,152.4202491169128,False
2026-05-08T22:36:47.166,49.5,30.0,54.0,6.56080806712865,152.4202491169128,-0.3347868013039479,0.3646582977447226,384,0.6823291488723613,457.59833873171976,53.1,30.1,56.2,7.791918575412487,128.33809675007572,False
2026-05-08T22:36:47.873,53.1,30.1,56.2,7.791918575412487,128.33809675007572,-0.4073057633529744,-0.7403192047980813,384,0.12984039760095933,821.720905248952,54.7,30.1,55.1,8.721879380966927,114.6541881996467,False
2026-05-08T22:36:48.565,54.7,30.1,55.1,8.721879380966927,114.6541881996467,-0.8565325213408654,0.5874654386369269,288,0.7937327193184635,805.5468734727267,55.8,30.1,54.55,10.712857099794046,93.34577981248577,False
2026-05-08T22:36:49.998,55.8,30.1,54.55,10.712857099794046,93.34577981248577,0.8209479922052041,-0.46592670154634863,608,0.2670366492268257,888.7873471641303,45.7,30.0,55.65,7.793715433810694,128.30850811691178,False
2026-05-08T22:36:50.767,45.7,30.0,55.65,7.793715433810694,128.30850811691178,-0.37045293282868297,0.1264885046231008,384,0.5632442523115504,834.3533360352478,53.5,30.1,55.65,8.558050585567798,116.84904056145554,False
2026-05-08T22:36:51.527,53.5,30.1,55.65,8.558050585567798,116.84904056145554,-0.29204732220034435,0.01694187999745478,384,0.5084709399987274,822.8238267825222,49.0,30.1,54.55,8.997398502040408,111.14323765622056,False
2026-05-08T22:36:52.828,49.0,30.1,54.55,8.997398502040408,111.14323765622056,0.40966770442258116,0.5035362603828364,512,0.7517681301914182,815.678610807131,37.7,30.1,54.0,7.497542419261514,133.37703797859902,False
2026-05-08T22:36:53.525,37.7,30.1,54.0,7.497542419261514,133.37703797859902,-0.5439805849589507,-0.9496977000440561,352,0.025151149977971965,791.1278183373782,47.7,30.1,56.75,8.867732706508225,112.7683967364147,False
2026-05-08T22:36:55.148,47.7,30.1,56.75,8.867732706508225,112.7683967364147,0.9419203674314549,-0.5777121992648222,640,0.2111439003675889,800.8009021779466,43.2,30.0,55.1,6.550604234957911,152.6576731140933,False
2026-05-08T22:36:56.318,43.2,30.0,55.1,6.550604234957911,152.6576731140933,0.20667310324225374,0.835525621925399,480,0.9177628109626995,793.9468643124802,48.8,30.1,56.2,6.483601094533755,154.2352753384362,False
2026-05-08T22:36:56.942,48.8,30.1,56.2,6.483601094533755,154.2352753384362,-0.6534232987983251,-0.20903259752246184,320,0.3954837012387691,675.6662024903135,52.0,30.2,54.0,8.9588429100876,111.62155760918704,False
2026-05-08T22:36:58.050,52.0,30.2,54.0,8.9588429100876,111.62155760918704,0.2359902481113758,0.7528622638401756,480,0.8764311319200878,855.9073080101707,50.2,30.1,56.2,7.879140100565711,126.91740307145972,False
2026-05-08T22:36:59.233,50.2,30.1,56.2,7.879140100565711,126.91740307145972,-0.13165150599188102,0.8685401279467546,416,0.9342700639733773,874.1901792920385,50.8,30.1,54.0,7.949709734616662,125.79075631472982,False
2026-05-08T22:36:59.958,50.8,30.1,54.0,7.949709734616662,125.79075631472982,-0.4678733734567646,0.4953907474769905,352,0.7476953737384953,682.3932725506373,56.2,30.1,54.55,9.01184459226149,110.96507377176748,False
2026-05-08T22:37:00.469,56.2,30.1,54.55,9.01184459226149,110.96507377176748,-0.9553636756551265,0.42421583462009416,256,0.7121079173100471,713.055367012036,50.5,30.1,55.65,12.486729692504221,80.08502022753801,False
2026-05-08T22:37:01.097,50.5,30.1,55.65,12.486729692504221,80.08502022753801,-0.6958218903024862,-0.2519153223894215,320,0.37404233880528925,832.1396371395741,52.0,30.1,55.1,11.947005070360573,83.70298615515854,False
2026-05-08T22:37:01.711,52.0,30.1,55.1,11.947005070360573,83.70298615515854,-0.7265002355778962,-0.177923467303162,320,0.411038266348419,815.5081541223818,54.7,30.1,54.55,12.120651063825877,82.50381887360022,False
2026-05-08T22:37:02.310,54.7,30.1,54.55,12.120651063825877,82.50381887360022,-0.6381765365995775,-0.14217415530647037,320,0.4289129223467648,679.611475457259,52.7,30.1,54.55,11.988895753779648,83.41051757704521,False
2026-05-08T22:37:02.789,52.7,30.1,54.55,11.988895753779648,83.41051757704521,-0.9664466613486882,-0.060231874859775214,256,0.4698840625701124,92.03883728857403,54.5,30.1,55.65,13.863806380398596,72.13026297120352,False
2026-05-08T22:37:04.415,54.5,30.1,55.65,13.863806380398596,72.13026297120352,0.7448761951556471,0.16092545333609842,576,0.5804627266680492,145.04891519145286,47.3,30.1,57.85,9.295860125345566,107.57476839323954,False
2026-05-08T22:37:05.276,47.3,30.1,57.85,9.295860125345566,107.57476839323954,-0.21920631079502884,0.5102502486177978,416,0.7551251243088989,197.1537124082497,50.7,30.1,55.1,8.728580244911633,114.5661690608796,False
2026-05-08T22:37:05.824,50.7,30.1,55.1,8.728580244911633,114.5661690608796,-0.9315011690836847,0.299182126613577,256,0.6495910633067885,234.7073293926623,53.2,30.1,56.2,12.229700945364172,81.76814825378564,False
2026-05-08T22:37:06.328,53.2,30.1,56.2,12.229700945364172,81.76814825378564,-0.9218418952569027,0.054427016045453414,256,0.5272135080227267,643.9605539613177,53.6,30.1,55.1,13.90545174761306,71.91424041089891,False
2026-05-08T22:37:06.928,53.6,30.1,55.1,13.90545174761306,71.91424041089891,-0.5860657255062551,-0.2094230735492224,320,0.3952884632253888,662.6614306806106,54.5,30.2,56.2,13.198545178245032,75.7659262058886,False
2026-05-08T22:37:07.765,54.5,30.2,56.2,13.198545178245032,75.7659262058886,-0.16643034707978677,0.35177216619305907,416,0.6758860830965295,685.186428731145,50.0,30.1,56.2,10.849147742644336,92.1731387313805,False
2026-05-08T22:37:08.989,50.0,30.1,56.2,10.849147742644336,92.1731387313805,0.4734965405153235,0.07879473519940938,544,0.5393973675997047,851.3480252582309,47.4,30.0,55.1,8.29827152406922,120.50702331196202,False
2026-05-08T22:37:10.009,47.4,30.0,55.1,8.29827152406922,120.50702331196202,-0.9136410709108258,0.8548231696729252,288,0.9274115848364626,590.0910185645582,56.9,29.9,53.45,10.160627674112028,98.4191166209024,False
2026-05-08T22:37:10.639,56.9,29.9,53.45,10.160627674112028,98.4191166209024,-0.8904854487666554,0.211483919873644,288,0.605741959936822,754.7732869795099,50.8,29.9,56.2,11.032386984858114,90.64221563044282,False
2026-05-08T22:37:11.141,50.8,29.9,56.2,11.032386984858114,90.64221563044282,-0.9949661660542655,0.2504063180135807,256,0.6252031590067904,657.5171571856333,53.3,29.9,55.1,13.260637772878066,75.41115420898505,False
2026-05-08T22:37:12.026,53.3,29.9,55.1,13.260637772878066,75.41115420898505,-0.6828920324779586,0.8028953610545269,320,0.9014476805272634,661.7391254486859,54.1,29.9,54.55,12.895916063209222,77.54392903136997,False
2026-05-08T22:37:13.473,54.1,29.9,54.55,12.895916063209222,77.54392903136997,0.8728767690475538,0.15479290436495408,608,0.577396452182477,889.2356386918304,45.9,29.9,54.0,8.942292380760176,111.8281484680096,False
2026-05-08T22:37:14.116,45.9,29.9,54.0,8.942292380760176,111.8281484680096,-0.7202546617710448,-0.23522248606166185,320,0.3823887569691691,810.784153718406,51.0,29.8,54.55,10.206131535943216,97.98031668299319,False
2026-05-08T22:37:14.682,51.0,29.8,54.55,10.206131535943216,97.98031668299319,-0.9034187638569737,-0.3853280898521143,288,0.30733595507394285,801.8495046005933,52.7,29.8,54.55,11.673441325984593,85.6645415927214,False
2026-05-08T22:37:16.337,52.7,29.8,54.55,11.673441325984593,85.6645415927214,0.9885421216271737,-0.22974411350669377,640,0.3851279432466531,835.9685148249633,46.0,29.8,55.1,8.02768103979879,124.56897515512955,False
2026-05-08T22:37:16.951,46.0,29.8,55.1,8.02768103979879,124.56897515512955,-0.7161322038379283,-0.7054251628370611,320,0.14728741858146943,840.9922404575674,51.7,29.9,54.55,10.016630320291993,99.83397290545601,False
2026-05-08T22:37:18.343,51.7,29.9,54.55,10.016630320291993,99.83397290545601,0.6561074707630354,-0.08266050823702065,576,0.4586697458814897,869.2933712499816,46.7,30.1,57.3,7.520975002420477,132.96148433922062,False
2026-05-08T22:37:20.011,46.7,30.1,57.3,7.520975002420477,132.96148433922062,0.8681556292255317,0.6743036110974785,608,0.8371518055487392,818.1605379040352,47.8,30.2,56.2,6.0811354887304345,164.4429731672976,False
2026-05-08T22:37:20.882,47.8,30.2,56.2,6.0811354887304345,164.4429731672976,-0.06284137834018799,0.2174210158559946,448,0.6087105079279973,735.6805651629686,51.7,30.3,55.1,6.889310919515031,145.15239792231563,False
2026-05-08T22:37:21.781,51.7,30.3,55.1,6.889310919515031,145.15239792231563,-0.21464481318358875,0.47392442989458106,416,0.7369622149472905,822.727604906586,48.8,30.3,55.65,7.361259125184115,135.84632506398674,False
2026-05-08T22:37:33.576,48.8,30.3,55.65,7.361259125184115,135.84632506398674,0.1367167287868707,0.9978400954893543,480,0.9989200477446771,697.9940113137219,65.3,29.7,57.3,6.707615078469547,149.08428529386728,False
2026-05-08T22:37:34.150,65.3,29.7,57.3,6.707615078469547,149.08428529386728,-0.979059691509462,-0.177706527994133,256,0.4111467360029335,493.01769788586137,53.3,29.8,56.2,10.497721302070634,95.2587681864591,False
2026-05-08T22:37:35.321,53.3,29.8,56.2,10.497721302070634,95.2587681864591,-0.16531226754516193,0.9186575782118578,416,0.9593287891059289,764.4706262828106,52.5,29.8,57.3,9.15715465233783,109.20422751020145,False
2026-05-08T22:37:36.227,52.5,29.8,57.3,9.15715465233783,109.20422751020145,0.07016824946346523,0.0038666944404726067,448,0.5019333472202363,659.4192175991446,47.5,29.9,54.55,8.467511623595405,118.09845022396182,False
2026-05-08T22:37:36.993,47.5,29.9,54.55,8.467511623595405,118.09845022396182,-0.36226281129477056,0.4891681184321133,384,0.7445840592160566,632.928855814121,52.0,29.9,54.55,9.006417615919874,111.031937740971,False
2026-05-08T22:37:38.027,52.0,29.9,54.55,9.006417615919874,111.031937740971,0.3722354324786874,-0.06522053292510033,512,0.46738973353744984,81.43542895791093,48.5,29.9,54.55,7.745246831504326,129.1114436705143,False
2026-05-08T22:37:38.816,48.5,29.9,54.55,7.745246831504326,129.1114436705143,-0.30841770673496827,0.44132962457799296,384,0.7206648122889965,243.9425288473913,53.9,29.8,54.55,8.623786556944028,115.95834305462745,False
2026-05-08T22:37:39.285,53.9,29.8,54.55,8.623786556944028,115.95834305462745,-0.9989019772372725,-0.2440819727534247,256,0.37795901362328765,516.0606274595018,53.9,29.8,55.1,12.235498592974645,81.72940337504333,False
2026-05-08T22:37:41.170,53.9,29.8,55.1,12.235498592974645,81.72940337504333,0.9771162738028965,0.8454885219686896,640,0.9227442609843448,721.0329734763708,45.7,30.0,55.65,8.338906299474912,119.91980291983475,False
2026-05-08T22:37:41.856,45.7,30.0,55.65,8.338906299474912,119.91980291983475,-0.5264996979274248,-0.39160258639732715,352,0.3041987068013364,681.4192050661562,51.8,30.1,54.0,9.350459427702999,106.94661665899089,False
2026-05-08T22:37:42.920,51.8,30.1,54.0,9.350459427702999,106.94661665899089,0.27967254378435924,-0.2964673654296883,512,0.35176631728515584,576.1779250174379,44.8,30.1,56.2,7.940478237722068,125.9369990146684,False
2026-05-08T22:37:43.653,44.8,30.1,56.2,7.940478237722068,125.9369990146684,-0.5367756791926253,0.284307999035341,352,0.6421539995176705,846.361579782253,46.6,30.1,55.65,8.966621701477017,111.5247228323769,False
2026-05-08T22:37:44.218,46.6,30.1,55.65,8.966621701477017,111.5247228323769,-0.9174743717698945,0.41629672689889263,256,0.7081483634494463,777.64018951561,52.0,30.0,55.1,11.597143611307516,86.22812940118928,False
2026-05-08T22:37:45.149,52.0,30.0,55.1,11.597143611307516,86.22812940118928,-0.032214019295546015,-0.047498200984060324,448,0.47625089950796984,828.4829751579605,50.0,30.0,55.1,9.640106741474007,103.73329121945972,False
2026-05-08T22:37:45.906,50.0,30.0,55.1,9.640106741474007,103.73329121945972,-0.3137354985917915,-0.02719759976403835,384,0.4864012001179808,851.7271754824558,48.7,30.0,56.75,9.594568079592836,104.22564014392161,False
2026-05-08T22:37:47.076,48.7,30.0,56.75,9.594568079592836,104.22564014392161,0.35179697278111655,0.817965398959299,512,0.9089826994796495,841.3049597649743,47.8,30.0,54.55,8.03990190152547,124.37962704622834,False
2026-05-08T22:37:47.722,47.8,30.0,54.55,8.03990190152547,124.37962704622834,-0.6617324239336324,-0.26439030251056694,320,0.36780484874471653,682.603907069319,50.0,30.0,56.2,9.802298125117204,102.01689310363055,False
2026-05-08T22:37:49.388,50.0,30.0,56.2,9.802298125117204,102.01689310363055,0.9750355665516912,0.3021762911677519,640,0.651088145583876,801.9636565948039,46.8,29.8,55.65,7.053378602656469,141.77602767890218,False
2026-05-08T22:37:50.150,46.8,29.8,55.65,7.053378602656469,141.77602767890218,-0.3987193455923328,0.3003587801233274,384,0.6501793900616637,824.1423771092457,50.2,30.0,55.65,8.131568011846094,122.97751166112081,False
2026-05-08T22:37:51.561,50.2,30.0,55.65,8.131568011846094,122.97751166112081,0.590600329412448,-0.9358408403400029,576,0.03207957982999854,857.815219905209,47.3,30.2,54.55,6.443575252608785,155.19334543274465,False
2026-05-08T22:37:52.520,47.3,30.2,54.55,6.443575252608785,155.19334543274465,-0.10645813461523246,0.13087889863394064,416,0.5654394493169703,703.8240816386505,55.8,30.3,54.55,6.999903865236542,142.85910481803566,False
2026-05-08T22:37:53.584,55.8,30.3,54.55,6.999903865236542,142.85910481803566,0.02117646749206159,-0.41220285441603943,448,0.2938985727919803,807.6193874131845,64.5,30.4,55.65,6.974512479393101,143.37919717752325,False
2026-05-08T22:37:54.723,64.5,30.4,55.65,6.974512479393101,143.37919717752325,-0.28065415837388485,0.901976141651095,384,0.9509880708255475,741.6775568240336,56.1,30.4,56.2,8.204611519785011,121.88267507712582,False
2026-05-08T22:37:55.264,56.1,30.4,56.2,8.204611519785011,121.88267507712582,-0.894020043322612,-0.1449901989020257,288,0.42750490054898715,97.23136670566826,54.5,30.3,56.2,10.511619718720068,95.13281746856835,False
2026-05-08T22:37:56.470,54.5,30.3,56.2,10.511619718720068,95.13281746856835,0.4216324606810118,-0.842056324182207,544,0.0789718379088965,615.5022545087329,48.5,30.3,56.2,8.109736136138933,123.30857418945602,False
2026-05-08T22:37:57.361,48.5,30.3,56.2,8.109736136138933,123.30857418945602,-0.008320269320024387,-0.8216670428266903,448,0.08916647858665483,634.4080933855009,48.2,30.3,56.2,7.901794079810793,126.55353833568196,False
2026-05-08T22:37:58.593,48.2,30.3,56.2,7.901794079810793,126.55353833568196,0.3898727304117964,0.870996544363523,512,0.9354982721817615,771.6719828382019,48.2,30.2,57.85,7.100813702644439,140.82893058123557,False
2026-05-08T22:37:59.281,48.2,30.2,57.85,7.100813702644439,140.82893058123557,-0.5434182774742948,-0.09788820123013364,352,0.4510558993849332,713.6051115370426,51.5,30.2,56.75,8.632744321011195,115.83801892129537,False
2026-05-08T22:38:00.746,51.5,30.2,56.75,8.632744321011195,115.83801892129537,0.6925560040013636,0.5013026156883424,576,0.7506513078441712,370.18344380341557,49.0,29.9,54.55,6.7398932889971555,148.37030159401712,False
2026-05-08T22:38:01.351,49.0,29.9,54.55,6.7398932889971555,148.37030159401712,-0.7351210118446465,-0.5259698961452688,320,0.2370150519273656,299.95170756765486,53.0,29.9,55.65,9.146437883565703,109.3321807604245,False
2026-05-08T22:38:02.841,53.0,29.9,55.65,9.146437883565703,109.3321807604245,0.7434072484461309,0.6347741916069285,576,0.8173870958034642,615.3940818817941,49.5,30.0,55.1,7.052754020548559,141.78858316714988,False
2026-05-08T22:38:03.926,49.5,30.0,55.1,7.052754020548559,141.78858316714988,0.3668095349289515,0.27485372850005496,512,0.6374268642500275,720.5451414570817,47.8,30.0,54.0,6.700776062480731,149.236445252848,False
2026-05-08T22:38:04.398,47.8,30.0,54.0,6.700776062480731,149.236445252848,-0.9532026608906612,-0.22967321300739751,256,0.38516339349630124,768.570902705738,51.3,30.0,56.2,11.218530454636246,89.13823464166228,False
2026-05-08T22:38:05.551,51.3,30.0,56.2,11.218530454636246,89.13823464166228,-0.2431658098339342,0.8685041663375723,416,0.9342520831687862,606.3224327646082,52.3,30.0,55.65,9.739465217378656,102.6750419741369,False
2026-05-08T22:38:06.754,52.3,30.0,55.65,9.739465217378656,102.6750419741369,-0.13821222248924947,0.8615881516329109,416,0.9307940758164555,692.4913109597408,52.3,30.0,56.2,8.907300228894382,112.26746312604362,False
2026-05-08T22:38:07.682,52.3,30.0,56.2,8.907300228894382,112.26746312604362,-0.05803439671218791,0.30224221144934504,448,0.6511211057246725,668.720880146465,49.3,29.9,56.2,8.34267378796962,119.86564804224149,False
2026-05-08T22:38:08.659,49.3,29.9,56.2,8.34267378796962,119.86564804224149,-0.07868542460535166,0.8811822226762329,448,0.9405911113381165,812.5576464018932,48.5,29.9,55.65,7.943073650348982,125.89584888918469,False
2026-05-08T22:38:09.504,48.5,29.9,55.65,7.943073650348982,125.89584888918469,-0.2923732009788753,0.6210572595560353,384,0.8105286297780177,824.1073909629804,51.5,29.9,56.75,8.763032980997583,114.11574076789108,False
2026-05-08T22:38:10.263,51.5,29.9,56.75,8.763032980997583,114.11574076789108,-0.2796258379844154,-0.3956290348790563,384,0.30218548256047184,865.4037558048302,48.2,29.9,55.1,9.10803626245703,109.79315092562388,False
2026-05-08T22:38:11.920,48.2,29.9,55.1,9.10803626245703,109.79315092562388,0.9508991759149186,-0.13633832873712093,640,0.43183083563143954,855.7820798739718,46.3,29.8,56.2,6.67760138579179,149.7543717011533,False
2026-05-08T22:38:12.744,46.3,29.8,56.2,6.67760138579179,149.7543717011533,-0.31620372630724614,-0.6918877578141414,384,0.15405612109292932,798.7694142561787,52.8,29.9,56.75,7.701553198779975,129.8439385133914,False
2026-05-08T22:38:13.707,52.8,29.9,56.75,7.701553198779975,129.8439385133914,-0.14401428878506728,-0.0710903909464553,416,0.46445480452677235,762.5177446694488,50.5,30.0,55.65,7.4388685715652265,134.42904527476927,False
2026-05-08T22:38:14.793,50.5,30.0,55.65,7.4388685715652265,134.42904527476927,0.3400725705527212,-0.262657252132632,512,0.368671373933684,784.2849275725491,48.2,30.0,54.55,6.845925102635563,146.0722962941878,False
2026-05-08T22:38:15.477,48.2,30.0,54.55,6.845925102635563,146.0722962941878,-0.6725752675630454,0.7306756918228252,320,0.8653378459114126,819.3128251582265,50.8,30.0,55.65,9.020172560021086,110.86262411787634,False
2026-05-08T22:38:16.680,50.8,30.0,55.65,9.020172560021086,110.86262411787634,0.5602690050638235,-0.7081649835681825,544,0.14591750821590876,727.6135763520556,46.5,30.0,56.2,7.3398400538853,136.24275088537604,False
2026-05-08T22:38:18.263,46.5,30.0,56.2,7.3398400538853,136.24275088537604,-0.24933891000877462,0.970293431871478,416,0.985146715935739,730.0004071378278,59.8,29.9,56.75,7.6813124329337255,130.18608587153508,False
2026-05-08T22:38:18.879,59.8,29.9,56.75,7.6813124329337255,130.18608587153508,-0.8764549422378238,0.22606857351894694,288,0.6130342867594735,317.2856674945473,56.5,30.0,55.65,9.72344339029542,102.8442250199204,False
2026-05-08T22:38:19.911,56.5,30.0,55.65,9.72344339029542,102.8442250199204,0.40638646456740113,-0.8592304907824135,512,0.07038475460879323,151.14135971723312,49.5,30.0,54.55,8.122526225888913,123.11440704404275,False
2026-05-08T22:38:20.777,49.5,30.0,54.55,8.122526225888913,123.11440704404275,-0.0505171537518021,-0.9288462984286243,448,0.03557685078568784,256.91988830176757,48.8,30.0,56.2,7.9583875434172455,125.65359434237992,False
2026-05-08T22:38:22.201,48.8,30.0,56.2,7.9583875434172455,125.65359434237992,0.8479535818937047,-0.8988593379952587,608,0.05057033100237063,299.4855894802005,45.1,29.9,54.0,6.315373125054331,158.34377165029298,False
2026-05-08T22:38:23.070,45.1,29.9,54.0,6.315373125054331,158.34377165029298,-0.023213696537010442,-0.12872636283420524,448,0.4356368185828974,367.39044604142384,49.5,30.0,55.65,6.966806721561869,143.5377842340677,False
2026-05-08T22:38:23.615,49.5,30.0,55.65,6.966806721561869,143.5377842340677,-0.8284151809203457,-0.7765276076877745,288,0.11173619615611274,294.7600116557195,49.7,30.0,55.1,9.919848138227108,100.80799484685677,False
2026-05-08T22:38:24.693,49.7,30.0,55.1,9.919848138227108,100.80799484685677,0.034966241094127826,0.7963835071245304,448,0.8981917535622652,685.6316649668906,49.7,30.0,55.1,8.71575373337836,114.73477000277572,False
2026-05-08T22:38:26.103,49.7,30.0,55.1,8.71575373337836,114.73477000277572,0.6301373244292234,0.004398640142120769,576,0.5021993200710604,787.0990100124791,48.3,30.0,55.1,6.805290109647501,146.94450697735175,False
2026-05-08T22:38:27.469,48.3,30.0,55.1,6.805290109647501,146.94450697735175,0.7097249272643418,-0.9948470222365255,576,0.0025764888817372267,654.5309062134503,44.6,30.0,53.45,5.811381268914986,172.07613022208488,False
2026-05-08T22:38:28.844,44.6,30.0,53.45,5.811381268914986,172.07613022208488,0.7325780408527873,-0.22499181758922426,576,0.38750409120538787,685.1286529222106,49.3,29.9,54.55,5.28178488364164,189.32993713869857,False
2026-05-08T22:38:29.796,49.3,29.9,54.55,5.28178488364164,189.32993713869857,0.013673057105635156,0.14903813952303757,448,0.5745190697615188,607.8662446588654,47.0,30.1,56.2,6.141959768073857,162.81448230873124,False
2026-05-08T22:38:30.872,47.0,30.1,56.2,6.141959768073857,162.81448230873124,0.2847831118585462,0.4386973349893517,512,0.7193486674946759,690.2103200012405,47.0,30.1,55.1,6.222048276927905,160.71877868709552,False
2026-05-08T22:38:31.480,47.0,30.1,55.1,6.222048276927905,160.71877868709552,-0.7042126625547547,0.11575053446774874,320,0.5578752672338744,737.6157185963709,50.8,30.1,56.2,9.055437698580604,110.4308850975525,False
2026-05-08T22:38:32.092,50.8,30.1,56.2,9.055437698580604,110.4308850975525,-0.5959343359159361,0.1083413110043352,320,0.5541706555021676,456.37586417075977,53.5,30.1,56.2,10.254614927089783,97.51706983733575,False
2026-05-08T22:38:33.030,53.5,30.1,56.2,10.254614927089783,97.51706983733575,-0.22599374552207396,-0.7364097619966972,416,0.13179511900165142,195.20049358123345,60.4,30.1,55.65,8.935107925385571,111.9180661667103,False
2026-05-08T22:38:33.926,60.4,30.1,55.65,8.935107925385571,111.9180661667103,-0.24238686971824785,-0.2613629475696333,416,0.36931852621518335,341.27110531053927,53.2,30.1,55.65,8.280030607364573,120.77250041932963,False
2026-05-08T22:38:34.580,53.2,30.1,55.65,8.280030607364573,120.77250041932963,-0.8773763554498997,0.007390115719333901,288,0.503695057859667,489.8717651397724,64.8,30.1,57.3,10.437571352992615,95.8077282713171,False
2026-05-08T22:38:35.194,64.8,30.1,57.3,10.437571352992615,95.8077282713171,-0.6485273039898403,-0.011316024700112948,320,0.4943419876499435,416.49880917001485,51.5,30.1,56.2,11.216202814218434,89.15673303734583,False
2026-05-08T22:38:36.627,51.5,30.1,56.2,11.216202814218434,89.15673303734583,0.7605398050029908,-0.1268894445961375,608,0.43655527770193125,719.3101111912583,45.4,30.1,55.1,8.057228105311994,124.11216201521178,False
2026-05-08T22:38:38.114,45.4,30.1,55.1,8.057228105311994,124.11216201521178,0.607980140070107,0.3578331604510261,576,0.678916580225513,726.501467482296,48.0,30.1,55.1,6.443445023363631,155.19648206418256,False
2026-05-08T22:38:38.741,48.0,30.1,55.1,6.443445023363631,155.19648206418256,-0.6632514184163212,-0.3708207547314941,320,0.31458962263425294,735.384085364908,50.3,30.1,55.65,8.9469733031609,111.76964165598966,False
2026-05-08T22:38:39.424,50.3,30.1,55.65,8.9469733031609,111.76964165598966,-0.46880587811599694,-0.8394642895203064,352,0.08026785523984681,728.7697505818091,49.5,30.1,56.2,9.541155920365734,104.80910367112708,False
2026-05-08T22:38:39.894,49.5,30.1,56.2,9.541155920365734,104.80910367112708,-0.9568701547395702,-0.5802064402801732,256,0.2098967798599134,550.9947158525491,52.3,30.1,55.1,12.769692683833016,78.31042020815765,False
2026-05-08T22:38:40.934,52.3,30.1,55.1,12.769692683833016,78.31042020815765,0.32088354828766885,-0.5292875430081483,512,0.23535622849592586,628.2837101294951,47.0,30.1,54.0,9.731164395916801,102.76262524344982,False
2026-05-08T22:38:42.297,47.0,30.1,54.0,9.731164395916801,102.76262524344982,0.7206290648060751,-0.7966195627581789,576,0.10169021862091054,833.6339554516863,46.7,30.0,55.1,7.373138723663361,135.6274495135428,False
2026-05-08T22:38:42.893,46.7,30.0,55.1,7.373138723663361,135.6274495135428,-0.6706536145427933,-0.6658561300019357,320,0.16707193499903217,648.2291889799475,50.7,30.1,55.65,9.672561951008543,103.38522565841323,False
2026-05-08T22:38:43.535,50.7,30.1,55.65,9.672561951008543,103.38522565841323,-0.6545692009211332,0.4052280093128455,320,0.7026140046564228,517.1084753659584,54.1,30.1,55.1,10.988094598272305,91.00758926458764,False
2026-05-08T22:38:44.933,54.1,30.1,55.1,10.988094598272305,91.00758926458764,0.7288920613378194,-0.34845136585275327,576,0.32577431707362337,825.3953463558761,46.5,30.0,56.2,7.993343329980305,125.10409708655214,False
2026-05-08T22:38:45.976,46.5,30.0,56.2,7.993343329980305,125.10409708655214,0.24355085555051015,-0.31392482322701865,480,0.3430375883864907,822.5644397154335,46.2,30.2,55.65,7.266642102851312,137.61514408527376,False
2026-05-08T22:38:46.721,46.2,30.2,55.65,7.266642102851312,137.61514408527376,-0.5049491199516116,-0.9684603222317589,352,0.015769838884120535,835.1796210414831,46.0,30.2,54.55,8.33115520659793,120.03137322517306,False
2026-05-08T22:38:47.615,46.0,30.2,54.55,8.33115520659793,120.03137322517306,-0.016754414009488405,-0.41154163185016523,448,0.2942291840749174,859.6425661522667,47.7,30.2,55.1,8.02968609496202,124.53786962200418,False
2026-05-08T22:38:49.227,47.7,30.2,55.1,8.02968609496202,124.53786962200418,0.9922413973711492,-0.6918951889401623,640,0.15405240552991883,834.6549342819621,48.1,30.0,56.2,6.11875644039204,163.431901521468,False
2026-05-08T22:38:50.813,48.1,30.0,56.2,6.11875644039204,163.431901521468,0.3171690940610399,0.8589691495909861,512,0.9294845747954931,810.5880029003541,39.4,30.0,55.1,6.026376763535994,165.93718568190667,False
2026-05-08T22:38:52.107,39.4,30.0,55.1,6.026376763535994,165.93718568190667,-0.23598767431880519,0.9136612823156236,416,0.9568306411578118,816.1765874427845,57.2,30.1,55.1,6.995712891928101,142.94468847539972,False
2026-05-08T22:38:52.965,57.2,30.1,55.1,6.995712891928101,142.94468847539972,-0.48985335029622656,-0.1313770510933161,352,0.43431147445334195,623.9783978274535,57.9,30.1,55.1,7.896143556394414,126.64410073828829,False
2026-05-08T22:38:54.258,57.9,30.1,55.1,7.896143556394414,126.64410073828829,0.49016512134928036,-0.8664243183908356,544,0.06678784080458222,546.2869875651443,44.8,30.1,56.75,6.5668223174956815,152.28065442485723,False
2026-05-08T22:38:56.634,44.8,30.1,56.75,6.5668223174956815,152.28065442485723,-0.5273663696604287,0.969055879874041,352,0.9845279399370205,617.5075503917249,60.4,30.0,56.2,8.296778508147051,120.52870870519762,False
2026-05-08T22:38:57.293,60.4,30.0,56.2,8.296778508147051,120.52870870519762,-0.7524175136325308,0.6495010560461014,288,0.8247505280230507,715.5315134626316,53.2,30.1,55.1,10.225863192591259,97.7912554829122,False
2026-05-08T22:38:58.238,53.2,30.1,55.1,10.225863192591259,97.7912554829122,-0.00630981385190621,0.4717014243524531,448,0.7358507121762266,766.2440056107662,44.1,30.1,53.45,9.018200523206566,110.88686677865464,False
2026-05-08T22:38:58.817,44.1,30.1,53.45,9.018200523206566,110.88686677865464,-0.943576258314099,0.3915584183569367,256,0.6957792091784684,709.3565916396385,51.8,30.1,54.0,11.554856203242492,86.54369923871339,False
2026-05-08T22:38:59.658,51.8,30.1,54.0,11.554856203242492,86.54369923871339,-0.1711330158508193,0.001979033703340516,416,0.5009895168516703,668.1238726918518,51.0,30.1,54.55,9.910212420950906,100.906010640693,False
2026-05-08T22:39:00.882,51.0,30.1,54.55,9.910212420950906,100.906010640693,0.4212487256002593,0.13897662470716088,544,0.5694883123535804,865.1480819958108,45.1,30.0,55.1,7.770444452041203,128.69276734065218,False
2026-05-08T22:39:01.726,45.1,30.0,55.1,7.770444452041203,128.69276734065218,-0.241013785104355,-0.7886792545368857,416,0.10566037273155715,841.3936725020694,47.7,30.0,54.0,7.953897809066409,125.7245219897256,False
2026-05-08T22:39:02.231,47.7,30.0,54.0,7.953897809066409,125.7245219897256,-0.9786077632885466,0.7504450405503402,256,0.8752225202751701,663.4229831941061,53.6,30.0,54.55,12.267197918478834,81.5182086932533,False
2026-05-08T22:39:03.461,53.6,30.0,54.55,12.267197918478834,81.5182086932533,0.5278080411379893,-0.5322895650694559,544,0.23385521746527205,885.2571594947026,47.2,30.0,55.1,9.02088529954917,110.85386486955736,False
2026-05-08T22:39:04.462,47.2,30.0,55.1,9.02088529954917,110.85386486955736,0.12732021192078746,-0.5277249712044694,480,0.2361375143977653,885.8143188114484,47.4,30.0,56.2,7.929056406462969,126.11841166685365,False
2026-05-08T22:39:05.320,47.4,30.0,56.2,7.929056406462969,126.11841166685365,-0.21339756913031005,-0.6420005013810435,416,0.17899974930947826,881.2386569258977,47.2,30.0,56.2,8.00324148732563,124.94937227417849,False
2026-05-08T22:39:06.497,47.2,30.0,56.2,8.00324148732563,124.94937227417849,-0.3105624892032117,0.9149890125452251,384,0.9574945062726126,865.9070012798638,55.1,30.0,56.2,8.581925385525519,116.52396811636511,False
2026-05-08T22:39:07.734,55.1,30.0,56.2,8.581925385525519,116.52396811636511,0.4957775334526411,-0.05267345588954808,544,0.47366327205522596,814.2342284463831,46.8,29.9,55.1,7.093406851331004,140.97598248045796,False
2026-05-08T22:39:08.589,46.8,29.9,55.1,7.093406851331004,140.97598248045796,-0.15824148316050723,-0.5548663826409359,416,0.22256680867953205,805.7660442459618,51.2,30.0,55.1,7.525501499047397,132.88150964112933,False
2026-05-08T22:39:10.008,51.2,30.0,55.1,7.525501499047397,132.88150964112933,0.5866918246109398,0.4894576983198493,576,0.7447288491599247,289.24454280838967,50.0,30.0,54.55,6.188686126609485,161.58518618359096,False
2026-05-08T22:39:10.795,50.0,30.0,54.55,6.188686126609485,161.58518618359096,-0.2975605828389263,0.142535412610298,384,0.571267706305149,136.17905678325815,50.0,30.1,55.1,7.844872362851209,127.471799890005,False
2026-05-08T22:39:11.845,50.0,30.1,55.1,7.844872362851209,127.471799890005,0.2998025240955591,0.06620377508565745,512,0.5331018875428287,353.0756318723134,47.5,30.0,53.45,7.14448975982727,139.96800801967652,False
2026-05-08T22:39:12.527,47.5,30.0,53.45,7.14448975982727,139.96800801967652,-0.5725452871201469,-0.5188636454495503,352,0.24056817727522484,567.0034710427482,50.5,30.0,56.2,8.662045164747669,115.4461770841079,False
2026-05-08T22:39:14.197,50.5,30.0,56.2,8.662045164747669,115.4461770841079,0.7387736926116155,0.5849381149792932,576,0.7924690574896466,720.0055715748106,51.0,30.1,55.1,6.581718910027806,151.93599326711072,False
2026-05-08T22:39:15.222,51.0,30.1,55.1,6.581718910027806,151.93599326711072,0.1166991039482792,-0.9453349833632423,480,0.027332508318378856,841.6845796962997,50.8,30.1,55.65,6.535550472207583,153.00929956129912,False
2026-05-08T22:39:16.055,50.8,30.1,55.65,6.535550472207583,153.00929956129912,-0.21883035433821418,-0.26600350467803935,416,0.3669982476609803,858.1981501218584,52.9,30.2,54.55,7.292447063176311,137.12818088863003,False
2026-05-08T22:39:17.139,52.9,30.2,54.55,7.292447063176311,137.12818088863003,0.20466650230964034,-0.6022922107560869,480,0.19885389462195657,718.3573754408908,50.2,30.2,56.75,6.914319593383782,144.62739051820606,False
2026-05-08T22:39:17.748,50.2,30.2,56.75,6.914319593383782,144.62739051820606,-0.8364164514653767,-0.04094727875831339,288,0.4795263606208433,643.4500141527316,52.2,30.2,55.1,9.648263138836326,103.64559772160295,False
2026-05-08T22:39:18.564,52.2,30.2,55.1,9.648263138836326,103.64559772160295,-0.15183708479508673,-0.4426830363021286,416,0.2786584818489357,765.7127702398034,51.8,30.2,55.1,9.017408507868213,110.8966061732084,False
2026-05-08T22:39:19.076,51.8,30.2,55.1,9.017408507868213,110.8966061732084,-0.9724729807997454,0.04274731404744814,256,0.5213736570237241,481.395374944151,50.0,30.1,54.55,11.902043257179104,84.01918715904662,False
2026-05-08T22:39:19.912,50.0,30.1,54.55,11.902043257179104,84.01918715904662,-0.10606011283181394,-0.08740681436887443,416,0.4562965928155628,668.8933637712677,49.2,30.1,55.1,10.14831183207436,98.53855661386349,False
2026-05-08T22:39:20.604,49.2,30.1,55.1,10.14831183207436,98.53855661386349,-0.5480002966705262,-0.5590523668517655,352,0.22047381657411724,721.5754534406734,52.1,30.1,55.65,10.100436947059219,99.0056178006392,False
2026-05-08T22:39:21.866,52.1,30.1,55.65,10.100436947059219,99.0056178006392,0.49265119529537826,-0.07190070329707776,544,0.4640496483514611,691.0194904994636,45.4,29.8,55.65,7.831427239379133,127.69064557883563,False
2026-05-08T22:39:22.902,45.4,29.8,55.65,7.831427239379133,127.69064557883563,0.2970655861777758,-0.8081448207602233,512,0.09592758961988834,180.3740111030173,47.0,29.9,56.75,7.131650248330622,140.22000030555063,False
2026-05-08T22:39:23.611,47.0,29.9,56.75,7.131650248330622,140.22000030555063,-0.578648766439176,-0.4121147886882781,352,0.29394260565586094,265.19707389648414,51.2,29.9,54.0,8.38207335286187,119.30222486761853,False
2026-05-08T22:39:24.317,51.2,29.9,54.0,8.38207335286187,119.30222486761853,-0.34840084040366626,-0.04116917683175392,384,0.47941541158412304,341.5304486645116,48.2,29.9,55.65,9.133609964796323,109.48573497820692,False
2026-05-08T22:39:25.404,48.2,29.9,55.65,9.133609964796323,109.48573497820692,0.33847208279185526,-0.47051314669315625,512,0.2647434266534219,612.3372068227742,47.8,29.9,54.0,7.752200593395077,128.99563007335055,False
2026-05-08T22:39:26.640,47.8,29.9,54.0,7.752200593395077,128.99563007335055,0.43371637706187394,0.3306724815969566,544,0.6653362407984783,690.1905948909446,48.3,29.8,55.1,6.65737270804248,150.20940600065006,False
2026-05-08T22:39:28.023,48.3,29.8,55.1,6.65737270804248,150.20940600065006,0.58651042658869,-0.37072217506737726,576,0.31463891246631137,771.6396909053778,46.0,29.8,54.55,5.741728414665335,174.16358416497596,False
2026-05-08T22:39:29.536,46.0,29.8,54.55,5.741728414665335,174.16358416497596,0.680946960985132,0.7558591686097866,576,0.8779295843048933,703.0237230925634,49.2,30.1,57.3,5.256596362408451,190.23716699104193,False
2026-05-08T22:39:31.211,49.2,30.1,57.3,5.256596362408451,190.23716699104193,0.9263966535403496,-0.030746246227224328,640,0.48462687688638784,759.648641504869,44.1,29.9,55.65,4.612399541251222,216.80689000518078,False
2026-05-08T22:39:31.963,44.1,29.9,55.65,4.612399541251222,216.80689000518078,-0.4883643300251357,0.1830709547810898,352,0.5915354773905449,596.3429277996495,49.2,30.1,56.75,7.337320953080297,136.2895267079993,False
2026-05-08T22:39:32.564,49.2,30.1,56.75,7.337320953080297,136.2895267079993,-0.8746660771760792,0.5179344220223003,288,0.7589672110111502,834.1699304909235,50.2,30.1,55.65,9.783009888747378,102.21803017394686,False
2026-05-08T22:39:34.293,50.2,30.1,55.65,9.783009888747378,102.21803017394686,0.684175911074347,0.8913460107138829,576,0.9456730053569414,867.1097267244253,50.2,30.3,55.1,7.268955912754344,137.57133926832157,False
2026-05-08T22:39:35.230,50.2,30.3,55.1,7.268955912754344,137.57133926832157,-0.04232228449674302,-0.26662594543399076,448,0.3666870272830046,841.6167299300231,52.5,30.4,55.1,7.362057944136094,135.8315850796181,False
2026-05-08T22:39:36.361,52.5,30.4,55.1,7.362057944136094,135.8315850796181,0.3044785980874547,-0.3483348988544748,512,0.3258325505727626,820.1115767236188,46.0,30.4,55.1,6.683450130405239,149.6233203642333,False
2026-05-08T22:39:37.609,46.0,30.4,55.1,6.683450130405239,149.6233203642333,0.33949458220959006,0.5939431849010219,512,0.796971592450511,811.1058984613403,48.0,30.3,54.55,6.5176824912570765,153.42876879035086,False
2026-05-08T22:39:39.152,48.0,30.3,54.55,6.5176824912570765,153.42876879035086,0.3819401030490579,0.8582520469587094,512,0.9291260234793547,840.5163628326446,50.0,30.2,55.1,6.261937893317324,159.69497255269647,False
2026-05-08T22:39:40.043,50.0,30.2,55.1,6.261937893317324,159.69497255269647,-0.013313013965362552,0.23331616452549864,448,0.6166580822627493,394.2260135691205,49.2,30.2,55.65,6.908471606506819,144.74981688542212,False
2026-05-08T22:39:40.753,49.2,30.2,55.65,6.908471606506819,144.74981688542212,-0.3546213638578264,-0.073161752052749,384,0.4634191239736255,513.1883313517542,52.3,30.2,55.1,8.261442842518049,121.04423150559555,False
2026-05-08T22:39:41.401,52.3,30.2,55.1,8.261442842518049,121.04423150559555,-0.8309255842553451,0.5723314209424233,288,0.7861657104712116,571.3869467250936,51.8,30.2,55.65,10.082146481039937,99.18522825278905,False
2026-05-08T22:39:42.816,51.8,30.2,55.65,10.082146481039937,99.18522825278905,0.7733600653483987,-0.6035525464842539,608,0.19822372675787303,764.1758179810154,45.7,30.0,55.1,7.466116938393493,133.9384325548982,False
2026-05-08T22:39:43.414,45.7,30.0,55.1,7.466116938393493,133.9384325548982,-0.6613341016986269,-0.452359909294733,320,0.2738200453526335,724.1440886864741,51.5,30.1,54.0,9.69915906823239,103.10172180548057,False
2026-05-08T22:39:44.650,51.5,30.1,54.0,9.69915906823239,103.10172180548057,0.4484227079843006,0.5519820684327357,544,0.7759910342163678,865.2670798264917,46.1,30.2,57.3,7.669188696196273,130.3918888442496,False
2026-05-08T22:39:46.104,46.1,30.2,57.3,7.669188696196273,130.3918888442496,0.8653195902503976,-0.3522479292730769,608,0.32387603536346155,820.9227738097369,47.5,30.0,56.2,6.1580476242744435,162.38913061634895,False
2026-05-08T22:39:46.718,47.5,30.0,56.2,6.1580476242744435,162.38913061634895,-0.6343560574990552,0.15925312234761457,320,0.5796265611738073,614.7981303924381,48.0,30.1,54.55,8.990839871101002,111.22431433956145,False
2026-05-08T22:39:47.767,48.0,30.1,54.55,8.990839871101002,111.22431433956145,0.1420087762567146,0.6205072066978665,480,0.8102536033489333,287.1895768240877,51.3,30.1,56.75,7.87689184202952,126.95362841777259,False
2026-05-08T22:39:48.446,51.3,30.1,56.75,7.87689184202952,126.95362841777259,-0.5761374451616481,0.061330678141857,352,0.5306653390709285,139.24807404793958,49.7,30.1,57.3,9.03471162433252,110.68421899673854,False
2026-05-08T22:39:49.166,49.7,30.1,57.3,9.03471162433252,110.68421899673854,-0.33686432788503873,-0.2083538327338137,384,0.39582308363309315,143.84836918777873,51.0,30.0,55.1,9.424699156118256,106.10418257762927,False
2026-05-08T22:39:49.637,51.0,30.0,55.1,9.424699156118256,106.10418257762927,-0.9174763969072239,-0.12076438241148191,256,0.43961780879425905,377.68531050980874,52.5,30.0,54.0,12.39913254915693,80.65080327478185,False
2026-05-08T22:39:50.831,52.5,30.0,54.0,12.39913254915693,80.65080327478185,0.43414202929843215,-0.3973172872786306,544,0.3013413563606847,517.7011304245502,47.8,29.9,55.1,9.135621906320363,109.46162289270781,False
2026-05-08T22:39:51.819,47.8,29.9,55.1,9.135621906320363,109.46162289270781,-0.8463900144734549,0.9543320999811487,288,0.9771660499905743,637.8896757658423,56.1,30.0,56.2,10.770709226522701,92.84439668443707,False
2026-05-08T22:39:52.470,56.1,30.0,56.2,10.770709226522701,92.84439668443707,-0.6329060306505763,0.5897353619449135,320,0.7948676809724567,416.9363203776308,52.5,30.0,55.1,11.21841500634516,89.13915195991572,False
2026-05-08T22:39:54.129,52.5,30.0,55.1,11.21841500634516,89.13915195991572,-0.28656874012304656,0.9380544085540741,384,0.969027204277037,567.7345669596605,63.8,30.2,56.75,9.824790646881022,101.7833393037703,False
2026-05-08T22:39:55.067,63.8,30.2,56.75,9.824790646881022,101.7833393037703,-0.19983675166764603,0.40636386303163374,416,0.7031819315158169,822.4603753566481,48.0,30.2,54.55,8.822845393816586,113.34211984501522,False
2026-05-08T22:39:56.452,48.0,30.2,54.55,8.822845393816586,113.34211984501522,0.659212175638948,-0.04327783938451413,576,0.47836108030774294,825.3582629952747,47.5,30.1,55.1,6.887774132244746,145.1847840536108,False
2026-05-08T22:39:58.451,47.5,30.1,55.1,6.887774132244746,145.1847840536108,0.10432017037662122,0.9596806505798161,480,0.979840325289908,763.1060661340885,51.5,30.1,54.0,6.646922063404682,150.4455732233726,False
2026-05-08T22:40:00.238,51.5,30.1,54.0,6.646922063404682,150.4455732233726,0.9686444087421324,0.8074742348422663,640,0.9037371174211332,312.97370638515764,47.2,30.3,55.1,5.390182406561048,185.52247856821654,False
2026-05-08T22:40:01.985,47.2,30.3,55.1,5.390182406561048,185.52247856821654,0.9447925053148978,0.27323278083608793,640,0.636616390418044,750.5053869091796,46.2,30.2,55.1,4.660848576759297,214.55320496494295,False
2026-05-08T22:40:03.225,46.2,30.2,55.1,4.660848576759297,214.55320496494295,0.4611847417273487,-0.08965057435367707,544,0.45517471282316146,789.585594723015,49.2,30.3,56.2,4.9443346981808025,202.25168016395324,False
2026-05-08T22:40:03.826,49.2,30.3,56.2,4.9443346981808025,202.25168016395324,-0.6646340596055738,-0.5128474322687966,320,0.2435762838656017,796.7654635755619,49.2,30.3,55.1,8.267435346864444,120.95649473439981,False
2026-05-08T22:40:05.196,49.2,30.3,55.1,8.267435346864444,120.95649473439981,0.7111651207931295,-0.62294955831638,576,0.18852522084181,683.0509249154892,48.0,30.2,55.1,6.587621438323614,151.79985816769627,False
2026-05-08T22:40:06.235,48.0,30.2,55.1,6.587621438323614,151.79985816769627,0.3723117870240664,-0.5194078972078799,512,0.24029605139606003,683.8132747177086,49.8,30.3,54.55,6.463074435270183,154.72512501833748,False
2026-05-08T22:40:07.112,49.8,30.3,54.55,6.463074435270183,154.72512501833748,-0.07232782039488783,-0.027901281544691736,448,0.48604935922765413,702.4883949068848,48.7,30.3,55.65,7.091698187737374,141.00994903155245,False
2026-05-08T22:40:07.903,48.7,30.3,55.65,7.091698187737374,141.00994903155245,-0.7844815108384584,0.8016889344568756,288,0.9008444672284378,477.98986216303985,53.0,30.2,55.1,9.220690320410563,108.45174984203067,False
2026-05-08T22:40:08.361,53.0,30.2,55.1,9.220690320410563,108.45174984203067,-0.949975109067072,-0.5881525248549739,256,0.20592373757251303,413.7132608822516,53.1,30.2,55.65,12.561706804756817,79.60701643038858,False
2026-05-08T22:40:09.194,53.1,30.2,55.65,12.561706804756817,79.60701643038858,-0.22767185145269675,-0.9539085668757825,416,0.023045716562108742,465.3800059350842,50.8,30.1,55.65,10.486230175234263,95.36315561351483,False
2026-05-08T22:40:09.798,50.8,30.1,55.65,10.486230175234263,95.36315561351483,-0.6283067420109383,-0.4001865490790415,320,0.29990672546047925,461.99116200401477,50.3,30.1,54.0,11.234588860840775,89.01082294925762,False
2026-05-08T22:40:10.838,50.3,30.1,54.0,11.234588860840775,89.01082294925762,0.2685930935051397,-0.29774128925686694,512,0.35112935537156653,669.6564341920902,49.2,30.1,56.75,8.944060580861173,111.80604055163003,False
2026-05-08T22:40:11.493,49.2,30.1,56.75,8.944060580861173,111.80604055163003,-0.584059690417136,-0.3873148105749218,320,0.3063425947125391,666.8932805698275,51.0,30.1,55.65,10.243736428412674,97.62062963923367,False
2026-05-08T22:40:12.368,51.0,30.1,55.65,10.243736428412674,97.62062963923367,0.03405068036091374,-0.9438555318807134,448,0.02807223405964332,778.0591565718405,50.2,30.0,56.2,9.057915314467792,110.4006788849909,False
2026-05-08T22:40:13.587,50.2,30.0,56.2,9.057915314467792,110.4006788849909,0.5799237959391459,0.2051373057311232,544,0.6025686528655616,744.218415864977,49.3,30.0,55.65,7.350370682940005,136.04756047487112,False
2026-05-08T22:40:14.311,49.3,30.0,55.65,7.350370682940005,136.04756047487112,-0.2847507924800008,-0.8589153980615261,384,0.07054230096923697,692.5591105151087,52.0,30.0,56.75,8.418343318704007,118.78821784069845,False
2026-05-08T22:40:15.479,52.0,30.0,56.75,8.418343318704007,118.78821784069845,0.15340381556465577,-0.8715675436906367,480,0.06421622815468164,674.468517030543,48.8,30.2,54.55,7.241253851236858,138.0976306788627,False
2026-05-08T22:40:16.245,48.8,30.2,54.55,7.241253851236858,138.0976306788627,-0.3759765486312321,-0.276298143694679,384,0.3618509281526605,665.2155148021468,56.6,30.2,57.3,8.09285247053165,123.56582597313877,False
2026-05-08T22:40:17.492,56.6,30.2,57.3,8.09285247053165,123.56582597313877,0.44614727045047453,-0.08241414131163771,544,0.45879292934418114,665.0359458262753,47.5,30.1,54.55,6.7892896899326285,147.29081327650982,False
2026-05-08T22:40:18.383,47.5,30.1,54.55,6.7892896899326285,147.29081327650982,0.020730654270132653,0.313470317002843,448,0.6567351585014215,762.9852438257908,48.5,30.1,54.0,7.193272865326365,139.01877750533924,False
2026-05-08T22:40:19.189,48.5,30.1,54.0,7.193272865326365,139.01877750533924,-0.717742403778957,0.7865423955373976,320,0.8932711977686988,643.3717754682177,52.5,30.1,55.65,9.22500628549278,108.4010101513532,False
2026-05-08T22:40:20.456,52.5,30.1,55.65,9.22500628549278,108.4010101513532,0.5389303393167457,0.060759103534552494,544,0.5303795517672762,865.3499455700604,48.8,29.9,56.2,7.408041300694502,134.9884482833877,False
2026-05-08T22:40:21.860,48.8,29.9,56.2,7.408041300694502,134.9884482833877,0.12314957934087856,0.7974207996186193,480,0.8987103998093097,831.0310699014451,48.5,30.0,55.1,6.742604429136477,148.31064324028122,False
2026-05-08T22:40:22.760,48.5,30.0,55.1,6.742604429136477,148.31064324028122,-0.13595982947117458,0.16354355903424733,416,0.5817717795171237,673.7626121881589,52.5,30.0,55.1,7.253243213377508,137.86936003409502,False
2026-05-08T22:40:23.447,52.5,30.0,55.1,7.253243213377508,137.86936003409502,-0.8289590821969388,0.846448210830913,288,0.9232241054154565,741.947864349798,55.4,30.0,55.65,10.114846428071862,98.8645756622352,False
2026-05-08T22:40:24.863,55.4,30.0,55.65,10.114846428071862,98.8645756622352,0.6086241367069425,-0.002913058219922382,576,0.4985434708900388,870.2069305963978,47.3,30.1,56.2,7.551483450196719,132.4243119375372,False
2026-05-08T22:40:25.689,47.3,30.1,56.2,7.551483450196719,132.4243119375372,-0.6562020626560927,0.646325708125205,320,0.8231628540626025,827.6961744134038,51.0,30.1,55.1,9.60659744456728,104.09512897467351,False
2026-05-08T22:40:26.583,51.0,30.1,55.1,9.60659744456728,104.09512897467351,-0.3485411440494919,0.5998783285786395,384,0.7999391642893198,585.7522424067654,50.8,30.1,54.55,9.666125979814577,103.45406237082612,False
2026-05-08T22:40:27.634,50.8,30.1,54.55,9.666125979814577,103.45406237082612,0.3563720865226312,-0.5326450146940016,512,0.2336774926529992,891.4834290344617,45.5,30.1,57.3,8.075349399608397,123.83365109235937,False
2026-05-08T22:40:28.308,45.5,30.1,57.3,8.075349399608397,123.83365109235937,-0.5709623883961039,-0.7572980997093948,352,0.12135095014530262,753.0693300083544,51.7,30.1,54.55,9.150900636635015,109.27886114253796,False
2026-05-08T22:40:29.704,51.7,30.1,54.55,9.150900636635015,109.27886114253796,0.626425783176989,-0.2050408569707971,576,0.39747957151460145,694.2966031402667,47.0,30.1,54.55,7.033663939763812,142.17341183257892,False
2026-05-08T22:40:30.718,47.0,30.1,54.55,7.033663939763812,142.17341183257892,0.1453551678153997,0.012267657791070086,480,0.506133828895535,339.43880513758853,46.4,30.1,55.1,6.8275360927648725,146.465721515511,False
2026-05-08T22:40:31.809,46.4,30.1,55.1,6.8275360927648725,146.465721515511,0.2294790697373732,0.5010221938862582,480,0.7505110969431291,194.44093536164803,49.0,30.1,55.1,6.72551698741657,148.68745434306362,False
2026-05-08T22:40:32.880,49.0,30.1,55.1,6.72551698741657,148.68745434306362,0.2964620146401804,0.39579682655644843,512,0.6978984132782242,512.067559451654,50.5,30.2,54.0,6.506997805270784,153.68070344053015,False
2026-05-08T22:40:33.980,50.5,30.2,54.0,6.506997805270784,153.68070344053015,0.10707397423289766,0.35319904832176485,480,0.6765995241608824,713.8937920833488,48.0,30.1,56.2,6.471558985708711,154.5222723316472,False
2026-05-08T22:40:34.841,48.0,30.1,56.2,6.471558985708711,154.5222723316472,-0.2256931460345093,-0.49967340852646824,416,0.2501632957367659,748.3045459705162,52.3,30.1,57.3,7.12098046924585,140.43010008506673,False
2026-05-08T22:40:36.386,52.3,30.1,57.3,7.12098046924585,140.43010008506673,0.6161641972851164,-0.9967135927307214,576,0.001643203634639323,690.4397504456279,49.5,30.1,54.0,5.754789308605811,173.7683078170356,False
2026-05-08T22:40:37.081,49.5,30.1,54.0,5.754789308605811,173.7683078170356,-0.5877222212020277,0.41527068674577006,320,0.707635343372885,756.0647712294689,54.3,30.1,54.55,8.424652868489252,118.6992527300801,False
2026-05-08T22:40:38.678,54.3,30.1,54.55,8.424652868489252,118.6992527300801,0.9222173342558591,-0.7848849399974076,640,0.1075575300012962,669.922265145594,45.7,30.2,57.85,6.330419121981038,157.9674237567797,False
2026-05-08T22:40:39.742,45.7,30.2,57.85,6.330419121981038,157.9674237567797,0.3819254520532218,0.028879253494613844,512,0.5144396267473069,708.5940047247745,47.4,30.3,54.55,6.284859640290307,159.1125430374462,False
2026-05-08T22:40:41.277,47.4,30.3,54.55,6.284859640290307,159.1125430374462,0.6722289485386996,0.7875457447312773,576,0.8937728723656386,704.7272813130655,48.3,30.2,55.1,5.540065004141088,180.50329720906163,False
2026-05-08T22:40:41.989,48.3,30.2,55.1,5.540065004141088,180.50329720906163,-0.8955143153239928,0.5449724549509403,288,0.7724862274754701,372.3582670135227,53.3,30.4,54.55,8.946496798894694,111.77559468009268,False
2026-05-08T22:40:43.069,53.3,30.4,54.55,8.946496798894694,111.77559468009268,-0.060256050691520846,0.7860680052784645,448,0.8930340026392323,648.0319180870418,48.7,30.4,57.3,8.284018653650394,120.71435879243766,False
2026-05-08T22:40:43.957,48.7,30.4,57.3,8.284018653650394,120.71435879243766,-0.41309417496782275,0.305404086560628,384,0.652702043280314,536.2667053365888,49.2,30.4,55.1,8.783798656721975,113.84596107912039,False
2026-05-08T22:40:46.857,49.2,30.4,55.1,8.783798656721975,113.84596107912039,-0.9139178131200019,0.989535907843812,288,0.994767953921906,752.9101170642073,63.5,30.0,56.75,10.602381979385362,94.31842787256112,False
2026-05-08T22:40:47.918,63.5,30.0,56.75,10.602381979385362,94.31842787256112,0.25236928301710027,-0.4623841300964249,512,0.26880793495178756,710.7131721415404,48.5,30.1,55.65,8.599773050361494,116.28213839410155,False
2026-05-08T22:40:48.805,48.5,30.1,55.65,8.599773050361494,116.28213839410155,-0.14571887745180567,0.19675400830628065,416,0.5983770041531403,623.801683524909,49.7,30.1,56.2,8.37381757337507,119.41984539758126,False
2026-05-08T22:40:50.605,49.7,30.1,56.2,8.37381757337507,119.41984539758126,0.983569800046648,0.6860755017722788,640,0.8430377508861394,864.1540828605263,46.0,30.5,57.3,6.298480167023465,158.7684605622216,False
2026-05-08T22:40:51.330,46.0,30.5,57.3,6.298480167023465,158.7684605622216,-0.5726075290111199,-0.6875448001593765,352,0.15622759992031177,838.255092099105,49.2,30.5,54.55,8.012052551373177,124.81196217673474,False
2026-05-08T22:40:52.699,49.2,30.5,54.55,8.012052551373177,124.81196217673474,0.6491085779140684,-0.9055568978171833,576,0.047221551091408354,867.2276691498581,46.0,30.4,54.55,6.4634159234703406,154.7169502690892,False
2026-05-08T22:40:53.721,46.0,30.4,54.55,6.4634159234703406,154.7169502690892,0.10491856986468884,-0.3523306724624393,480,0.32383466376878034,818.9321295216535,48.0,30.3,55.1,6.5126637474835185,153.54700300416988,False
2026-05-08T22:40:55.170,48.0,30.3,55.1,6.5126637474835185,153.54700300416988,-0.2197298589173997,0.8919169020822169,416,0.9459584510411084,838.7831705904067,61.4,30.1,56.75,7.293933689925361,137.10023185174214,False
2026-05-08T22:40:55.917,61.4,30.1,56.75,7.293933689925361,137.10023185174214,-0.8674742747093991,0.6841960461949295,288,0.8420980230974647,710.581627887912,54.6,30.2,56.75,9.808268429328642,101.95479530411345,False
2026-05-08T22:40:57.308,54.6,30.2,56.75,9.808268429328642,101.95479530411345,0.600465535827031,-0.1819267590008744,576,0.4090366204995628,666.2432384908002,47.5,30.0,55.65,7.39365360581817,135.25112932165038,False
2026-05-08T22:40:58.192,47.5,30.0,55.65,7.39365360581817,135.25112932165038,0.05622801199787397,-0.4499374904916853,448,0.27503125475415735,723.7339525417547,46.1,30.0,55.1,7.527046268431435,132.85423848050698,False
2026-05-08T22:40:59.069,46.1,30.0,55.1,7.527046268431435,132.85423848050698,-0.049419910594402205,-0.3874243453303188,448,0.3062878273348406,751.033403678305,45.9,30.0,54.55,7.623959153224204,131.1654456565518,False
2026-05-08T22:41:00.243,45.9,30.0,54.55,7.623959153224204,131.1654456565518,0.13324710004665197,0.47513826399981607,480,0.737569131999908,841.7311564611848,53.8,30.2,56.2,6.852299682482509,145.93640767878844,False
2026-05-08T22:41:01.150,53.8,30.2,56.2,6.852299682482509,145.93640767878844,-0.15048208563225773,-0.578776651718947,416,0.2106116741405265,791.988534942307,52.0,30.2,55.65,7.13565744823834,140.14125639493545,False
2026-05-08T22:41:01.879,52.0,30.2,55.65,7.13565744823834,140.14125639493545,-0.39957736842656155,-0.43463790600035157,384,0.2826810469998242,780.0444517447678,53.0,30.2,56.2,8.273834749621674,120.86294085650255,False
2026-05-08T22:41:03.017,53.0,30.2,56.2,8.273834749621674,120.86294085650255,0.26555068406714866,0.7576017128788803,512,0.8788008564394402,350.63861553216276,51.0,30.2,57.3,7.3291367695827505,136.44171632192507,False
2026-05-08T22:41:05.126,51.0,30.2,57.3,7.3291367695827505,136.44171632192507,-0.2241115190542684,0.9598621164625338,416,0.9799310582312669,529.425978060594,64.1,30.0,55.1,7.5424799772239695,132.58238709545142,False
2026-05-08T22:41:06.692,64.1,30.0,55.1,7.5424799772239695,132.58238709545142,0.24897010429985778,0.8206967325468724,480,0.9103483662734362,825.3987848229549,54.2,30.0,56.2,7.058618798637922,141.67077561873248,False
2026-05-08T22:41:07.285,54.2,30.0,56.2,7.058618798637922,141.67077561873248,-0.8788648515615716,-0.42949155727285526,288,0.28525422136357237,812.8940906913299,51.3,30.1,54.55,9.643022595184108,103.70192438410517,False
2026-05-08T22:41:08.771,51.3,30.1,54.55,9.643022595184108,103.70192438410517,0.8707410796952697,0.5221616359003476,608,0.7610808179501738,892.9275841101698,45.1,30.0,55.1,7.233685960197349,138.24210858784892,False
2026-05-08T22:41:09.772,45.1,30.0,55.1,7.233685960197349,138.24210858784892,0.12181616515146598,-0.36273539284427736,480,0.3186323035778613,867.3395163532814,47.8,30.0,55.65,6.955783031066614,143.76526633072078,False
2026-05-08T22:41:10.709,47.8,30.0,55.65,6.955783031066614,143.76526633072078,-0.6627291810218499,0.8048726675062345,320,0.9024363337531173,707.3498945652648,52.8,30.1,55.1,9.004136613660547,111.06006526854098,False
2026-05-08T22:41:17.014,52.8,30.1,55.1,9.004136613660547,111.06006526854098,0.10775249795989428,0.9909655225423581,480,0.9954827612711791,824.7820620392964,66.7,29.8,55.1,7.909434506609894,126.43128900862668,False
2026-05-08T22:41:17.760,66.7,29.8,55.1,7.909434506609894,126.43128900862668,-0.5116957385131815,0.030368247303640405,352,0.5151841236518202,737.0406710023725,53.1,30.0,56.2,8.749823872339466,114.28801477493364,False
2026-05-08T22:41:18.573,53.1,30.0,56.2,8.749823872339466,114.28801477493364,-0.10877509368194405,-0.7221142645989134,416,0.13894286770054332,682.8873827690728,47.7,30.0,54.0,8.528917678969727,117.24817117953444,False
2026-05-08T22:41:19.137,47.7,30.0,54.0,8.528917678969727,117.24817117953444,-0.6824843424677389,-0.6604724068859087,320,0.16976379655704565,637.8874159336088,53.9,30.0,54.55,10.499509447780124,95.24254489922161,False
2026-05-08T22:41:20.513,53.9,30.0,54.55,10.499509447780124,95.24254489922161,0.6607672192911498,-0.6075544503771468,576,0.19622277481142658,716.5498021382134,47.3,30.0,54.55,7.766425609215132,128.75936116782805,False
2026-05-08T22:41:21.224,47.3,30.0,54.55,7.766425609215132,128.75936116782805,-0.4526089956993531,0.22470564094883128,352,0.6123528204744156,613.1373582850338,52.5,30.1,55.65,8.995360548190428,111.16841783525479,False
2026-05-08T22:41:21.980,52.5,30.1,55.65,8.995360548190428,111.16841783525479,-0.2995096221559401,-0.45808388576506154,384,0.27095805711746923,666.7173059914659,47.7,30.1,55.1,9.044730353851582,110.5616155349687,False
2026-05-08T22:41:23.401,47.7,30.1,55.1,9.044730353851582,110.5616155349687,0.9007730474691438,-0.9658070602552076,608,0.017096469872396214,739.8263882601077,45.7,30.0,55.1,6.915579284059219,144.6010462644906,False
2026-05-08T22:41:24.830,45.7,30.0,55.1,6.915579284059219,144.6010462644906,0.6174175392465313,0.5804336136009254,576,0.7902168068004627,659.610578388136,46.5,30.1,55.1,5.841238049106909,171.19658394214804,False
2026-05-08T22:41:25.450,46.5,30.1,55.1,5.841238049106909,171.19658394214804,-0.6668782609732076,-0.37289014549228283,320,0.3135549272538586,89.40705742762884,50.5,30.2,54.55,8.572782272443737,116.64824420123088,False
2026-05-08T22:41:26.790,50.5,30.2,54.55,8.572782272443737,116.64824420123088,0.3982209705111599,-0.5252597374948713,512,0.23737013125256434,484.75443726591214,48.5,30.1,55.65,7.1641032503914825,139.58481125259536,False
2026-05-08T22:41:28.004,48.5,30.1,55.65,7.1641032503914825,139.58481125259536,-0.06790194627081236,0.6951180847506844,448,0.8475590423753422,699.531013759368,48.5,30.1,55.65,7.13004140398283,140.25163997524638,False
2026-05-08T22:41:28.709,48.5,30.1,55.65,7.13004140398283,140.25163997524638,-0.3759273208144689,-0.9979933329806205,384,0.00100333350968973,677.2938659746044,53.5,30.1,57.3,8.422077739575414,118.73554613501032,False
2026-05-08T22:41:30.334,53.5,30.1,57.3,8.422077739575414,118.73554613501032,0.9407152598065669,0.1536870376920083,640,0.5768435188460042,720.3848465171905,47.2,30.0,56.2,6.3286643281872195,158.01122450848007,False
2026-05-08T22:41:31.039,47.2,30.0,56.2,6.3286643281872195,158.01122450848007,-0.49542823174089423,0.1725998479997899,352,0.586299923999895,687.60060028675,49.2,30.1,55.65,8.109461410989391,123.31275152809383,False
2026-05-08T22:41:32.230,49.2,30.1,55.65,8.109461410989391,123.31275152809383,0.4404909702224087,-0.12136283632940637,544,0.4393185818352968,622.2511257624768,46.5,30.0,57.85,6.845911698770779,146.0725822945621,False
2026-05-08T22:41:33.215,46.5,30.0,57.85,6.845911698770779,146.0725822945621,0.18693776300435716,-0.15284745737934213,480,0.42357627131032893,715.5062313846644,51.0,30.0,56.75,6.765190098470624,147.81550635599515,False
2026-05-08T22:41:34.636,51.0,30.0,56.75,6.765190098470624,147.81550635599515,0.6321969010780322,-0.48493984125911505,576,0.2575300793704425,822.8837162649212,47.5,30.0,54.55,5.725437185954753,174.65915134884912,False
2026-05-08T22:41:35.907,47.5,30.0,54.55,5.725437185954753,174.65915134884912,-0.0388877133625829,0.8419696009665854,448,0.9209848004832927,751.9712801732101,55.9,30.2,56.75,6.539141482464731,152.92527355182418,False
2026-05-08T22:41:37.319,55.9,30.2,56.75,6.539141482464731,152.92527355182418,0.7183910149554589,0.23292392896130298,576,0.6164619644806515,849.7150173546057,47.5,30.0,57.3,5.671628247091895,176.31621051904207,False
2026-05-08T22:41:37.981,47.5,30.0,57.3,5.671628247091895,176.31621051904207,-0.6673227154460537,0.2760717606290659,320,0.638035880314533,719.6766473832198,48.5,29.9,57.85,8.546752970243636,117.00349869495453,False
2026-05-08T22:41:39.082,48.5,29.9,57.85,8.546752970243636,117.00349869495453,0.28204680571790175,-0.11170601576940298,512,0.4441469921152985,798.7758507448428,46.9,29.9,56.2,7.4378932420214126,134.44667293022718,False
2026-05-08T22:41:40.485,46.9,29.9,56.2,7.4378932420214126,134.44667293022718,0.6577809834978998,-0.5304773796662716,576,0.2347613101668642,839.027164696322,48.0,30.0,57.85,6.123477894651483,163.3058887782455,False
2026-05-08T22:41:41.546,48.0,30.0,57.85,6.123477894651483,163.3058887782455,0.3134592701226444,-0.578471861081528,512,0.21076406945923598,717.2327471152626,46.2,29.9,54.55,6.198877997888133,161.31951626418285,False
2026-05-08T22:41:42.282,46.2,29.9,54.55,6.198877997888133,161.31951626418285,-0.3354865186230427,-0.3018683701517042,384,0.3490658149241479,657.930434800846,52.3,29.9,55.65,7.833682641633903,127.65388205609335,False
2026-05-08T22:41:42.960,52.3,29.9,55.65,7.833682641633903,127.65388205609335,-0.8917288301449422,0.31484818695352756,288,0.6574240934767638,695.8334231966084,49.7,29.9,56.2,9.60807708950333,104.07909831328101,False
2026-05-08T22:41:44.629,49.7,29.9,56.2,9.60807708950333,104.07909831328101,0.9994235858487699,0.00532370515152869,640,0.5026618525757643,848.4821536921125,46.5,29.9,55.1,6.930529701177389,144.28911542361843,False
2026-05-08T22:41:46.098,46.5,29.9,55.1,6.930529701177389,144.28911542361843,-0.168919070883359,0.9131621045823803,416,0.9565810522911902,730.6710967165807,51.5,30.0,54.55,7.437669329687609,134.45072047079043,False
2026-05-08T22:41:47.709,51.5,30.0,54.55,7.437669329687609,134.45072047079043,0.9243059536681664,0.25749535772800436,640,0.6287476788640022,212.92094356641545,46.0,29.9,55.1,5.809327093078302,172.13697627587197,False
2026-05-08T22:41:48.345,46.0,29.9,55.1,5.809327093078302,172.13697627587197,-0.923220373163042,0.794103724919148,256,0.897051862459574,331.3337786362554,51.3,30.0,54.55,10.479705581434132,95.42252806907115,False
2026-05-08T22:41:49.897,51.3,30.0,54.55,10.479705581434132,95.42252806907115,0.6936434396735283,0.11786170684432018,576,0.5589308534221601,835.1389069266443,50.3,30.5,55.1,7.564284376670116,132.20021223477738,False
2026-05-08T22:41:51.295,50.3,30.5,55.1,7.564284376670116,132.20021223477738,0.6951636225628957,-0.9318830842157488,576,0.03405845789212558,716.3215660586862,47.0,30.6,56.75,6.158711628208044,162.3716225679108,False
2026-05-08T22:41:52.357,47.0,30.6,56.75,6.158711628208044,162.3716225679108,0.3785770454893045,0.06168612301134013,512,0.5308430615056701,767.8218392161684,46.7,30.5,56.2,6.218010945877027,160.82313278381562,False
2026-05-08T22:41:53.151,46.7,30.5,56.2,6.218010945877027,160.82313278381562,-0.2432490379620269,-0.905757509713796,416,0.04712124514310201,829.9171458061099,50.5,30.4,55.65,7.2323825140506175,138.26702308088144,False
2026-05-08T22:41:54.635,50.5,30.4,55.65,7.2323825140506175,138.26702308088144,0.10807190683231838,0.9184243977207553,480,0.9592121988603777,670.7790843195398,54.8,30.2,57.3,6.861896049744285,145.73231549278074,False
2026-05-08T22:41:55.367,54.8,30.2,57.3,6.861896049744285,145.73231549278074,-0.3351389057330798,-0.5414243921867026,384,0.2292878039066487,758.931658533934,53.6,30.3,56.2,8.209420469265224,121.81127812174347,False
2026-05-08T22:41:56.874,53.6,30.3,56.2,8.209420469265224,121.81127812174347,0.8206771095205028,0.6537691234385201,608,0.8268845617192601,699.6847843797152,43.4,30.1,56.2,6.429113995492667,155.5424278836993,False
2026-05-08T22:41:57.585,43.4,30.1,56.2,6.429113995492667,155.5424278836993,-0.31173582905680464,-0.18289512301313238,384,0.4085524384934338,642.9861254862809,52.0,30.2,55.65,7.944035223108415,125.88061003192668,False
2026-05-08T22:41:58.313,52.0,30.2,55.65,7.944035223108415,125.88061003192668,-0.2547320305407865,-0.3638168578601202,384,0.3180915710699399,589.4354767575015,50.3,30.2,54.55,8.665583629026145,115.39903632692561,False
2026-05-08T22:41:59.297,50.3,30.2,54.55,8.665583629026145,115.39903632692561,0.23628555009838093,-0.8274578158274235,480,0.08627109208628825,659.4007737394626,50.7,30.2,55.1,7.746115999021757,129.09695647809664,False
2026-05-08T22:41:59.876,50.7,30.2,55.1,7.746115999021757,129.09695647809664,-0.8533792139123353,-0.008308522400416463,288,0.49584573879979177,463.31365359407056,48.7,30.2,56.2,10.159275522176506,98.43221574384093,False
2026-05-08T22:42:01.393,48.7,30.2,56.2,10.159275522176506,98.43221574384093,0.9126377304607158,0.16664695169128918,608,0.5833234758456446,613.0677026900628,46.9,29.9,57.3,7.4533116030134,134.16854859465374,False
2026-05-08T22:42:02.782,46.9,29.9,57.3,7.4533116030134,134.16854859465374,0.7482075616263675,-0.39842495946598744,576,0.3007875202670063,851.4001771043232,45.7,29.8,57.85,6.168804528753891,162.10596321196803,False
2026-05-08T22:42:03.361,45.7,29.8,57.85,6.168804528753891,162.10596321196803,-0.8668000702145473,-0.8725246054576106,288,0.06373769727119472,859.8551816616884,51.8,29.9,56.75,9.094322964208779,109.95870763943137,False
2026-05-08T22:42:04.413,51.8,29.9,56.75,9.094322964208779,109.95870763943137,0.23430426553788153,-0.3628643242982521,480,0.31856783785087395,886.9544753075045,46.7,29.9,55.65,7.800602985265861,128.19521797082174,False
2026-05-08T22:42:06.125,46.7,29.9,55.65,7.800602985265861,128.19521797082174,0.9348295363950161,0.5263339434438974,640,0.7631669717219487,863.4031117554235,45.7,30.3,54.0,5.950788328733267,168.04496223996395,False
2026-05-08T22:42:07.060,45.7,30.3,54.0,5.950788328733267,168.04496223996395,-0.1067750866506132,0.7892210421933841,416,0.894610521096692,829.2701057514291,46.4,30.4,54.0,6.825790915681917,146.5031689884537,False
2026-05-08T22:42:08.727,46.4,30.4,54.0,6.825790915681917,146.5031689884537,0.9402820255987518,0.19238963703915934,640,0.5961948185195797,836.9793948805939,45.7,30.5,54.55,5.471694239169718,182.75875008537415,False
2026-05-08T22:42:09.818,45.7,30.5,54.55,5.471694239169718,182.75875008537415,0.3222007830639144,0.21911328437022992,512,0.609556642185115,832.7334996527545,46.7,30.6,53.45,5.779085431493512,173.0377603609099,False
2026-05-08T22:42:10.453,46.7,30.6,53.45,5.779085431493512,173.0377603609099,-0.8471239400092101,0.39229683588014286,288,0.6961484179400714,720.2378752971491,50.5,30.6,55.1,8.85403093195221,112.94290788969627,False
2026-05-08T22:42:11.399,50.5,30.6,55.1,8.85403093195221,112.94290788969627,-0.37337344429116914,0.8277340489852936,384,0.9138670244926468,770.6588627797048,60.5,30.6,54.0,8.781913580735395,113.87039861035164,False
2026-05-08T22:42:13.125,60.5,30.6,54.0,8.781913580735395,113.87039861035164,0.9223137907498828,-0.27927996093720653,640,0.36036001953139674,833.3319285100944,46.0,30.7,57.3,6.427879054849359,155.57231109467966,False
2026-05-08T22:42:14.615,46.0,30.7,57.3,6.427879054849359,155.57231109467966,0.6279180653555538,0.18784589727080658,576,0.5939229486354033,849.0889998975848,45.7,30.6,57.85,5.538292885750253,180.56105385342644,False
2026-05-08T22:42:16.153,45.7,30.6,57.85,5.538292885750253,180.56105385342644,-0.8009118859537545,0.94855772188093,288,0.974278860940465,569.404586107368,57.8,30.4,55.65,8.646331839183532,115.65598205104622,False
2026-05-08T22:42:17.419,57.8,30.4,55.65,8.646331839183532,115.65598205104622,0.47646308744968446,0.170729149277852,544,0.585364574638926,766.0397103298752,45.3,30.4,57.85,7.090204860507773,141.0396483139676,False
2026-05-08T22:42:18.962,45.3,30.4,57.85,7.090204860507773,141.0396483139676,0.9068406348189983,0.6299153554068537,608,0.8149576777034269,819.2908204307014,47.7,30.1,54.0,5.850610631985294,170.92232980485815,False
2026-05-08T22:42:19.549,47.7,30.1,54.0,5.850610631985294,170.92232980485815,-0.6503737830908005,-0.9263925121828995,320,0.036803743908550235,633.7599893890437,51.3,30.2,56.75,8.88121955773376,112.59714879238638,False
2026-05-08T22:42:21.022,51.3,30.2,56.75,8.88121955773376,112.59714879238638,0.8627220501418218,-0.19722377676084402,608,0.401388111619578,686.4524097183153,45.6,30.3,56.75,6.767049914623996,147.77488161258287,False
2026-05-08T22:42:22.054,45.6,30.3,56.75,6.767049914623996,147.77488161258287,0.244129516430744,-0.6505082891873388,480,0.17474585540633059,585.4060475268559,49.5,30.2,54.55,6.626368041358701,150.91223333181406,False
2026-05-08T22:42:23.264,49.5,30.2,54.55,6.626368041358701,150.91223333181406,0.5238826688937197,0.17644960022914935,544,0.5882248001145747,672.487668776649,43.7,30.1,54.0,6.075270784211743,164.60171661792825,False
2026-05-08T22:42:28.948,43.7,30.1,54.0,6.075270784211743,164.60171661792825,-0.04048344011146754,0.9932207058997924,448,0.9966103529498962,722.8452141203447,68.9,29.7,56.2,6.832307654163867,146.36343247666287,False
2026-05-08T22:42:30.264,68.9,29.7,56.2,6.832307654163867,146.36343247666287,0.49578813893482,0.4551222730557658,544,0.7275611365278829,718.563731433414,49.0,29.7,56.2,6.116138001734656,163.50186992451452,False
2026-05-08T22:42:31.652,49.0,29.7,56.2,6.116138001734656,163.50186992451452,0.7004384060244897,-0.23345311180777784,576,0.3832734440961111,556.1170140347746,45.5,29.8,58.4,5.450574425328484,183.46690127797567,False
2026-05-08T22:42:32.135,45.5,29.8,58.4,5.450574425328484,183.46690127797567,-0.9305988499816558,-0.9545068019391962,256,0.02274659903040188,343.67600399858,49.5,29.9,56.2,10.489469762720141,95.33370347794195,False
2026-05-08T22:42:33.746,49.5,29.9,56.2,10.489469762720141,95.33370347794195,0.9900694552949654,-0.1899617237823492,640,0.4050191381088254,693.9574324512569,45.5,29.8,57.3,7.434061356375194,134.51597344464133,False
2026-05-08T22:42:35.155,45.5,29.8,57.3,7.434061356375194,134.51597344464133,0.6416355109467415,-0.1347669533263567,576,0.43261652333682166,717.7190887852304,46.4,30.1,55.65,6.11184696013551,163.61666228269374,False
2026-05-08T22:42:37.551,46.4,30.1,55.65,6.11184696013551,163.61666228269374,0.4651966238572458,0.9589457024547181,544,0.979472851227359,791.9229191762665,54.5,30.2,58.4,5.652989503418096,176.8975511798398,False
2026-05-08T22:42:38.197,54.5,30.2,58.4,5.652989503418096,176.8975511798398,-0.8069453908542761,0.2849779739885332,288,0.6424889869942666,849.9324037118439,50.8,30.3,54.55,8.974214009972187,111.43037138280808,False
2026-05-08T22:42:38.786,50.8,30.3,54.55,8.974214009972187,111.43037138280808,-0.6778945051346781,-0.34498838896884454,320,0.32750580551557773,839.7597085114703,51.0,30.3,56.2,10.496681327161479,95.2682060959948,False
2026-05-08T22:42:40.598,51.0,30.3,56.2,10.496681327161479,95.2682060959948,0.7402567973892822,0.8342152424006202,576,0.9171076212003101,743.8793176401746,53.5,30.1,56.75,7.766665501922472,128.75538411593385,False
2026-05-08T22:42:41.363,53.5,30.1,56.75,7.766665501922472,128.75538411593385,-0.8214756507778203,0.0896835012636219,288,0.544841750631811,36.99044707989321,57.9,30.3,55.65,9.280035421702788,107.75820937723432,False
2026-05-08T22:42:42.804,57.9,30.3,55.65,9.280035421702788,107.75820937723432,0.6894719683073387,0.07033131513649349,576,0.5351656575682467,375.01523034103866,47.4,30.4,55.65,7.029354335925067,142.26057646422507,False
2026-05-08T22:42:43.314,47.4,30.4,55.65,7.029354335925067,142.26057646422507,-0.9273588313062462,0.44270475229592354,256,0.7213523761479618,453.21242995521436,49.7,30.4,55.65,11.50504725188257,86.91837400636231,False
2026-05-08T22:42:43.882,49.7,30.4,55.65,11.50504725188257,86.91837400636231,-0.889163176593599,0.09285767275282408,288,0.546428836376412,622.2677954288839,56.1,30.4,54.55,12.361441919647284,80.89671144355735,False
2026-05-08T22:42:44.577,56.1,30.4,54.55,12.361441919647284,80.89671144355735,-0.293367290164656,-0.7377519818053153,384,0.13112400909734234,741.453183416573,53.1,30.3,55.65,11.195392821676412,89.32245754376832,False
2026-05-08T22:42:46.203,53.1,30.3,55.65,11.195392821676412,89.32245754376832,0.9521348736528454,-0.01693064697123603,640,0.491534676514382,781.4709955955011,48.8,30.1,58.4,7.802931356018432,128.15696491148753,False
2026-05-08T22:42:46.762,48.8,30.1,58.4,7.802931356018432,128.15696491148753,-0.8352477430816714,-0.28295379821096,288,0.35852310089452,771.4212366858291,53.2,30.1,55.1,10.356641384535575,96.55639920999768,False
2026-05-08T22:42:47.460,53.2,30.1,55.1,10.356641384535575,96.55639920999768,-0.3773969535759969,-0.7335542720378156,384,0.13322286398109218,777.427703442974,54.0,30.1,55.1,10.153097143291607,98.49211387293028,False
2026-05-08T22:42:48.153,54.0,30.1,55.1,10.153097143291607,98.49211387293028,-0.4170636798478806,-0.11535340588809362,352,0.4423232970559532,564.5768938912723,48.2,30.1,56.2,10.217991499185882,97.86659149987304,False
2026-05-08T22:42:49.265,48.2,30.1,56.2,10.217991499185882,97.86659149987304,0.2885881195821982,-0.529699686686405,512,0.2351501566567975,703.6424510861459,48.1,30.1,55.1,8.214335869584419,121.73838711693587,False
2026-05-08T22:42:50.949,48.1,30.1,55.1,8.214335869584419,121.73838711693587,0.9607977916696919,0.2820484522993305,640,0.6410242261496653,705.8384362376091,45.6,29.9,56.75,6.208875923443701,161.05974935401164,False
2026-05-08T22:42:51.712,45.6,29.9,56.75,6.208875923443701,161.05974935401164,-0.2994522878261068,0.4859069874596682,384,0.7429534937298341,607.190385050758,51.3,30.0,55.65,7.9470659291440455,125.83260399699579,False
2026-05-08T22:42:56.944,51.3,30.0,55.65,7.9470659291440455,125.83260399699579,0.04994918553448735,0.9817764597497904,448,0.9908882298748952,479.8729931795515,64.2,29.8,55.65,7.743999890154713,129.1322332366435,False
2026-05-08T22:42:58.165,64.2,29.8,55.65,7.743999890154713,129.1322332366435,0.49234559868700933,0.3511648056631327,544,0.6755824028315663,738.4544097086609,45.9,29.9,54.55,6.65411828750075,150.28287096705557,False
2026-05-08T22:42:59.452,45.9,29.9,54.55,6.65411828750075,150.28287096705557,0.5518019734724391,0.07572307582680948,544,0.5378615379134047,802.9224587738356,45.0,30.0,55.65,5.935540860764806,168.4766432340166,False
2026-05-08T22:43:00.926,45.0,30.0,55.65,5.935540860764806,168.4766432340166,0.9001483512716388,0.11150909003372078,608,0.5557545450168604,710.9115519454301,43.6,29.9,55.65,5.192772894624138,192.57533889750087,False
2026-05-08T22:43:02.382,43.6,29.9,55.65,5.192772894624138,192.57533889750087,0.904352414193512,0.005484893168977489,608,0.5027424465844887,821.4727333314213,46.5,30.1,56.2,4.858202834419073,205.83743291145984,False
2026-05-08T22:43:03.851,46.5,30.1,56.2,4.858202834419073,205.83743291145984,0.8865290491717668,0.49428647251121016,608,0.7471432362556051,673.6891851608584,48.5,30.0,55.1,4.669742200089976,214.14458382322093,False
2026-05-08T22:43:04.709,48.5,30.0,55.1,4.669742200089976,214.14458382322093,-0.07829616475467915,-0.6997228463238991,448,0.15013857683805043,677.6016107664178,49.0,30.1,57.3,6.120504359677825,163.38522795409602,False
2026-05-08T22:43:05.738,49.0,30.1,57.3,6.120504359677825,163.38522795409602,0.11856193215382449,-0.015785996559149362,480,0.4921070017204253,758.2107675851566,48.3,30.1,55.1,6.314974715493804,158.35376150382643,False
2026-05-08T22:43:06.724,48.3,30.1,55.1,6.314974715493804,158.35376150382643,-0.0762055092477143,-0.6447708607055904,448,0.1776145696472048,560.7920394318147,50.5,30.2,55.65,6.666799170916432,149.99701871363524,False
2026-05-08T22:43:09.078,50.5,30.2,55.65,6.666799170916432,149.99701871363524,0.3947605989216254,0.9753744374017783,512,0.9876872187008892,740.6153344787746,60.4,30.1,56.75,6.212715394391823,160.96021409618945,False
2026-05-08T22:43:09.855,60.4,30.1,56.75,6.212715394391823,160.96021409618945,-0.7240066449087996,0.7775820025894034,320,0.8887910012947017,735.1405169611952,54.0,30.2,56.75,8.98532520656131,111.29257728699402,False
2026-05-08T22:43:10.728,54.0,30.2,56.75,8.98532520656131,111.29257728699402,-0.0849823712763107,-0.28146463817908574,416,0.35926768091045713,864.4339399742001,47.4,30.2,57.85,8.57750908290801,116.58396281883886,False
2026-05-08T22:43:11.881,47.4,30.2,57.85,8.57750908290801,116.58396281883886,0.15493949603116675,0.8477265499435611,480,0.9238632749717806,864.1459300561299,50.5,30.1,55.65,7.685439611037026,130.11617429976346,False
2026-05-08T22:43:12.453,50.5,30.1,55.65,7.685439611037026,130.11617429976346,-0.9115418241124202,-0.6678967880546873,288,0.16605160597265634,860.5710124140539,50.5,30.1,55.1,10.104888464006258,98.96200275361898,False
2026-05-08T22:43:13.280,50.5,30.1,55.1,10.104888464006258,98.96200275361898,-0.1983923055416843,-0.8184867445120036,416,0.09075662774399818,607.6430837885107,48.5,30.0,55.1,9.143854785002668,109.36306661826632,False
2026-05-08T22:43:14.482,48.5,30.0,55.1,9.143854785002668,109.36306661826632,0.4270923230040635,0.08408246224463878,544,0.5420412311223194,555.2774979621323,48.0,29.9,57.85,7.416820985723115,134.82865528572594,False
2026-05-08T22:43:15.587,48.0,29.9,57.85,7.416820985723115,134.82865528572594,0.2091650771071938,0.35851927068463185,480,0.6792596353423159,662.4922305388343,47.2,30.0,55.65,6.900464094803485,144.91778904451766,False
2026-05-08T22:43:17.040,47.2,30.0,55.65,6.900464094803485,144.91778904451766,0.8692570996469138,0.3672549826826159,608,0.683627491341308,757.2265991406575,47.1,29.9,54.55,5.755512861769376,173.7464625685116,False
2026-05-08T22:43:17.909,47.1,29.9,54.55,5.755512861769376,173.7464625685116,-0.07927702003159731,-0.1385238855616453,448,0.43073805721917735,776.8619937854442,47.7,29.9,54.55,6.677615923933111,149.75404566409995,False
2026-05-08T22:43:18.629,47.7,29.9,54.55,6.677615923933111,149.75404566409995,-0.5379322256231425,0.4122524114796571,352,0.7061262057398285,837.6418849977817,49.2,29.9,56.2,8.263577050607061,121.01296979212383,False
2026-05-08T22:43:20.141,49.2,29.9,56.2,8.263577050607061,121.01296979212383,0.36989966973903377,0.882367029106286,512,0.941183514553143,542.109981950091,53.8,29.9,55.1,7.283225704256191,137.30180013721355,False
2026-05-08T22:43:20.617,53.8,29.9,55.1,7.283225704256191,137.30180013721355,-0.9899071881716575,-0.8509586646683416,256,0.07452066766582921,581.6324404799706,52.8,29.9,54.55,11.550164347958919,86.57885462700922,False
2026-05-08T22:43:21.199,52.8,29.9,54.55,11.550164347958919,86.57885462700922,-0.7928225162131761,-0.3851353361828258,288,0.3074323319085871,542.8955752388306,50.5,29.9,56.2,12.120077075620843,82.50772612753997,False
2026-05-08T22:43:22.229,50.5,29.9,56.2,12.120077075620843,82.50772612753997,0.2689524624481505,-0.35262558713687286,512,0.32368720643156357,672.1413116558011,49.0,29.9,56.2,9.422657675033383,106.1271707503114,False
2026-05-08T22:43:22.678,49.0,29.9,56.2,9.422657675033383,106.1271707503114,-0.9741109467353584,-0.9398693381776662,256,0.03006533091116692,453.69330871993907,49.0,29.9,56.2,12.902244314865074,77.50589553228883,False
2026-05-08T22:43:24.117,49.0,29.9,56.2,12.902244314865074,77.50589553228883,0.6485512218769971,0.3194826496650429,576,0.6597413248325215,700.2604720876242,44.8,29.9,56.2,9.043430792210778,110.57750349140868,False
2026-05-08T22:43:25.356,44.8,29.9,56.2,9.043430792210778,110.57750349140868,0.4403146705767145,-0.09278194859462174,544,0.45360902570268913,729.9521859336721,46.9,29.9,55.1,7.277620538480652,137.40754889767445,False
2026-05-08T22:43:26.232,46.9,29.9,55.1,7.277620538480652,137.40754889767445,-0.21434623613795267,0.525625982106313,416,0.7628129910531565,310.56468691123814,50.7,29.9,55.65,7.7234376287108315,129.47602454671681,False
2026-05-08T22:43:27.872,50.7,29.9,55.65,7.7234376287108315,129.47602454671681,0.8125981460118914,-0.058306998614717775,608,0.4708465006926411,493.9410448817211,48.9,30.1,55.65,5.987442666050263,167.01621306040332,False
2026-05-08T22:43:28.424,48.9,30.1,55.65,5.987442666050263,167.01621306040332,-0.9807055623105887,0.48468528740182104,256,0.7423426437009105,489.27782483508,55.6,30.1,54.55,10.478753275435077,95.43120004020517,False
2026-05-08T22:43:29.336,55.6,30.1,54.55,10.478753275435077,95.43120004020517,-0.04821899050867229,0.565256655446507,448,0.7826283277232535,733.9673320896369,48.5,30.1,55.65,9.163889441011115,109.12397038802152,False
2026-05-08T22:43:30.246,48.5,30.1,55.65,9.163889441011115,109.12397038802152,0.004496111669018754,-0.4148667229166614,448,0.2925666385416693,716.7816969453471,49.7,30.1,55.1,8.38259546329947,119.29479412172306,False
2026-05-08T22:43:31.665,49.7,30.1,55.1,8.38259546329947,119.29479412172306,0.787644763487521,-0.7862812261117014,608,0.10685938694414931,656.4652167215024,45.1,30.1,56.2,6.565316751491084,152.31557560004774,False
2026-05-08T22:43:32.517,45.1,30.1,56.2,6.565316751491084,152.31557560004774,-0.2229573150924964,-0.11544538023423168,416,0.44227730988288416,705.9874507800611,51.5,30.1,56.2,7.2370040079461875,138.17872684635878,False
2026-05-08T22:43:33.386,51.5,30.1,56.2,7.2370040079461875,138.17872684635878,0.05470473352296934,-0.5464243688908601,448,0.22678781555456995,635.0204924644995,49.3,30.1,55.65,7.456444629626982,134.11217405499949,False
2026-05-08T22:43:35.001,49.3,30.1,55.65,7.456444629626982,134.11217405499949,0.9660706224710092,-0.4093506271185594,640,0.2953246864407203,642.4449750292504,48.3,30.2,55.65,5.804812760321369,172.27084512276974,False
2026-05-08T22:43:35.535,48.3,30.2,55.65,5.804812760321369,172.27084512276974,-0.9167421302789753,0.38347589111698177,256,0.6917379455584909,327.64329930033074,51.8,30.2,55.65,10.348670225704831,96.63077266836876,False
2026-05-08T22:43:36.137,51.8,30.2,55.65,10.348670225704831,96.63077266836876,-0.7144891789879391,-0.6737607631018363,320,0.16311961844908185,438.1039128318222,53.5,30.2,56.2,11.135885568494935,89.79977334080621,False
2026-05-08T22:43:36.899,53.5,30.2,56.2,11.135885568494935,89.79977334080621,-0.3663382140321465,-0.6116489141462766,384,0.19417554292686168,677.8198028605058,49.0,30.2,55.1,10.387914459099404,96.26571377126035,False
2026-05-08T22:43:37.725,49.0,30.2,55.1,10.387914459099404,96.26571377126035,-0.10796886225120539,0.07881552806192893,416,0.5394077640309645,768.8501816170631,49.0,30.1,56.2,9.373738689758238,106.68101950533374,False
2026-05-08T22:43:38.944,49.0,30.1,56.2,9.373738689758238,106.68101950533374,0.45618992501005695,-0.5498175487008219,544,0.22509122564958906,864.955604271952,46.3,30.1,55.1,7.468362684945735,133.89815709080898,False
2026-05-08T22:43:40.663,46.3,30.1,55.1,7.468362684945735,133.89815709080898,0.9252305365785516,0.6334323382030043,640,0.8167161691015021,862.0483715343269,46.4,30.1,55.1,5.800288655659027,172.40521280339286,False
2026-05-08T22:43:42.373,46.4,30.1,55.1,5.800288655659027,172.40521280339286,0.14223122852243875,0.9147564716680303,480,0.9573782358340152,818.6456942786081,50.3,30.4,54.55,6.0604147370617,165.00520894793328,False
2026-05-08T22:43:43.244,50.3,30.4,54.55,6.0604147370617,165.00520894793328,-0.16289185604882728,-0.027062704940896687,416,0.48646864752955166,854.1712228110426,50.7,30.5,55.1,6.980005051415647,143.26637196303824,False
2026-05-08T22:43:44.118,50.7,30.5,55.1,6.980005051415647,143.26637196303824,0.014367081775960022,0.20684474956822574,448,0.6034223747841129,870.9564455293006,49.2,30.4,54.55,7.330808021324478,136.4106108209511,False
2026-05-08T22:43:44.950,49.2,30.4,54.55,7.330808021324478,136.4106108209511,-0.10271945086595147,0.05599818989843652,416,0.5279990949492183,867.0491447447606,50.0,30.4,55.1,7.757373243440272,128.9096152290483,False
2026-05-08T22:43:45.658,50.0,30.4,55.1,7.757373243440272,128.9096152290483,-0.25626655966483347,-0.46874600810310096,384,0.2656269959484495,892.4789770896713,54.3,30.4,55.1,8.73689719959566,114.45710956130738,False
2026-05-08T22:43:47.047,54.3,30.4,55.1,8.73689719959566,114.45710956130738,0.6980032317048761,0.7116628902931581,576,0.855831445146579,673.073321332993,47.0,30.3,55.65,6.858947499370493,145.79496345347138,False
2026-05-08T22:43:48.170,47.0,30.3,55.65,6.858947499370493,145.79496345347138,0.140742930312588,-0.6742880477208806,480,0.1628559761395597,545.5283080961678,54.1,30.4,56.2,6.45341132336323,154.9568049970267,False
2026-05-08T22:43:49.941,54.1,30.4,56.2,6.45341132336323,154.9568049970267,0.9486227634638622,-0.9285683155743278,640,0.03571584221283608,564.3642513888749,46.8,30.1,55.1,5.1533094020092785,194.050060260325,False
2026-05-08T22:43:50.812,46.8,30.1,55.1,5.1533094020092785,194.050060260325,-0.10758099989536007,0.06799162011916637,416,0.5339958100595832,671.7291425627847,50.5,30.2,56.2,6.525153480758075,153.25310016827723,False
2026-05-08T22:43:52.419,50.5,30.2,56.2,6.525153480758075,153.25310016827723,0.9991417941347267,-0.6762303128150426,640,0.16188484359247868,743.4726079775338,46.2,30.1,57.3,5.3205962509520415,187.94886002129272,False
2026-05-08T22:43:53.125,46.2,30.1,57.3,5.3205962509520415,187.94886002129272,-0.7058443416493718,0.4574910937167287,320,0.7287455468583643,772.7296136338142,53.4,30.2,57.3,8.146471159622156,122.752536700367,False
2026-05-08T22:43:53.685,53.4,30.2,57.3,8.146471159622156,122.752536700367,-0.9556614047874099,0.875874518650374,256,0.937937259325187,393.0814473566476,51.0,30.2,55.1,11.209846486920547,89.20728764366065,False
2026-05-08T22:43:54.755,51.0,30.2,55.1,11.209846486920547,89.20728764366065,0.17929931680700584,0.47321523405778443,480,0.7366076170288922,178.74692017365578,47.0,30.1,56.2,9.003278886534783,111.07064577279621,False
2026-05-08T22:43:56.464,47.0,30.1,56.2,9.003278886534783,111.07064577279621,0.921785993014453,0.5577264375551452,640,0.7788632187775726,259.95988058470914,47.2,30.4,55.65,6.617734770142527,151.10910828758747,False
2026-05-08T22:43:57.302,47.2,30.4,55.65,6.617734770142527,151.10910828758747,-0.2046464970891586,-0.9960307128631174,416,0.001984643568441302,620.8289944521065,48.8,30.4,55.1,7.354827297639756,135.96512324917688,False
2026-05-08T22:43:58.177,48.8,30.4,55.1,7.354827297639756,135.96512324917688,0.007463845475460307,-0.39211673007371295,448,0.3039416349631435,562.5440827608478,50.5,30.4,57.3,7.4990468680125435,133.350280055661,False
2026-05-08T22:43:59.424,50.5,30.4,57.3,7.4990468680125435,133.350280055661,0.5132813617149405,0.183066069802164,544,0.591533034901082,753.0047661830454,46.7,30.3,55.1,6.509961189732104,153.61074680095777,False
2026-05-08T22:44:00.142,46.7,30.3,55.1,6.509961189732104,153.61074680095777,-0.4750045378899823,-0.3053667561201925,352,0.34731662193990376,764.2038849943234,52.8,30.3,56.75,8.029607574420723,124.5390874624583,False
2026-05-08T22:44:01.237,52.8,30.3,56.75,8.029607574420723,124.5390874624583,0.3627476125024873,0.026003560020534167,512,0.5130017800102671,752.7108517895107,51.5,30.3,56.75,7.182544774090332,139.22642064234813,False
2026-05-08T22:44:01.997,51.5,30.3,56.75,7.182544774090332,139.22642064234813,-0.9570034275014749,0.8540795834020865,256,0.9270397917010432,594.3712444475651,57.4,30.3,54.55,11.196454848331033,89.31398496632727,False
2026-05-08T22:44:03.592,57.4,30.3,54.55,11.196454848331033,89.31398496632727,0.9299846710623696,-0.9732545189308326,640,0.013372740534583705,324.2165509999156,48.0,30.3,57.85,7.8007571158667535,128.19268503643042,False
2026-05-08T22:44:04.788,48.0,30.3,57.85,7.8007571158667535,128.19268503643042,0.5487620292016828,-0.37096205095472046,544,0.31451897452263977,453.1254412393115,47.3,30.1,56.2,6.684279107548314,149.60476424013117,False
2026-05-08T22:44:05.389,47.3,30.1,56.2,6.684279107548314,149.60476424013117,-0.886192956064074,0.017350895512044495,288,0.5086754477560222,425.84046714917486,54.1,30.2,57.3,9.609612302765964,104.06247083580749,False
2026-05-08T22:44:06.200,54.1,30.2,57.3,9.609612302765964,104.06247083580749,-0.11754751657102158,-0.6121736850729,416,0.19391315746354998,620.1815461490255,51.8,30.2,55.1,8.986811513614814,111.27417087640292,False
2026-05-08T22:44:07.872,51.8,30.2,55.1,8.986811513614814,111.27417087640292,0.2982045643515212,0.9339460609859871,512,0.9669730304929935,775.438402284108,56.0,30.0,55.1,7.74147410966303,129.17436470552607,False
2026-05-08T22:44:09.969,56.0,30.0,55.1,7.74147410966303,129.17436470552607,0.37494749959780305,0.9289570088259904,512,0.9644785044129952,778.6522958435203,53.1,29.9,55.65,7.041575016905485,142.0136826774109,False
2026-05-08T22:44:10.570,53.1,29.9,55.65,7.041575016905485,142.0136826774109,-0.9884187954661521,0.2506899266977791,256,0.6253449633488896,171.3555557503577,62.2,30.1,55.65,10.094071098510122,99.06805591527875,False
2026-05-08T22:44:11.834,62.2,30.1,55.65,10.094071098510122,99.06805591527875,0.5520449361115916,-0.36219940320952393,544,0.31890029839523804,248.68552927004538,51.2,30.1,56.75,7.746041602803022,129.09819637918483,False
2026-05-08T22:44:12.386,51.2,30.1,56.75,7.746041602803022,129.09819637918483,-0.9122921026150446,-0.1634386400481902,288,0.4182806799759049,192.15686445110305,54.0,30.1,55.65,10.422902124383166,95.94256840046656,False
2026-05-08T22:44:13.274,54.0,30.1,55.65,10.422902124383166,95.94256840046656,0.008052092840899139,0.070237970558231,448,0.5351189852791155,496.9084044116165,47.5,30.1,56.2,9.172273085039505,109.02422886111584,False
2026-05-08T22:44:13.943,47.5,30.1,56.2,9.172273085039505,109.02422886111584,-0.5577004548070705,-0.4861548838402252,352,0.2569225580798874,580.2527399185017,51.2,30.1,57.3,9.788565916541797,102.1600108254969,False
2026-05-08T22:44:15.338,51.2,30.1,57.3,9.788565916541797,102.1600108254969,0.6384056332884267,-0.2073615656796126,576,0.3963192171601937,724.5286637831176,48.8,30.0,55.65,7.357520319915207,135.9153568754975,False
2026-05-08T22:44:16.475,48.8,30.0,55.65,7.357520319915207,135.9153568754975,0.37474278219133095,0.28889490444991806,512,0.644447452224959,696.6361604334624,46.7,30.1,56.2,6.81076789835376,146.82632192497874,False
2026-05-08T22:44:17.507,46.7,30.1,56.2,6.81076789835376,146.82632192497874,0.11078833881826067,-0.1983522768212469,480,0.40082386158937655,807.8090869742034,47.4,30.1,55.1,6.728342674459291,148.62501040501223,False
2026-05-08T22:44:18.332,47.4,30.1,55.1,6.728342674459291,148.62501040501223,-0.23224243629697816,0.10627091553623758,416,0.5531354577681188,709.2036013082221,51.2,30.1,55.65,7.434063973898658,134.5159260817564,False
2026-05-08T22:44:19.149,51.2,30.1,55.65,7.434063973898658,134.5159260817564,-0.278238828407547,0.6894988811892402,384,0.8447494405946201,621.1602951982883,51.3,30.1,55.65,8.31853012829361,120.21354549149554,False
2026-05-08T22:44:20.366,51.3,30.1,55.65,8.31853012829361,120.21354549149554,0.4547810822285443,0.08033498590735633,544,0.5401674929536782,721.785937689635,49.2,30.0,57.85,6.93837548074803,144.1259561081277,False
2026-05-08T22:44:21.102,49.2,30.0,57.85,6.93837548074803,144.1259561081277,-0.268990381289818,-0.6279320105228574,384,0.1860339947385713,677.6216938311044,49.7,30.1,55.65,8.218200609746113,121.68113769504262,False
2026-05-08T22:44:22.163,49.7,30.1,55.65,8.218200609746113,121.68113769504262,0.32863664300040996,0.37231835260073365,512,0.6861591763003668,774.9146138964528,47.5,30.1,54.0,7.360427905511337,135.86166631035414,False
2026-05-08T22:44:22.633,47.5,30.1,54.0,7.360427905511337,135.86166631035414,-0.9784583740610178,-0.024473616498062345,256,0.4877631917509688,206.75412087966006,50.5,30.1,55.1,11.930293871472902,83.82023198868119,False
2026-05-08T22:44:23.830,50.5,30.1,55.1,11.930293871472902,83.82023198868119,0.4298203426134388,-0.8982666576105223,544,0.050866671194738866,436.6017732637439,45.7,29.9,55.65,8.888659277096192,112.50290609931972,False
2026-05-08T22:44:24.401,45.7,29.9,55.65,8.888659277096192,112.50290609931972,-0.8759147745774629,-0.29394386568725284,288,0.3530280671563736,371.9575795300617,52.0,30.0,55.1,10.930725772533805,91.48523353433231,False
2026-05-08T22:44:25.260,52.0,30.0,55.1,10.930725772533805,91.48523353433231,-0.24903461673108196,-0.41324724593683126,416,0.29337637703158437,625.0284137738699,53.0,30.0,55.65,9.535323458386166,104.87321215312478,False
2026-05-08T22:44:26.973,53.0,30.0,55.65,9.535323458386166,104.87321215312478,0.20892078006115766,0.9297275496306563,480,0.9648637748153281,713.1032767138316,61.7,29.9,56.75,8.163751959473284,122.49269759348725,False
2026-05-08T22:44:27.712,61.7,29.9,56.75,8.163751959473284,122.49269759348725,-0.3733514096774979,-0.536897960568854,384,0.23155101971557301,758.2894023973771,55.6,30.0,57.3,8.818968786095942,113.39194232965289,False
2026-05-08T22:44:29.214,55.6,30.0,57.3,8.818968786095942,113.39194232965289,0.46935111944013364,0.7803782906776042,544,0.8901891453388021,814.6132352976839,49.7,30.0,57.3,7.235930048439041,138.1992353858815,False
2026-05-08T22:44:30.712,49.7,30.0,57.3,7.235930048439041,138.1992353858815,0.4455217750828613,-0.15645442410895716,544,0.4217727879455214,856.0490246257837,54.5,30.1,55.65,5.981946772991197,167.1696586327134,False
2026-05-08T22:44:31.402,54.5,30.1,55.65,5.981946772991197,167.1696586327134,-0.743516564851362,0.41448832150610393,320,0.707244160753052,797.1982845069431,51.0,30.2,54.55,8.308960968162118,120.35199152237595,False
2026-05-08T22:44:32.130,51.0,30.2,54.55,8.308960968162118,120.35199152237595,-0.35112740693316646,0.16821778166473056,384,0.5841088908323653,855.3289177661424,51.3,30.2,56.2,9.00245318576811,111.08083312012,False
2026-05-08T22:44:33.096,51.3,30.2,56.2,9.00245318576811,111.08083312012,-0.1846572118319061,0.8384592949211158,416,0.9192296474605579,686.7989416937813,51.5,30.2,56.2,8.50638987810381,117.55868403987539,False
2026-05-08T22:44:33.772,51.5,30.2,56.2,8.50638987810381,117.55868403987539,-0.49498323644455566,-0.5228009059455665,352,0.23859954702721675,500.1369649778166,51.3,30.2,55.1,9.390472682593586,106.49091199142988,False
2026-05-08T22:44:34.992,51.3,30.2,55.1,9.390472682593586,106.49091199142988,0.5447472494691301,-0.01052676189392776,544,0.4947366190530361,663.7671077711269,48.0,30.0,55.65,7.502092860582978,133.29613730245018,False
2026-05-08T22:44:36.012,48.0,30.0,55.65,7.502092860582978,133.29613730245018,0.17757965640207574,-0.2040250274983475,480,0.39798748625082625,644.761790141951,48.0,30.1,54.55,7.075740975729637,141.3279546877254,False
2026-05-08T22:44:37.024,48.0,30.1,54.55,7.075740975729637,141.3279546877254,0.21981059951005544,0.44326590975712765,480,0.7216329548785638,735.9910684980819,48.5,30.1,57.85,6.874533259147984,145.4644209727684,False
2026-05-08T22:44:37.869,48.5,30.1,57.85,6.874533259147984,145.4644209727684,-0.10334942601458152,-0.9892078670747699,416,0.0053960664626150345,778.3095157365708,47.7,30.1,57.3,7.346060279719324,136.12738827651,False
2026-05-08T22:44:38.849,47.7,30.1,57.3,7.346060279719324,136.12738827651,0.09733456332609469,-0.905675873777505,480,0.04716206311124749,786.5648043779885,46.4,30.0,54.0,7.0528316024264015,141.78702347805495,False
2026-05-08T22:44:40.077,46.4,30.0,54.0,7.0528316024264015,141.78702347805495,0.5584228478468394,-0.6322261687983544,544,0.18388691560082282,866.5165994771279,49.8,30.0,54.55,6.235535564826673,160.37114849296776,False
2026-05-08T22:44:40.957,49.8,30.0,54.55,6.235535564826673,160.37114849296776,-0.07181603060131714,-0.8965870362818507,448,0.05170648185907467,880.3654535393974,48.3,30.0,54.0,6.859958817394465,145.7734698733684,False
2026-05-08T22:44:41.975,48.3,30.0,54.0,6.859958817394465,145.7734698733684,0.056927574508865764,0.802859553174921,448,0.9014297765874605,502.68576841584263,49.7,30.0,55.65,7.210333400431626,138.68984198984998,False
2026-05-08T22:44:43.504,49.7,30.0,55.65,7.210333400431626,138.68984198984998,0.8373173982931033,0.8120446580740128,608,0.9060223290370064,593.6275435381917,45.5,29.9,54.55,5.9420457794155705,168.2922072839289,False
2026-05-08T22:44:44.160,45.5,29.9,54.55,5.9420457794155705,168.2922072839289,-0.7477126193781147,-0.4514722847051973,320,0.27426385764740135,696.918952185806,49.0,30.0,57.3,8.430072297051298,118.62294471066205,False
2026-05-08T22:44:45.025,49.0,30.0,57.3,8.430072297051298,118.62294471066205,-0.3477917821247065,0.5679779004184649,384,0.7839889502092324,754.071271154246,49.7,30.0,54.0,8.86032904383735,112.86262564882202,False
2026-05-08T22:44:46.979,49.7,30.0,54.0,8.86032904383735,112.86262564882202,0.9862039470478221,0.8868721577657646,640,0.9434360788828823,538.8789401274728,49.2,30.3,56.2,6.560755079744928,152.4214801261684,False
2026-05-08T22:44:48.405,49.2,30.3,56.2,6.560755079744928,152.4214801261684,0.7577685740421387,-0.6089563492926617,608,0.19552182535366913,745.6730944250854,46.0,30.2,55.1,5.596267012406773,178.6905445689112,False
2026-05-08T22:44:49.328,46.0,30.2,55.1,5.596267012406773,178.6905445689112,0.04564111451279218,-0.165954983224732,448,0.417022508387634,715.4935307725069,45.8,30.3,56.75,6.496728370485888,153.92362785904967,False
2026-05-08T22:44:50.546,45.8,30.3,56.75,6.496728370485888,153.92362785904967,0.5284625686235844,-0.9381986475175255,544,0.030900676241237268,749.2073975690873,45.9,30.4,55.1,5.947496413460186,168.13797444868257,False
2026-05-08T22:44:51.518,45.9,30.4,55.1,5.947496413460186,168.13797444868257,-0.7306926948632864,0.7721403826335742,320,0.8860701913167871,597.1807177022619,52.3,30.4,55.1,7.812516447028595,127.99973053245078,False
2026-05-08T22:44:52.322,52.3,30.4,55.1,7.812516447028595,127.99973053245078,-0.2774201073726421,-0.8105353736117769,384,0.09473231319411157,771.9078864331715,56.9,30.4,55.1,8.17608560410235,122.3079170670926,False
2026-05-08T22:44:52.811,56.9,30.4,55.1,8.17608560410235,122.3079170670926,-0.9498608639963884,-0.04452750106173853,256,0.47773624946913074,252.86244196086108,53.1,30.4,54.55,12.254995060080322,81.59938009746091,False
2026-05-08T22:44:54.342,53.1,30.4,54.55,12.254995060080322,81.59938009746091,0.8293837501473309,0.4925462781236456,608,0.7462731390618228,834.0822376116902,44.4,30.3,55.65,8.564809084002587,116.75683488004506,False
2026-05-08T22:44:55.744,44.4,30.3,55.65,8.564809084002587,116.75683488004506,0.43983560664723376,0.36021176560411106,544,0.6801058828020555,844.3286781749106,38.5,30.4,53.45,7.052210065633859,141.79951968151124,False
2026-05-08T22:44:56.344,38.5,30.4,53.45,7.052210065633859,141.79951968151124,-0.7824540331220815,-0.4178389811173868,288,0.2910805094413066,768.3841884843146,51.5,30.4,55.65,9.557394459068979,104.63102724101792,False
2026-05-08T22:44:57.295,51.5,30.4,55.65,9.557394459068979,104.63102724101792,-0.7677058305158677,0.8421552112887696,288,0.9210776056443848,723.0355729325687,55.9,30.4,55.1,10.74654777988072,93.05313859695131,False
2026-05-08T22:44:58.354,55.9,30.4,55.1,10.74654777988072,93.05313859695131,0.15166724112609753,0.12145585926266644,480,0.5607279296313332,797.1771809948658,48.0,30.3,55.65,8.745685410003206,114.34209591580009,False
2026-05-08T22:44:59.548,48.0,30.3,55.65,8.745685410003206,114.34209591580009,-0.47083079137615647,0.9139463094549005,352,0.9569731547274503,659.479050772144,54.5,30.3,56.2,9.287392496504426,107.67284793620797,False
2026-05-08T22:45:00.611,54.5,30.3,56.2,9.287392496504426,107.67284793620797,0.20070669662803398,-0.22520414241199282,480,0.3873979287940036,750.4317405994849,47.7,30.3,55.65,7.964848185298403,125.55167113490123,False
2026-05-08T22:45:02.206,47.7,30.3,55.65,7.964848185298403,125.55167113490123,0.9284479823559448,-0.4297268519075701,640,0.28513657404621495,819.5967682328524,45.2,29.9,56.2,6.096953204159511,164.0163482504298,False
2026-05-08T22:45:03.055,45.2,29.9,56.2,6.096953204159511,164.0163482504298,-0.24595703609026276,-0.08887939583961679,416,0.4555603020801916,851.1359939259797,49.5,30.1,56.75,7.073281610198445,141.37709412815877,False
2026-05-08T22:45:04.602,49.5,30.1,56.75,7.073281610198445,141.37709412815877,0.8486841659259108,0.790059040399852,608,0.895029520199926,355.5461864038605,47.5,30.1,55.1,5.875603531344583,170.1952820106564,False
2026-05-08T22:45:05.664,47.5,30.1,55.1,5.875603531344583,170.1952820106564,0.37432339891526833,0.1954134317498002,512,0.5977067158749001,43.58071535362252,48.7,30.1,55.65,6.073157877370575,164.6589830516572,False
2026-05-08T22:45:06.696,48.7,30.1,55.65,6.073157877370575,164.6589830516572,0.23945352021035293,-0.5179087473398878,480,0.2410456263300561,354.76876468413786,46.2,30.1,53.45,6.269180715194106,159.51047599830403,False
2026-05-08T22:45:07.284,46.2,30.1,53.45,6.269180715194106,159.51047599830403,-0.7551248068691239,-0.09153637277448956,288,0.4542318136127552,311.5048332353171,50.5,30.1,55.65,9.233125815977314,108.30568324646526,False
2026-05-08T22:45:08.928,50.5,30.1,55.65,9.233125815977314,108.30568324646526,0.9782330824537788,-0.30219861310342466,640,0.34890069344828767,586.6848561445537,43.7,30.4,55.65,6.710427635441586,149.02179925440686,False
2026-05-08T22:45:09.668,43.7,30.4,55.65,6.710427635441586,149.02179925440686,-0.3288138110293872,-0.6357154273618897,384,0.18214228631905516,582.3615993833954,49.5,30.4,54.55,8.006894909392933,124.89235981190342,False
2026-05-08T22:45:10.556,49.5,30.4,54.55,8.006894909392933,124.89235981190342,-0.0321413864700979,-0.8402210991186119,448,0.07988945044069407,673.0278302285978,49.2,30.4,55.65,7.804997707968222,128.12303570301978,False
2026-05-08T22:45:11.147,49.2,30.4,55.65,7.804997707968222,128.12303570301978,-0.6826752534289979,-0.7520286713607236,320,0.1239856643196382,724.8159384958154,51.5,30.4,54.55,9.99838980320805,100.01610456107075,False
2026-05-08T22:45:12.048,51.5,30.4,54.55,9.99838980320805,100.01610456107075,-0.7942110085693044,0.66374522050565,288,0.831872610252825,683.073556450808,74.1,30.5,55.1,10.111727937384996,98.8950658277512,False
2026-05-08T22:45:12.861,74.1,30.5,55.1,10.111727937384996,98.8950658277512,-0.5506982985029347,0.4155414670012898,352,0.7077707335006449,569.2329176070158,55.6,30.5,55.65,9.736194409676362,102.70953494993336,False
2026-05-08T22:45:14.064,55.6,30.5,55.65,9.736194409676362,102.70953494993336,0.5234373227451337,-0.3470981195556353,544,0.32645094022218235,711.7292108816432,45.9,30.4,56.2,7.71512452869815,129.61553585820604,False
2026-05-08T22:45:15.500,45.9,30.4,56.2,7.71512452869815,129.61553585820604,0.6263920827781813,-0.7053521378603727,576,0.14732393106981367,629.0195030293249,44.6,30.2,54.55,6.208558035464602,161.06799586760528,False
2026-05-08T22:45:16.894,44.6,30.2,54.55,6.208558035464602,161.06799586760528,0.6019428046478748,0.6505970928190488,576,0.8252985464095244,735.1351350157047,47.2,30.1,53.45,5.501849593154915,181.75705879785272,False
2026-05-08T22:45:18.058,47.2,30.1,53.45,5.501849593154915,181.75705879785272,0.27192817981717665,0.6983105956138036,512,0.8491552978069018,483.46661972280185,47.7,30.2,55.1,5.830485163080686,171.51231364623254,False
2026-05-08T22:45:19.137,47.7,30.2,55.1,5.830485163080686,171.51231364623254,0.3720199784834568,-0.7914962114391937,512,0.10425189428040316,448.8732299534555,44.1,30.2,55.1,5.969960142363344,167.5053059238897,False
2026-05-08T22:45:21.114,44.1,30.2,55.1,5.969960142363344,167.5053059238897,-0.8023418994163172,0.9540386652289294,288,0.9770193326144647,751.0055373660102,60.6,30.0,55.65,9.370478575550012,106.71813525183838,False
2026-05-08T22:45:22.360,60.6,30.0,55.65,9.370478575550012,106.71813525183838,0.4895018868344956,0.4648948622838609,544,0.7324474311419304,603.6195794193889,47.2,30.1,55.65,7.520885002295884,132.96307544853195,False
2026-05-08T22:45:23.268,47.2,30.1,55.65,7.520885002295884,132.96307544853195,-0.08058993573130024,0.3504452016290587,448,0.6752226008145293,678.9193771559713,50.8,30.1,55.65,7.599081831368175,131.59484556043466,False
2026-05-08T22:45:23.961,50.8,30.1,55.65,7.599081831368175,131.59484556043466,-0.5558812447536143,-0.31905168896359704,352,0.3404741555182015,738.5658295424233,47.4,30.1,54.55,8.845500826524363,113.05182370243779,False
2026-05-08T22:45:25.163,47.4,30.1,54.55,8.845500826524363,113.05182370243779,0.46154585664671033,-0.7880782439969829,544,0.10596087800150855,793.3428897226908,48.0,30.0,55.1,7.22095769761135,138.48578566397003,False
2026-05-08T22:45:25.643,48.0,30.0,55.1,7.22095769761135,138.48578566397003,-0.9510874216277854,-0.6154296364998353,256,0.19228518175008236,736.1299260059549,50.8,30.1,54.55,11.418229075451208,87.5792553636855,False
2026-05-08T22:45:26.254,50.8,30.1,54.55,11.418229075451208,87.5792553636855,-0.6940466259406861,-0.09654170723097644,320,0.4517291463845118,853.8189349559515,53.0,30.1,54.55,11.751730211864313,85.09385273246146,False
2026-05-08T22:45:26.981,53.0,30.1,54.55,11.751730211864313,85.09385273246146,-0.40069303737280015,-0.6883665998602249,384,0.15581670006988757,784.5337526976244,49.8,30.0,55.65,10.796203309087643,92.62515454467736,False
2026-05-08T22:45:28.089,49.8,30.0,55.65,10.796203309087643,92.62515454467736,0.3993421800896313,0.7694207134564515,512,0.8847103567282257,543.8812387878629,47.3,30.0,55.65,8.684260072471632,115.15085817960647,False
2026-05-08T22:45:28.695,47.3,30.0,55.65,8.684260072471632,115.15085817960647,-0.809409260755277,0.5453551704262674,288,0.7726775852131337,39.50607387091146,53.1,30.0,54.0,10.977963083506587,91.09157977607076,False
2026-05-08T22:45:29.791,53.1,30.0,54.0,10.977963083506587,91.09157977607076,0.41210934598182414,0.499323021886966,512,0.749661510943483,325.9848961899065,45.4,30.0,57.3,8.786213414189316,113.81467224379591,False
2026-05-08T22:45:30.334,45.4,30.0,57.3,8.786213414189316,113.81467224379591,-0.9600087927053584,0.13551406337268834,256,0.5677570316863442,636.7378417784178,48.9,30.0,54.0,11.600413614879997,86.20382282897977,False
2026-05-08T22:45:31.813,48.9,30.0,54.0,11.600413614879997,86.20382282897977,0.8791078998726978,0.5236660962723914,608,0.7618330481361957,808.4022117530611,48.0,30.0,56.2,8.266273698234452,120.97349259238592,False
2026-05-08T22:45:32.513,48.0,30.0,56.2,8.266273698234452,120.97349259238592,-0.7345639108612112,-0.9406277165796688,320,0.029686141710165592,668.366977555729,59.3,30.2,56.2,9.354242286199284,106.90336741387841,False
2026-05-08T22:45:34.010,59.3,30.2,56.2,9.354242286199284,106.90336741387841,0.7313214495097182,0.4310111650001873,576,0.7155055825000937,835.2289073011065,52.0,30.3,54.0,7.038395509576444,142.07783558616444,False
2026-05-08T22:45:34.742,52.0,30.3,54.0,7.038395509576444,142.07783558616444,-0.3669186762248773,-0.4615666573431505,384,0.26921667132842475,772.9770637640972,51.2,30.3,55.1,8.156009347589288,122.60898159656658,False
2026-05-08T22:45:35.629,51.2,30.3,55.1,8.156009347589288,122.60898159656658,0.04178449117121219,-0.667645452066479,448,0.16617727396676052,655.3361489156547,48.2,30.3,54.55,7.927050390411678,126.15032713928122,False
2026-05-08T22:45:36.502,48.2,30.3,54.55,7.927050390411678,126.15032713928122,-0.06736853616700555,-0.8901766810377045,448,0.054911659481147734,659.9462127307955,48.8,30.3,55.65,7.837662635457917,127.58905894672701,False
2026-05-08T22:45:37.101,48.8,30.3,55.65,7.837662635457917,127.58905894672701,-0.8232389201436254,-0.6842712794893051,288,0.15786436025534745,648.7767900299269,51.7,30.3,56.75,10.1659744835538,98.36735293972744,False
2026-05-08T22:45:37.836,51.7,30.3,56.75,10.1659744835538,98.36735293972744,-0.2531326105865108,-0.5129772067940359,384,0.24351139660298204,701.5799906501773,51.8,30.3,54.55,9.867751614604808,101.3402078868651,False
2026-05-08T22:45:38.857,51.8,30.3,54.55,9.867751614604808,101.3402078868651,0.13706936137758863,-0.6575757962697235,480,0.17121210186513824,585.2490440475649,50.0,30.3,56.2,8.34697808545534,119.8038367612952,False
2026-05-08T22:45:40.031,50.0,30.3,56.2,8.34697808545534,119.8038367612952,-0.46212966418615276,0.9072988428279991,352,0.9536494214139996,643.8790267172226,57.9,30.2,55.65,9.0732661909005,110.21389419863945,False
2026-05-08T22:45:41.596,57.9,30.2,55.65,9.0732661909005,110.21389419863945,0.8629758494400408,0.598558939475788,608,0.799279469737894,752.0488860505468,47.8,30.1,54.55,6.928869557267059,144.3236868200515,False
2026-05-08T22:45:42.447,47.8,30.1,54.55,6.928869557267059,144.3236868200515,-0.13281729386434682,-0.3437373994506012,416,0.3281313002746994,779.0392432138971,46.1,30.2,53.45,7.43850903926103,134.43554275755022,False
2026-05-08T22:45:43.710,46.1,30.2,53.45,7.43850903926103,134.43554275755022,0.5768945686571509,0.04114951579293891,544,0.5205747578964695,877.212194500194,47.4,30.2,54.0,6.453196412200247,154.96196553221682,False
2026-05-08T22:45:44.803,47.4,30.2,54.0,6.453196412200247,154.96196553221682,0.36003313663216896,0.29352778489768694,512,0.6467638924488435,810.7429369406434,46.5,30.2,54.0,6.368147861721857,157.03152968712854,False
2026-05-08T22:45:47.004,46.5,30.2,54.0,6.368147861721857,157.03152968712854,0.08903326423700886,0.951509381570101,480,0.9757546907850505,777.41689905582,61.3,30.1,55.1,6.259076244448572,159.76798507398604,False
2026-05-08T22:45:47.832,61.3,30.1,55.1,6.259076244448572,159.76798507398604,-0.28989129016681003,0.7406212422222358,384,0.8703106211111179,236.09100749242734,56.6,30.2,56.2,7.893185294257138,126.69156528322884,False
2026-05-08T22:45:48.870,56.6,30.2,56.2,7.893185294257138,126.69156528322884,0.3738675972752161,-0.4571662355682542,512,0.2714168822158729,343.70446436676724,49.3,30.2,55.65,7.161747844823104,139.630718878612,False
2026-05-08T22:45:50.893,49.3,30.2,55.65,7.161747844823104,139.630718878612,0.6914308280669117,0.9113130635667777,576,0.9556565317833888,672.6695989205595,50.7,30.2,56.2,5.943986549155689,168.23725823236336,False
2026-05-08T22:45:51.958,50.7,30.2,56.2,5.943986549155689,168.23725823236336,0.3717714686673095,-0.8733259671392346,512,0.0633370164303827,734.2281722804834,47.3,30.2,55.1,6.120837624536674,163.37633202215466,False
2026-05-08T22:45:53.341,47.3,30.2,55.1,6.120837624536674,163.37633202215466,0.7260616659075576,-0.23021801971046973,576,0.38489099014476513,765.7043773948753,45.9,30.2,54.0,5.446050818340544,183.6192928336846,False
2026-05-08T22:45:54.342,45.9,30.2,54.0,5.446050818340544,183.6192928336846,0.21439296129896812,-0.7796909196289437,480,0.11015454018552817,767.5844892817918,50.2,30.1,56.2,5.991295391804824,166.90881263638695,False
2026-05-08T22:45:55.181,50.2,30.1,56.2,5.991295391804824,166.90881263638695,-0.7655310874843217,0.1389960346609358,288,0.5694980173304679,669.9576129616132,73.2,30.2,55.1,8.21374030935933,121.74721409934614,False
2026-05-08T22:45:56.280,73.2,30.2,55.1,8.21374030935933,121.74721409934614,0.20387063387207927,-0.9226886588170673,480,0.03865567059146635,657.8940589771081,50.5,30.3,54.55,7.17606406095489,139.35215621067547,False
2026-05-08T22:45:57.665,50.5,30.3,54.55,7.17606406095489,139.35215621067547,0.6394557410777377,-0.34726000626025044,576,0.3263699968698748,620.7388377877529,46.5,30.2,54.0,6.006118533406153,166.49688054572678,False
2026-05-08T22:45:58.378,46.5,30.2,54.0,6.006118533406153,166.49688054572678,-0.5089102683079814,0.4054780283682804,352,0.7027390141841402,587.1400746497812,50.3,30.3,55.65,7.917176860497788,126.3076495094396,False
2026-05-08T22:45:59.247,50.3,30.3,55.65,7.917176860497788,126.3076495094396,-0.008885475819550681,-0.1143227823315538,448,0.4428386088342231,802.421293229283,51.7,30.3,56.2,7.8534065922951966,127.33327738068189,False
2026-05-08T22:46:00.279,51.7,30.3,56.2,7.8534065922951966,127.33327738068189,0.14293414524703407,-0.3109428853358882,480,0.3445285573320559,540.8116358511992,47.5,30.3,56.2,7.201185156888782,138.86603082874242,False
2026-05-08T22:46:00.907,47.5,30.3,56.2,7.201185156888782,138.86603082874242,-0.7454744883126674,-0.6807586707404387,320,0.15962066462978064,557.6020028957928,51.0,30.3,55.1,9.39644613425312,106.42321423571758,False
2026-05-08T22:46:01.967,51.0,30.3,55.1,9.39644613425312,106.42321423571758,0.4033657927456218,-0.206227318560533,512,0.3968863407197335,785.5519443235199,48.3,30.3,56.2,7.925270190057994,126.1786634422217,False
2026-05-08T22:46:02.549,48.3,30.3,56.2,7.925270190057994,126.1786634422217,-0.9006808453310364,-0.4865342487893516,288,0.2567328756053242,859.4174738661936,52.5,30.3,55.1,10.22782133581481,97.77253309053174,False
2026-05-08T22:46:03.156,52.5,30.3,55.1,10.22782133581481,97.77253309053174,-0.6936581630503065,-0.4283199027865232,320,0.2858400486067384,858.3140815451796,50.0,30.2,54.55,11.196289787759813,89.31530167191957,False
2026-05-08T22:46:03.871,50.0,30.2,54.55,11.196289787759813,89.31530167191957,-0.4273783185860873,-0.16843623782113282,352,0.4157818810894336,810.1978176033244,50.5,30.2,55.1,10.617664402509664,94.18267163950229,False
2026-05-08T22:46:04.526,50.5,30.2,55.1,10.617664402509664,94.18267163950229,-0.7133677080579957,0.09212315195266996,320,0.546061575976335,799.4859122928361,49.5,30.1,55.65,10.988614543167163,91.00328308647524,False
2026-05-08T22:46:05.041,49.5,30.1,55.65,10.988614543167163,91.00328308647524,-0.9729608262257716,-0.7088895447387413,256,0.14555522763062934,748.3602232603428,52.2,30.1,53.45,12.874923854402244,77.67036227232335,False
2026-05-08T22:46:05.794,52.2,30.1,53.45,12.874923854402244,77.67036227232335,-0.7310099716202854,0.7234866605651162,320,0.8617433302825581,791.7549050353647,53.6,30.1,55.65,12.28773567808891,81.38195890583546,False
2026-05-08T22:46:07.042,53.6,30.1,55.65,12.28773567808891,81.38195890583546,0.5121105240778232,-0.02848709636607416,544,0.4857564518169629,808.7828721777996,46.9,30.0,54.55,9.023461084444198,110.82222116787631,False
2026-05-08T22:46:08.114,46.9,30.0,54.55,9.023461084444198,110.82222116787631,0.13132645661823017,0.018728052565047948,480,0.509364026282524,780.983957865067,48.3,30.0,56.2,7.838056512357839,127.58264735950222,False
2026-05-08T22:46:09.163,48.3,30.0,56.2,7.838056512357839,127.58264735950222,0.2440604602807519,-0.36978841790911465,480,0.3151057910454427,795.7172785747459,47.0,30.0,54.55,7.182592315735415,139.22549910138,False
2026-05-08T22:46:09.868,47.0,30.0,54.55,7.182592315735415,139.22549910138,-0.4555719248975938,-0.66920611680626,352,0.16539694159687002,796.9123233680016,50.2,30.0,54.55,8.588861251143253,116.42987012590187,False
2026-05-08T22:46:10.451,50.2,30.0,54.55,8.588861251143253,116.42987012590187,-0.8184814570685366,-0.05572399695813024,288,0.4721380015209349,750.8862501885177,50.0,30.0,55.65,10.673357509815645,93.69123062544847,False
2026-05-08T22:46:11.066,50.0,30.0,55.65,10.673357509815645,93.69123062544847,-0.6146936955938274,-0.14807002303683614,320,0.42596498848158193,699.6179613850255,51.3,30.0,54.0,11.600270510910496,86.20488626187311,False
2026-05-08T22:46:12.315,51.3,30.0,54.0,11.600270510910496,86.20488626187311,-0.5919284876111632,0.923498767759535,320,0.9617493838797675,752.6118497174862,56.1,30.1,55.65,10.331380908411194,96.7924819407113,False
2026-05-08T22:46:12.804,56.1,30.1,55.65,10.331380908411194,96.7924819407113,-0.9435299964264288,-0.9740206968472804,256,0.012989651576359784,296.1838371331304,60.0,30.2,55.1,12.784033504949326,78.2225734634418,False
2026-05-08T22:46:14.233,60.0,30.2,55.1,12.784033504949326,78.2225734634418,0.9130952830765806,-0.4842788233991957,608,0.25786058830040215,586.6951911712964,46.0,30.1,58.4,8.891766580819425,112.46359099856673,False
2026-05-08T22:46:15.216,46.0,30.1,58.4,8.891766580819425,112.46359099856673,-0.18686784161397862,0.4177729438734812,416,0.7088864719367406,667.3927586180569,49.3,30.2,55.1,8.347196526301419,119.80070157076949,False
2026-05-08T22:46:16.263,49.3,30.2,55.1,8.347196526301419,119.80070157076949,0.40667794384467504,-0.18684587237542294,512,0.40657706381228853,777.1394999556128,45.9,30.2,54.0,7.390260815489706,135.3132216800844,False
2026-05-08T22:46:16.957,45.9,30.2,54.0,7.390260815489706,135.3132216800844,-0.6323904260947972,0.5630205399390269,320,0.7815102699695134,755.9133626457669,51.5,30.2,55.1,9.46000136560485,105.70822998354424,False
2026-05-08T22:46:18.265,51.5,30.2,55.1,9.46000136560485,105.70822998354424,0.36565635844336297,0.7834557823270507,512,0.8917278911635254,335.7346919823352,50.3,30.2,57.3,7.884100501386706,126.83755107182026,False
2026-05-08T22:46:19.235,50.3,30.2,57.3,7.884100501386706,126.83755107182026,-0.18682728077487587,0.7479933661489675,416,0.8739966830744837,770.7353974662752,49.0,30.2,54.0,7.966752852019628,125.52165462827091,False
2026-05-08T22:46:19.983,49.0,30.2,54.0,7.966752852019628,125.52165462827091,-0.28779418993155703,0.13278913306509477,384,0.5663945665325474,847.5811969336725,51.0,30.1,55.1,8.541687244658169,117.07288868781558,False
2026-05-08T22:46:20.602,51.0,30.1,55.1,8.541687244658169,117.07288868781558,-0.6040412774464221,-0.787940992821085,320,0.10602950358945751,616.5121339709091,53.5,30.2,54.0,10.004186139049844,99.95815612592908,False
2026-05-08T22:46:21.975,53.5,30.2,54.0,10.004186139049844,99.95815612592908,0.640341349526101,-0.9121976734589476,576,0.04390116327052618,682.6970459977546,48.6,30.1,55.65,7.496559019128009,133.394534405509,False
2026-05-08T22:46:22.560,48.6,30.1,55.65,7.496559019128009,133.394534405509,-0.5856455473015478,-0.8956766313790363,320,0.05216168431048185,621.6181345455866,52.5,30.1,56.2,9.779883108577758,102.25071086206727,False
2026-05-08T22:46:23.949,52.5,30.1,56.2,9.779883108577758,102.25071086206727,0.5924695508842674,-0.6419560459346476,576,0.1790219770326762,724.8020192422371,46.8,30.2,54.0,7.364024830077236,135.79530529495943,False
2026-05-08T22:46:24.512,46.8,30.2,54.0,7.364024830077236,135.79530529495943,-0.8432974501172703,-0.33458864603845107,288,0.33270567698077447,616.8675464364728,51.5,30.1,56.75,10.089786640250853,99.11012349961227,False
2026-05-08T22:46:25.811,51.5,30.1,56.75,10.089786640250853,99.11012349961227,0.42557145174428856,0.6486443695208057,544,0.8243221847604029,687.2328423724895,47.7,30.2,57.3,7.88086449078288,126.88963262463871,False
2026-05-08T22:46:27.286,47.7,30.2,57.3,7.88086449078288,126.88963262463871,0.8359786465975874,0.33857798118144977,608,0.6692889905907249,550.9778220577628,44.8,30.2,56.75,6.27268504992454,159.42136294759928,False
2026-05-08T22:46:28.835,44.8,30.2,56.75,6.27268504992454,159.42136294759928,0.63495802126768,0.7722375867860025,576,0.8861187933930013,640.432909746815,50.3,30.0,56.2,5.520524871205828,181.14219631829565,False
2026-05-08T22:46:29.861,50.3,30.0,56.2,5.520524871205828,181.14219631829565,0.38392549693792555,-0.6184598668207084,512,0.1907700665896458,698.4977179638063,49.5,30.1,57.85,5.934601882140814,168.50329977640652,False
2026-05-08T22:46:30.541,49.5,30.1,57.85,5.934601882140814,168.50329977640652,-0.8227898321298261,0.6883701437360032,288,0.8441850718680016,599.8130582396985,54.6,30.1,55.1,9.219463302113052,108.4661836845541,False
2026-05-08T22:46:32.295,54.6,30.1,55.1,9.219463302113052,108.4661836845541,0.14964328101394075,0.9206631529926643,480,0.9603315764963322,789.8037803878009,52.0,30.1,55.1,7.907692144415106,126.45914657998681,False
2026-05-08T22:46:33.392,52.0,30.1,55.1,7.907692144415106,126.45914657998681,-0.2317333988601853,0.03679834547306471,416,0.5183991727365324,790.9136057657257,62.8,30.3,56.2,7.647834322482375,130.75597062299,False
2026-05-08T22:46:34.618,62.8,30.3,56.2,7.647834322482375,130.75597062299,0.3377186571203368,0.4753634455291882,512,0.7376817227645941,848.3492224899986,45.4,30.3,54.0,6.778851697637496,147.51760985544365,False
2026-05-08T22:46:35.671,45.4,30.3,54.0,6.778851697637496,147.51760985544365,0.2939171995477041,-0.9883130644826803,512,0.005843467758659848,859.1194716313317,45.4,30.3,55.65,6.541981094527234,152.85889481346268,False
2026-05-08T22:46:36.557,45.4,30.3,55.65,6.541981094527234,152.85889481346268,-0.10638238875910488,-0.5727719030273903,416,0.21361404848630483,820.3801588843158,49.0,30.3,54.55,7.099747895743935,140.85007167641362,False
2026-05-08T22:46:37.617,49.0,30.3,54.55,7.099747895743935,140.85007167641362,0.25969567586676234,0.44104171749880194,512,0.720520858749401,871.4049288589208,47.7,30.3,55.1,6.737072604836503,148.43242141729422,False
2026-05-08T22:46:38.653,47.7,30.3,55.1,6.737072604836503,148.43242141729422,0.26497942859608203,-0.7758627586891431,512,0.11206862065542844,888.8451959835435,46.2,30.2,54.55,6.562533487845492,152.3801747986667,False
2026-05-08T22:46:39.271,46.2,30.2,54.55,6.562533487845492,152.3801747986667,-0.6456729407589239,0.3489449162840146,320,0.6744724581420073,848.0645824987794,51.7,30.2,55.65,9.287989413066656,107.6659280633079,False
2026-05-08T22:46:40.067,51.7,30.2,55.65,9.287989413066656,107.6659280633079,-0.28949989034330614,0.23699874341723626,384,0.6184993717086181,884.1408888366748,49.5,30.2,55.1,9.229524097091268,108.34794833193568,False
2026-05-08T22:46:41.334,49.5,30.2,55.1,9.229524097091268,108.34794833193568,0.4835214059293098,0.6313508410308495,544,0.8156754205154247,673.9567766207965,50.0,30.1,54.0,7.436996149684653,134.46289064468624,False
2026-05-08T22:46:42.181,50.0,30.1,54.0,7.436996149684653,134.46289064468624,-0.5492783686246987,0.6698039222643892,352,0.8349019611321946,702.7164591865039,51.0,30.1,55.1,8.505644473640954,117.5689864652827,False
2026-05-08T22:46:43.172,51.0,30.1,55.1,8.505644473640954,117.5689864652827,-0.9221800950960934,0.9487991158086142,256,0.9743995579043071,505.1973488005888,53.8,30.0,56.2,11.674989175383379,85.65318433943322,False
2026-05-08T22:46:43.879,53.8,30.0,56.2,11.674989175383379,85.65318433943322,-0.8109530381972216,0.5621889439660877,288,0.7810944719830438,589.4444655165233,56.1,30.0,55.65,11.871273173607591,84.23696307681777,False
2026-05-08T22:46:44.926,56.1,30.0,55.65,11.871273173607591,84.23696307681777,0.37828823922181787,-0.4155688101751023,512,0.29221559491244886,664.4957062450362,47.2,30.0,55.65,9.293109771046135,107.60660582269534,False
2026-05-08T22:46:46.011,47.2,30.0,55.65,9.293109771046135,107.60660582269534,-0.5192768142331319,0.8324591954131566,352,0.9162295977065783,673.8067162066886,55.9,30.0,55.65,9.780857890101638,102.24052033431686,False
2026-05-08T22:46:46.683,55.9,30.0,55.65,9.780857890101638,102.24052033431686,-0.9088827823436605,0.7406218816539087,288,0.8703109408269544,590.5617826357618,53.5,30.0,56.75,11.096030480896601,90.12231912318937,False
2026-05-08T22:46:47.292,53.5,30.0,56.75,11.096030480896601,90.12231912318937,-0.8084704644792018,-0.8609547659815893,288,0.06952261700920537,277.5597684966439,52.5,30.0,56.75,11.681102006217435,85.60836122034853,False
2026-05-08T22:46:48.174,52.5,30.0,56.75,11.681102006217435,85.60836122034853,0.05116904985922477,-0.908927233091607,448,0.04553638345419653,758.8890887074674,45.9,30.0,55.1,9.808089218117644,101.95665819931425,False
2026-05-08T22:46:48.829,45.9,30.0,55.1,9.808089218117644,101.95665819931425,-0.7376702505427375,-0.41601308124443515,320,0.2919934593777824,826.137393513916,50.5,30.0,55.1,10.605242071453258,94.29299145294927,False
2026-05-08T22:46:49.739,50.5,30.0,55.1,10.605242071453258,94.29299145294927,-0.3409035616877041,0.737696994488706,384,0.868848497244353,842.7824632400273,51.8,30.0,54.55,10.12593604471544,98.7563021911326,False
2026-05-08T22:46:50.516,51.8,30.0,54.55,10.12593604471544,98.7563021911326,-0.28969111089207633,-0.677327982540729,384,0.1613360087296355,858.3402214441521,53.8,30.0,55.65,9.677411164519587,103.33342078781487,False
2026-05-08T22:46:52.092,53.8,30.0,55.65,9.677411164519587,103.33342078781487,0.6134477994025698,-0.592532757143579,576,0.2037336214282105,830.5797531819128,53.0,30.3,54.55,7.1532147733912845,139.79728439300135,False
2026-05-08T22:46:53.517,53.0,30.3,54.55,7.1532147733912845,139.79728439300135,0.6920921389780634,-0.18205890667726354,576,0.40897054666136823,834.0502289774951,44.9,30.4,57.3,5.968991943338388,167.53247608518492,False
2026-05-08T22:46:54.104,44.9,30.4,57.3,5.968991943338388,167.53247608518492,-0.86151144922944,-0.33065731562780165,288,0.3346713421860992,740.3973031557799,52.0,30.4,55.65,9.067248631965459,110.2870386144066,False
2026-05-08T22:46:55.103,52.0,30.4,55.65,9.067248631965459,110.2870386144066,-0.07608206464175682,0.06108051078851284,448,0.5305402553942564,784.8623328177098,46.5,30.4,55.65,8.046040218248288,124.28473794252436,False
2026-05-08T22:46:55.647,46.5,30.4,55.65,8.046040218248288,124.28473794252436,-0.9123810768597753,-0.5497153402929651,288,0.22514232985351745,752.5960933886486,52.8,30.4,56.2,10.592224901397483,94.40887153633466,False
2026-05-08T22:46:56.367,52.8,30.4,56.2,10.592224901397483,94.40887153633466,-0.5399949617452935,-0.8138895877347518,352,0.09305520613262408,816.9012098807561,49.2,30.4,55.65,10.162720963076168,98.39884452532569,False
2026-05-08T22:46:57.427,49.2,30.4,55.65,10.162720963076168,98.39884452532569,0.39921046665517057,-0.6921239110288195,512,0.15393804448559023,863.0012334567847,46.4,30.3,56.2,8.364104351137964,119.55852749062686,False
2026-05-08T22:46:58.129,46.4,30.3,56.2,8.364104351137964,119.55852749062686,-0.4757477453139145,-0.6390464573369494,352,0.1804767713315253,752.1718824439846,47.4,30.3,54.0,9.16870927275697,109.06660580582533,False
2026-05-08T22:46:58.752,47.4,30.3,54.0,9.16870927275697,109.06660580582533,-0.7157012950258372,-0.85048446385641,320,0.07475776807179502,658.4455167688809,51.2,30.3,55.65,10.437620102445669,95.80728079628872,False
2026-05-08T22:46:59.807,51.2,30.3,55.65,10.437620102445669,95.80728079628872,-0.028623331414565856,0.8403848359989343,448,0.9201924179994672,778.7917833694598,50.7,30.2,55.1,9.12135632001932,109.63281829098437,False
2026-05-08T22:47:00.892,50.7,30.2,55.1,9.12135632001932,109.63281829098437,0.32363526574323953,-0.9623560089201917,512,0.018821995539904157,838.9093272911499,45.9,30.1,55.1,7.688513560529736,130.06415246942743,False
2026-05-08T22:47:01.946,45.9,30.1,55.1,7.688513560529736,130.06415246942743,0.3963189369822877,-0.6830077206957172,512,0.15849613965214138,864.7740192557122,48.8,30.1,55.65,7.0352504816498485,142.14134985077152,False
2026-05-08T22:47:03.198,48.8,30.1,55.65,7.0352504816498485,142.14134985077152,0.5568195464550927,0.18386275080242642,544,0.5919313754012132,858.5230008808635,47.3,29.8,56.2,6.226485322341832,160.60424914386402,False
2026-05-08T22:47:03.840,47.3,29.8,56.2,6.226485322341832,160.60424914386402,-0.6248175938943632,-0.6358397540966787,320,0.18208012295166065,855.652864983316,49.2,29.9,55.65,8.844366244393788,113.06632633331685,False
2026-05-08T22:47:04.728,49.2,29.9,55.65,8.844366244393788,113.06632633331685,-0.041779365091580756,-0.5168841400793238,448,0.2415579299603381,847.8867162236688,50.3,29.9,54.55,8.30441300076993,120.4179030964966,False
2026-05-08T22:47:05.505,50.3,29.9,54.55,8.30441300076993,120.4179030964966,-0.6134898953560892,0.7905218230636883,320,0.8952609115318442,695.4967354745072,52.6,30.0,56.2,10.039137662512266,99.61014915993819,False
2026-05-08T22:47:06.929,52.6,30.0,56.2,10.039137662512266,99.61014915993819,0.7814012103708248,-0.4529542494151231,608,0.27352287529243846,688.530279367428,47.0,30.0,55.1,7.454675261112335,134.14400560364408,False
2026-05-08T22:47:08.121,47.0,30.0,55.1,7.454675261112335,134.14400560364408,0.5123140753486173,-0.26354475985104364,544,0.3682276200744782,746.2500277999851,48.5,30.0,54.55,6.517460755747658,153.4339887076595,False
2026-05-08T22:47:09.045,48.5,30.0,54.55,6.517460755747658,153.4339887076595,-0.0528231658397611,-0.026308194969359766,448,0.4868459025153201,763.0723963263482,49.7,30.1,55.1,6.959705415748383,143.6842424015829,False
2026-05-08T22:47:09.545,49.7,30.1,55.1,6.959705415748383,143.6842424015829,-0.9239283657769242,-0.15471312118455138,256,0.4226434394077243,779.481708809261,48.5,30.1,54.55,11.061540853731339,90.4033184185795,False
2026-05-08T22:47:11.513,48.5,30.1,54.55,11.061540853731339,90.4033184185795,0.7740772191033667,0.5627279236947529,608,0.7813639618473764,623.656493962025,52.5,30.3,55.65,7.742412522659686,129.15870822864375,False
2026-05-08T22:47:12.965,52.5,30.3,55.65,7.742412522659686,129.15870822864375,0.9064877629837054,-0.5456024354522198,608,0.22719878227389012,147.77226915412166,45.0,30.2,56.75,6.172700819403392,162.0036397773532,False
2026-05-08T22:47:14.336,45.0,30.2,56.75,6.172700819403392,162.0036397773532,0.6619555285021752,-0.05187365685781886,576,0.47406317157109057,355.82794627355076,49.0,30.2,56.2,5.472981016287588,182.71578085580794,False
2026-05-08T22:47:15.397,49.0,30.2,56.2,5.472981016287588,182.71578085580794,0.3271250148839846,-0.9710147848595467,512,0.014492607570226634,262.72589475910263,47.2,30.1,55.1,5.789530485392342,172.72557809706956,False
2026-05-08T22:47:15.933,47.2,30.1,55.1,5.789530485392342,172.72557809706956,-0.9690483617806498,0.6240247450108976,256,0.8120123725054488,272.1200789901279,50.7,30.1,54.0,10.33648247413671,96.7447100599393,False
2026-05-08T22:47:16.509,50.7,30.1,54.0,10.33648247413671,96.7447100599393,-0.8724661894545103,0.013836089973081389,288,0.5069180449865407,628.4353328751304,52.5,30.1,54.55,11.827460407616122,84.54900422715129,False
2026-05-08T22:47:17.266,52.5,30.1,54.55,11.827460407616122,84.54900422715129,-0.3828638547250729,0.1778803060961398,384,0.5889401530480699,711.453348686959,51.3,30.1,56.2,10.665553793327271,93.75978213392291,False
2026-05-08T22:47:18.859,51.3,30.1,56.2,10.665553793327271,93.75978213392291,0.9734779167490135,-0.9377947978372398,640,0.031102601081380077,720.8823882789324,46.5,30.0,56.75,7.532646509822756,132.75546631532163,False
2026-05-08T22:47:19.902,46.5,30.0,56.75,7.532646509822756,132.75546631532163,0.3219185034849561,-0.8868904108186111,512,0.05655479459069446,738.680254497308,47.5,30.1,55.1,6.95006146298666,143.88361963784251,False
2026-05-08T22:47:20.925,47.5,30.1,55.1,6.95006146298666,143.88361963784251,0.20827479972208995,0.06725735634830032,480,0.5336286781741502,830.0151747368524,48.3,30.1,55.1,6.777156817347802,147.55450212399597,False
2026-05-08T22:47:21.785,48.3,30.1,55.1,6.777156817347802,147.55450212399597,-0.21364815232528112,-0.32910666764089913,416,0.33544666617955043,748.6967400591956,49.5,30.1,56.2,7.390422943394278,135.31025323710625,False
2026-05-08T22:47:23.143,49.5,30.1,56.2,7.390422943394278,135.31025323710625,0.743275182862412,-0.0904870096800463,576,0.45475649515997685,657.4876052465388,47.2,30.1,54.55,6.132921438242128,163.05442847587312,False
2026-05-08T22:47:23.991,47.2,30.1,54.55,6.132921438242128,163.05442847587312,-0.17643072179056696,-0.8775998963400589,416,0.06120005182997057,702.505104192382,50.5,30.2,55.1,7.005699513329432,142.7409208883916,False
2026-05-08T22:47:25.471,50.5,30.2,55.1,7.005699513329432,142.7409208883916,0.8089392660249011,0.30713444648738575,608,0.6535672232436929,692.240035565934,48.8,30.2,57.85,5.803612414808684,172.30647543732726,False
2026-05-08T22:47:26.808,48.8,30.2,57.85,5.803612414808684,172.30647543732726,0.4428664151870163,0.7539292222605203,544,0.8769646111302601,723.6049444584104,47.5,30.2,55.65,5.560682814891064,179.83402997237678,False
2026-05-08T22:47:27.287,47.5,30.2,55.65,5.560682814891064,179.83402997237678,-0.9518307014580552,-0.005058152752207112,256,0.49747092362389644,205.11186188671843,52.3,30.3,56.2,10.654007814905675,93.86139163526167,False
2026-05-08T22:47:28.906,52.3,30.3,56.2,10.654007814905675,93.86139163526167,0.9986249433986703,-0.027177367289752397,640,0.4864113163551238,566.3056625419488,46.2,30.4,54.55,7.526973660771948,132.85552003611534,False
2026-05-08T22:47:30.021,46.2,30.4,54.55,7.526973660771948,132.85552003611534,0.3436842095861574,0.20414553016687131,512,0.6020727650834357,606.3539100241593,49.0,30.5,56.2,6.896899494003782,144.99268850726443,False
2026-05-08T22:47:31.443,49.0,30.5,56.2,6.896899494003782,144.99268850726443,0.883148604411643,-0.45948907082555945,608,0.2702554645872203,757.991422648899,46.8,30.2,54.55,5.770922146036723,173.28253175045288,False
2026-05-08T22:47:32.486,46.8,30.2,54.55,5.770922146036723,173.28253175045288,0.044981032223905926,0.6194977138380728,448,0.8097488569190364,718.2772917150829,49.2,30.2,55.1,6.558281734628756,152.47896331135686,False
2026-05-08T22:47:33.367,49.2,30.2,55.1,6.558281734628756,152.47896331135686,-0.3717851381657076,-0.1450413458683728,384,0.4274793270658136,538.8019895747971,58.3,30.3,56.75,7.465205876023541,133.95477855631032,False
2026-05-08T22:47:34.455,58.3,30.3,56.75,7.465205876023541,133.95477855631032,0.0882767630304,0.1540364443151625,480,0.5770182221575813,822.4687566162418,53.0,30.3,56.2,6.853430629431699,145.9123253842466,False
2026-05-08T22:47:35.502,53.0,30.3,56.2,6.853430629431699,145.9123253842466,0.3980574612916956,-0.7984801866672897,512,0.10075990666635515,755.840934069168,48.8,30.3,55.65,6.551627183472047,152.63383767054464,False
2026-05-08T22:47:36.942,48.8,30.3,55.65,6.551627183472047,152.63383767054464,0.8563703937998031,-0.4859637317623011,608,0.25701813411884944,564.4077432169729,48.3,30.3,56.2,5.5990127345972684,178.6029157999279,False
2026-05-08T22:47:37.661,48.3,30.3,56.2,5.5990127345972684,178.6029157999279,-0.36965513934818484,-0.8080806644591119,384,0.09595966777044407,758.903856743879,47.6,30.3,54.55,7.571983290460714,132.06579592691565,False
2026-05-08T22:47:38.651,47.6,30.3,54.55,7.571983290460714,132.06579592691565,0.17532937842029006,-0.8252677126100596,480,0.0873661436949702,808.3765189968275,47.0,30.3,57.3,7.171275974225142,139.44519825958173,False
2026-05-08T22:47:39.366,47.0,30.3,57.3,7.171275974225142,139.44519825958173,-0.3242422968148404,-0.9788567638324772,384,0.010571618083761392,815.0944164075377,53.0,30.2,55.65,8.366750883951175,119.5207092777397,False
2026-05-08T22:47:40.209,53.0,30.2,55.65,8.366750883951175,119.5207092777397,-0.19831899529692798,-0.5037462148865346,416,0.2481268925567327,885.6215690744284,47.4,30.2,56.75,8.209745798604976,121.8064510803639,False
2026-05-08T22:47:41.051,47.4,30.2,56.75,8.209745798604976,121.8064510803639,-0.42477247120165096,0.5433172370260348,352,0.7716586185130174,817.4135613671938,49.7,30.2,54.55,8.74065698357297,114.40787596165616,False
2026-05-08T22:47:41.625,49.7,30.2,54.55,8.74065698357297,114.40787596165616,-0.8419627511910073,-0.10613847547207134,288,0.44693076226396433,844.8290186569776,51.0,30.2,56.75,10.919302675400036,91.58093971081942,False
2026-05-08T22:47:43.142,51.0,30.2,56.75,10.919302675400036,91.58093971081942,0.9101793797204936,0.48764059994881714,608,0.7438202999744086,853.3112141278693,44.9,29.9,55.1,7.890988337833967,126.72683790513553,False
2026-05-08T22:47:44.415,44.9,29.9,55.1,7.890988337833967,126.72683790513553,0.44808101877261874,0.4601919053052992,544,0.7300959526526496,817.3602471752688,48.3,30.1,54.0,6.742950073633863,148.30304081742773,False
2026-05-08T22:47:45.049,48.3,30.1,54.0,6.742950073633863,148.30304081742773,-0.7651438692890276,0.16093236551514978,288,0.5804661827575749,738.226373546816,50.0,30.3,55.1,9.226735164825149,108.38069827909172,False
2026-05-08T22:47:45.801,50.0,30.3,55.1,9.226735164825149,108.38069827909172,-0.4038755817714361,0.3186806981115524,384,0.6593403490557762,839.22074201025,50.3,30.3,56.75,9.330001985666902,107.18111330911155,False
2026-05-08T22:47:47.779,50.3,30.3,56.75,9.330001985666902,107.18111330911155,-0.887929592091935,0.9723712889774727,288,0.9861856444887364,708.7549848660619,67.7,30.1,55.1,11.217813427481271,89.14393223461992,False
2026-05-08T22:47:48.875,67.7,30.1,55.1,11.217813427481271,89.14393223461992,0.3221001473651226,0.24643362704112004,512,0.62321681352056,546.6812069888872,46.4,30.1,54.55,8.85356225071723,112.94888675109159,False
2026-05-08T22:47:49.886,46.4,30.1,54.55,8.85356225071723,112.94888675109159,0.039600937204516296,0.5947689388990147,448,0.7973844694495074,626.8141134001761,49.2,30.1,55.1,8.046372098397347,124.27961170217036,False
2026-05-08T22:47:50.780,49.2,30.1,55.1,8.046372098397347,124.27961170217036,-0.23137376644668461,0.3200992277371215,416,0.6600496138685608,783.8057040676522,47.8,30.2,56.2,7.9655619015709345,125.54042167480793,False
2026-05-08T22:47:52.221,47.8,30.2,56.2,7.9655619015709345,125.54042167480793,0.8197288583686082,0.07039159442498621,608,0.5351957972124931,686.0189932210029,45.4,29.9,56.2,6.334971081348838,157.85391711481665,False
2026-05-08T22:47:53.646,45.4,29.9,56.2,6.334971081348838,157.85391711481665,0.27580117836476603,-0.5160684738064709,512,0.24196576309676454,655.3276281632546,50.5,30.0,56.2,5.622230851307525,177.86533965737758,False
2026-05-08T22:47:55.715,50.5,30.0,56.2,5.622230851307525,177.86533965737758,0.8871792210608478,-0.7285412144401611,608,0.13572939277991947,645.7874362284412,55.2,30.3,55.65,4.557976171003874,219.39561824864793,False
2026-05-08T22:47:58.813,55.2,30.3,55.65,4.557976171003874,219.39561824864793,0.35925849652545394,0.9808661146745856,512,0.9904330573372928,718.3433928850711,60.6,30.2,57.3,5.187272479812623,192.77953951555722,False
2026-05-08T22:47:59.894,60.6,30.2,57.3,5.187272479812623,192.77953951555722,0.36463108001242506,-0.026000672960021065,512,0.48699966351998947,648.0258167745139,47.8,30.2,55.65,5.6719456646714,176.30634338207017,False
2026-05-08T22:48:01.059,47.8,30.2,55.65,5.6719456646714,176.30634338207017,0.32821977394354285,0.671688839792282,512,0.835844419896141,704.434865585787,47.7,30.3,56.2,5.903454404117636,169.39234752156364,False
2026-05-08T22:48:01.937,47.7,30.3,56.2,5.903454404117636,169.39234752156364,-0.0326266419239063,-0.5107369330314182,448,0.2446315334842909,317.47425327741894,51.7,30.2,56.2,6.808371676614811,146.87799777952338,False
2026-05-08T22:48:03.185,51.7,30.2,56.2,6.808371676614811,146.87799777952338,0.5096497632250983,-0.2394479433138177,544,0.38027602834309115,538.2413840372042,44.6,30.0,57.85,6.085274894149374,164.3311136135263,False
2026-05-08T22:48:03.674,44.6,30.0,57.85,6.085274894149374,164.3311136135263,-0.9959054473503088,-0.2594140891352157,256,0.37029295543239216,309.5012098845937,49.7,30.0,56.75,10.455975813433035,95.6390888658404,False
2026-05-08T22:48:05.343,49.7,30.0,56.75,10.455975813433035,95.6390888658404,0.9933713163663855,0.240119735364269,640,0.6200598676821345,758.8483513418687,47.7,30.0,57.3,7.396524252870382,135.19863733454648,False
2026-05-08T22:48:06.084,47.7,30.0,57.3,7.396524252870382,135.19863733454648,-0.3498849973815432,-0.017336093668701258,384,0.49133195316564937,748.9911275149351,50.3,30.1,54.0,8.37359609196268,119.42300404957923,False
2026-05-08T22:48:07.543,50.3,30.1,54.0,8.37359609196268,119.42300404957923,0.8178922555322883,0.14565010767218545,608,0.5728250538360927,660.1289952449263,45.7,30.3,56.75,6.557792337453812,152.49034256370936,False
2026-05-08T22:48:09.039,45.7,30.3,56.75,6.557792337453812,152.49034256370936,0.8987356205956285,0.42888101670055967,608,0.7144405083502798,738.4912243417898,49.3,30.2,55.1,5.598302031335622,178.6255894024038,False
2026-05-08T22:48:09.716,49.3,30.2,55.1,5.598302031335622,178.6255894024038,-0.5316514512248935,-0.8437416569015754,352,0.07812917154921228,747.6288599539108,48.7,30.2,57.3,7.791440678181669,128.3459685190564,False
2026-05-08T22:48:11.080,48.7,30.2,57.3,7.791440678181669,128.3459685190564,0.7496256191437811,-0.8338334595962382,576,0.08308327020188089,487.1376184044543,46.5,30.4,54.55,6.339611923530813,157.73836191585926,False
2026-05-08T22:48:12.356,46.5,30.4,54.55,6.339611923530813,157.73836191585926,0.4806846311245654,0.2616354301067638,544,0.6308177150533819,752.298162989464,45.7,30.2,53.45,5.905910584860355,169.3218997530158,False
2026-05-08T22:48:12.975,45.7,30.2,53.45,5.905910584860355,169.3218997530158,-0.7395340146483738,-0.42183249342629314,320,0.28908375328685343,844.4196157362261,50.5,30.3,54.0,8.767976553414885,114.05139987635205,False
2026-05-08T22:48:13.575,50.5,30.3,54.0,8.767976553414885,114.05139987635205,-0.7322720103174953,-0.4943588980366893,320,0.25282055098165535,859.1334772842481,50.8,30.3,55.1,10.489185665750616,95.33628556744962,False
2026-05-08T22:48:14.035,50.8,30.3,55.1,10.489185665750616,95.33628556744962,-0.999132592040757,-0.8381434671769687,256,0.08092826641151563,685.8172041182123,49.5,30.3,56.2,13.434068181176592,74.43761536071177,False
2026-05-08T22:48:14.969,49.5,30.3,56.2,13.434068181176592,74.43761536071177,-0.06304347402430066,0.12529494901923588,448,0.5626474745096179,831.4272710183354,48.2,30.2,54.55,10.776759606999011,92.79227118980606,False
2026-05-08T22:48:16.412,48.2,30.2,54.55,10.776759606999011,92.79227118980606,0.7792080291555963,-0.14525350190778163,608,0.4273732490461092,877.8575599122507,45.0,30.2,55.65,7.827800311308253,127.74980968221338,False
2026-05-08T22:48:17.806,45.0,30.2,55.65,7.827800311308253,127.74980968221338,0.428386818846465,0.8237959304792417,544,0.9118979652396209,822.8742446556894,47.7,30.1,55.65,6.706677070370313,149.10513649418704,False
2026-05-08T22:48:19.044,47.7,30.1,55.65,6.706677070370313,149.10513649418704,-0.21369989485691354,-0.010709115638932953,416,0.4946454421805335,808.9967019585587,61.9,30.4,55.1,6.180913810316041,161.78837477574666,False
2026-05-08T22:48:20.205,61.9,30.4,55.1,6.180913810316041,161.78837477574666,-0.14223751952328367,0.8243304720079598,416,0.9121652360039799,777.7929860192803,50.8,30.4,55.65,6.609976576488795,151.286466514409,False
2026-05-08T22:48:21.538,50.8,30.4,55.65,6.609976576488795,151.286466514409,0.5324162314898755,0.5704532649981013,544,0.7852266324990507,862.6237541168624,47.3,30.3,56.2,5.992434292241023,166.8770905497947,False
2026-05-08T22:48:22.384,47.3,30.3,56.2,5.992434292241023,166.8770905497947,-0.15940840936164702,-0.5071940652867601,416,0.24640296735661993,841.4157711428019,46.9,30.3,56.2,7.015708067757916,142.5372878035931,False
2026-05-08T22:48:23.828,46.9,30.3,56.2,7.015708067757916,142.5372878035931,0.6533108690740281,0.566385868173191,576,0.7831929340865955,872.3915816675626,47.5,30.1,54.55,5.913329582232777,169.10946465838902,False
2026-05-08T22:48:24.555,47.5,30.1,54.55,5.913329582232777,169.10946465838902,-0.5494486115163322,0.07652882334875533,352,0.5382644116743777,865.3665597927647,50.3,30.3,54.55,7.821959479983851,127.84520330985715,False
2026-05-08T22:48:25.566,50.3,30.3,54.55,7.821959479983851,127.84520330985715,0.13026098260650598,0.06985828858441145,480,0.5349291442922057,886.6133641084623,50.0,30.3,57.85,7.264707949891303,137.6517826865927,False
2026-05-08T22:48:26.964,50.0,30.3,57.85,7.264707949891303,137.6517826865927,0.1041562121037305,0.9121335225218716,480,0.9560667612609358,438.4487179294085,52.9,30.1,55.1,6.908728761933881,144.74442903444967,False
2026-05-08T22:48:27.503,52.9,30.1,55.1,6.908728761933881,144.74442903444967,-0.7922499564516932,-0.4580180922348518,288,0.2709909538825741,131.52548342288566,53.0,30.2,54.0,10.00289568452477,99.97105153731384,False
2026-05-08T22:48:28.484,53.0,30.2,54.0,10.00289568452477,99.97105153731384,0.13548991645127462,-0.6792536441227033,480,0.16037317793864836,401.01086076902124,46.4,30.2,55.1,8.465711381617357,118.12356397731953,False
2026-05-08T22:48:29.180,46.4,30.2,55.1,8.465711381617357,118.12356397731953,-0.5284683382163067,-0.37645181199512123,352,0.3117740940024394,461.0532063525707,51.0,30.2,55.65,9.223096401874187,108.42345741900672,False
2026-05-08T22:48:30.377,51.0,30.2,55.65,9.223096401874187,108.42345741900672,-0.09895634464975989,0.9064266793770939,416,0.9532133396885469,708.5346084574104,55.0,30.2,55.65,8.6028718430284,116.24025305112276,False
2026-05-08T22:48:31.469,55.0,30.2,55.65,8.6028718430284,116.24025305112276,0.251551728122994,-0.24972064448171305,512,0.3751396777591435,637.1652689361752,48.3,30.1,55.65,7.430529568317811,134.57990992509957,False
2026-05-08T22:48:32.048,48.3,30.1,55.65,7.430529568317811,134.57990992509957,-0.6925372569742216,-0.4237434420659105,320,0.28812827896704474,606.3175016699911,52.4,30.1,55.65,9.840095271765415,101.62503231745536,False
2026-05-08T22:48:33.510,52.4,30.1,55.65,9.840095271765415,101.62503231745536,0.7747156807838622,0.4748742984678813,608,0.7374371492339407,560.2104643705215,45.9,30.0,56.75,7.334838128436602,136.3356603771632,False
2026-05-08T22:48:34.966,45.9,30.0,56.75,7.334838128436602,136.3356603771632,0.8554331264549591,-0.3024568778911305,608,0.34877156105443474,385.7900750950721,49.3,30.1,55.1,5.980944831684139,167.19766326926907,False
2026-05-08T22:48:35.804,49.3,30.1,55.1,5.980944831684139,167.19766326926907,-0.6639981454408377,0.8453696177349852,320,0.9226848088674926,348.31142198656147,54.5,30.2,56.2,8.374597753853955,119.40872020268725,False
2026-05-08T22:48:36.509,54.5,30.2,56.2,8.374597753853955,119.40872020268725,-0.44721283267004286,-0.7270005126642749,352,0.13649974366786255,706.6380236234847,51.5,30.2,57.85,9.106965190669955,109.8060637175264,False
2026-05-08T22:48:37.069,51.5,30.2,57.85,9.106965190669955,109.8060637175264,-0.898175421702839,-0.5104884201573703,288,0.24475578992131486,719.4397394401337,49.5,30.2,56.2,11.023451439860375,90.71568967810195,False
2026-05-08T22:48:37.754,49.5,30.2,56.2,11.023451439860375,90.71568967810195,-0.46249964705744806,-0.6538095882896988,352,0.1730952058551506,660.5825753258148,49.8,30.2,55.65,10.673230954853103,93.69234154399155,False
2026-05-08T22:48:39.387,49.8,30.2,55.65,10.673230954853103,93.69234154399155,0.21843244280431184,0.12531533073869539,480,0.5626576653693477,621.9788858229659,62.0,30.3,56.75,7.722089850522352,129.49862269892603,False
2026-05-08T22:48:40.307,62.0,30.3,56.75,7.722089850522352,129.49862269892603,-0.23798200784966173,0.14529256759430687,416,0.5726462837971534,771.9127208518017,52.5,30.3,56.2,7.686550282027862,130.09737311393485,False
2026-05-08T22:48:41.349,52.5,30.3,56.2,7.686550282027862,130.09737311393485,0.37040106600981626,-0.130083239987135,512,0.4349583800064325,605.7853336121476,46.4,30.3,56.75,7.07633936090507,141.31600379777421,False
2026-05-08T22:48:42.204,46.4,30.3,56.75,7.07633936090507,141.31600379777421,-0.10132904726619607,-0.7928682611125297,416,0.10356586944373514,713.0509642643909,48.7,30.3,56.2,7.59547338832644,131.6573633892142,False
2026-05-08T22:48:43.641,48.7,30.3,56.2,7.59547338832644,131.6573633892142,0.6801679512518357,0.46447151785127216,576,0.7322357589256361,849.1925700957516,49.0,30.1,55.1,6.238997750117595,160.28215429011038,False
2026-05-08T22:48:44.320,49.0,30.1,55.1,6.238997750117595,160.28215429011038,-0.5359226596744857,-0.9536261924439733,352,0.023186903778013357,794.9310831314646,49.7,30.1,54.55,8.222775657622398,121.61343585642082,False
2026-05-08T22:48:45.036,49.7,30.1,54.55,8.222775657622398,121.61343585642082,-0.5394141514128628,-0.9725951230524226,352,0.013702438473788714,803.5343538032505,51.0,30.1,56.2,8.98128134693835,111.342687237038,False
2026-05-08T22:48:47.016,51.0,30.1,56.2,8.98128134693835,111.342687237038,0.9885991616302117,0.8689399382489935,640,0.9344699691244968,875.2618120952,50.5,30.4,56.2,6.605758618047964,151.38306708147704,False
2026-05-08T22:48:48.231,50.5,30.4,56.2,6.605758618047964,151.38306708147704,0.5727489125047263,-0.4757552831935865,544,0.26212235840320675,817.6274131749058,47.0,30.5,57.3,6.045785389827256,165.40448188627693,False
2026-05-08T22:48:49.264,47.0,30.5,57.3,6.045785389827256,165.40448188627693,0.330834467900579,-0.9658836160814732,512,0.01705819195926339,699.2174134875751,45.4,30.5,57.85,6.19401129560918,161.44626676881933,False
2026-05-08T22:48:50.065,45.4,30.5,57.85,6.19401129560918,161.44626676881933,-0.29866342266989543,0.27763453181543274,384,0.6388172659077164,742.7824762086451,52.6,30.5,57.85,7.631872961131685,131.02943472629764,False
2026-05-08T22:48:50.884,52.6,30.5,57.85,7.631872961131685,131.02943472629764,-0.10798050600921405,-0.5340520624324927,416,0.23297396878375365,834.8320083155405,50.2,30.4,55.65,7.933294803362328,126.0510323625154,False
2026-05-08T22:48:52.129,50.2,30.4,55.65,7.933294803362328,126.0510323625154,0.33274569283656374,0.6184681063127089,512,0.8092340531563544,862.611321508941,47.2,30.4,54.55,7.039354336964345,142.05848322606823,False
2026-05-08T22:48:53.590,47.2,30.4,54.55,7.039354336964345,142.05848322606823,0.8498712336298822,0.06300145071390872,608,0.5315007253569544,878.7063912157271,45.7,30.2,56.75,5.8452468420489545,171.07917373245894,False
2026-05-08T22:48:55.033,45.7,30.2,56.75,5.8452468420489545,171.07917373245894,0.7988071805343504,-0.2578801986404553,608,0.37105990067977235,858.0258184108679,44.9,30.2,55.65,5.191602217615842,192.61876354988414,False
2026-05-08T22:48:56.426,44.9,30.2,55.65,5.191602217615842,192.61876354988414,0.7327523417260897,0.22983513171403547,576,0.6149175658570177,878.890564870208,48.2,30.2,54.55,4.951243587585925,201.96946126974325,False
2026-05-08T22:48:57.871,48.2,30.2,54.55,4.951243587585925,201.96946126974325,0.7785296173452994,0.44896573954371255,608,0.7244828697718563,866.736035326436,46.5,30.2,56.2,4.729171488891398,211.45352887899142,False
2026-05-08T22:48:59.066,46.5,30.2,56.2,4.729171488891398,211.45352887899142,0.3876820799904219,0.3842975740656984,512,0.6921487870328492,686.1407417160551,52.2,30.3,55.65,5.454918745607948,183.32078746455286,False
2026-05-08T22:49:00.240,52.2,30.3,55.65,5.454918745607948,183.32078746455286,0.2640998366409575,0.5019799931218811,512,0.7509899965609406,787.3732202817827,46.7,30.3,55.1,5.691483864573547,175.70110428046135,False
2026-05-08T22:49:01.138,46.7,30.3,55.1,5.691483864573547,175.70110428046135,-0.07396841710887192,-0.9143345252678956,448,0.0428327373660522,895.7431085975023,50.5,30.3,57.3,6.503938588574756,153.75298926663692,False
2026-05-08T22:49:03.474,50.5,30.3,57.3,6.503938588574756,153.75298926663692,0.7583006974462445,0.8391797386631006,608,0.9195898693315503,513.9866750640574,55.4,30.5,55.65,5.110651936625121,195.6697525874481,False
2026-05-08T22:49:04.158,55.4,30.5,55.65,5.110651936625121,195.6697525874481,-0.4628846540988272,-0.39777453189592715,352,0.3011127340520364,713.8419145974143,52.3,30.5,56.2,7.520646510186782,132.9672919270293,False
2026-05-08T22:49:05.312,52.3,30.5,56.2,7.520646510186782,132.9672919270293,-0.13072156638766264,0.8682088205418768,416,0.9341044102709384,662.8907136810238,51.3,30.4,55.65,7.6653566505325195,130.45707402675504,False
2026-05-08T22:49:06.924,51.3,30.4,55.65,7.6653566505325195,130.45707402675504,0.9396553582192879,0.23268499692256506,640,0.6163424984612825,674.7137331296616,46.5,30.6,56.2,5.929747868767348,168.64123435451836,False
2026-05-08T22:49:08.470,46.5,30.6,56.2,5.929747868767348,168.64123435451836,0.5227995280565334,0.9148198109314851,544,0.9574099054657426,348.7323632104836,55.4,30.5,56.2,5.681374577390232,176.01374216367105,False
2026-05-08T22:49:09.250,55.4,30.5,56.2,5.681374577390232,176.01374216367105,-0.5283957872332006,0.459058447460335,352,0.7295292237301675,600.0010517941059,53.3,30.6,56.2,7.968595982555419,125.4926215595779,False
2026-05-08T22:49:11.161,53.3,30.6,56.2,7.968595982555419,125.4926215595779,0.1741403932820904,0.9392479025321496,480,0.9696239512660748,843.6296250349804,60.2,30.4,56.75,7.25905806095567,137.75892017983776,False
2026-05-08T22:49:12.160,60.2,30.4,56.75,7.25905806095567,137.75892017983776,0.20660396632137412,-0.798524661755267,480,0.10073766912236648,871.6930097746193,48.8,30.5,55.65,6.999464442938257,142.86807342937468,False
2026-05-08T22:49:13.356,48.8,30.5,55.65,6.999464442938257,142.86807342937468,0.4671139337897743,0.29805895018451545,544,0.6490294750922577,873.8995353890961,45.6,30.3,54.55,6.270445172280563,159.47831015581622,False
2026-05-08T22:49:14.742,45.6,30.3,54.55,6.270445172280563,159.47831015581622,0.7095138496912714,-0.03221565187231379,576,0.4838921740638431,670.9606568111835,46.0,30.2,57.3,5.529516387822352,180.84764197503762,False
2026-05-08T22:49:15.796,46.0,30.2,57.3,5.529516387822352,180.84764197503762,0.16267446379349915,0.2203618431247063,480,0.6101809215623532,609.3979829539579,48.2,30.3,57.3,6.0040309164906045,166.55477193720156,False
2026-05-08T22:49:16.498,48.2,30.3,57.3,6.0040309164906045,166.55477193720156,-0.4579232277098946,-0.8368279055826338,352,0.08158604720868312,706.7784175820891,52.5,30.3,54.55,7.829033631395248,127.72968505204715,False
2026-05-08T22:49:17.370,52.5,30.3,54.55,7.829033631395248,127.72968505204715,-0.04020423014151375,-0.6367125127352562,448,0.1816437436323719,698.7851905683644,47.5,30.3,56.2,7.782142061364039,128.49932475079,False
2026-05-08T22:49:18.044,47.5,30.3,56.2,7.782142061364039,128.49932475079,-0.6979816248560224,0.5204662450960071,320,0.7602331225480036,778.1357477363526,51.8,30.3,55.1,9.814920304840264,101.8856973812458,False
2026-05-08T22:49:18.785,51.8,30.3,55.1,9.814920304840264,101.8856973812458,-0.33529235058510043,0.24813639361873907,384,0.6240681968093695,820.3412359629616,55.7,30.3,55.1,9.734118213463113,102.73144193142375,False
2026-05-08T22:49:19.412,55.7,30.3,55.1,9.734118213463113,102.73144193142375,-0.6704165401275808,0.07866065474534922,320,0.5393303273726746,364.02239599921313,51.0,30.3,55.1,10.742427190958127,93.08883199522147,False
2026-05-08T22:49:20.291,51.0,30.3,55.1,10.742427190958127,93.08883199522147,0.07569815256252022,-0.8461096945513238,448,0.0769451527243381,202.90791060343278,51.2,30.2,56.2,9.280521279425276,107.75256797449292,False
2026-05-08T22:49:21.779,51.2,30.2,56.2,9.280521279425276,107.75256797449292,0.6606031484096251,0.8943767367577851,576,0.9471883683788925,420.67772810667725,48.0,30.2,56.75,7.1373827470718645,140.10738045542723,False
2026-05-08T22:49:22.513,48.0,30.2,56.75,7.1373827470718645,140.10738045542723,-0.38357608797219345,-0.003919076777737507,384,0.49804046161113125,674.6254612653546,50.5,30.2,56.2,8.323217087555838,120.14585099493733,False
2026-05-08T22:49:23.976,50.5,30.2,56.2,8.323217087555838,120.14585099493733,0.8806300285626472,0.37211851542406493,608,0.6860592577120325,804.242932268214,47.0,30.1,55.1,6.526010882206556,153.23296544395018,False
2026-05-08T22:49:26.185,47.0,30.1,55.1,6.526010882206556,153.23296544395018,-0.8100977528678064,0.9337352337527429,288,0.9668676168763715,473.8066105332521,69.3,30.4,56.75,7.193790055083338,139.00878290065907,False
2026-05-08T22:49:26.976,69.3,30.4,56.75,7.193790055083338,139.00878290065907,-0.36786571659228273,0.5219861009162152,384,0.7609930504581076,813.8895637417932,52.7,30.3,55.65,8.269006181912069,120.93351703950073,False
2026-05-08T22:49:27.852,52.7,30.3,55.65,8.269006181912069,120.93351703950073,-0.16554297640079252,-0.724369430326169,416,0.13781528483691552,830.1549380396185,45.1,30.3,56.75,8.035550899864694,124.44697475774043,False
2026-05-08T22:49:28.907,45.1,30.3,56.75,8.035550899864694,124.44697475774043,-0.31246498237988996,0.855134737299641,384,0.9275673686498205,841.9197876388034,53.0,30.3,54.55,8.537089413320917,117.1359407855846,False
2026-05-08T22:49:29.684,53.0,30.3,54.55,8.537089413320917,117.1359407855846,-0.265923060150689,0.037216352903647554,384,0.5186081764518238,814.1670130265222,53.8,30.3,57.3,8.97594186820163,111.40892116766287,False
2026-05-08T22:49:30.418,53.8,30.3,57.3,8.97594186820163,111.40892116766287,-0.46492330417638894,0.3062194372490943,352,0.6531097186245471,746.7820497218888,49.7,30.3,56.2,9.458600805356332,105.72388248309494,False
2026-05-08T22:49:31.874,49.7,30.3,56.2,9.458600805356332,105.72388248309494,0.6174427087008043,0.1546412979517009,576,0.5773206489758504,869.6744158504647,46.8,30.0,56.75,7.202641183891212,138.8379588082926,False
2026-05-08T22:49:32.661,46.8,30.0,56.75,7.202641183891212,138.8379588082926,-0.3450624973923777,-0.08007765068051698,384,0.4599611746597415,836.9294596253163,53.3,30.1,56.2,8.175214009769967,122.32095683427104,False
2026-05-08T22:49:47.933,53.3,30.1,56.2,8.175214009769967,122.32095683427104,0.8522058009245137,0.9961034526025057,608,0.9980517263012528,636.443755819094,65.2,29.7,56.75,6.364620631987549,157.1185554994688,False
2026-05-08T22:49:49.305,65.2,29.7,56.75,6.364620631987549,157.1185554994688,-0.4367376410916206,0.966386889392987,352,0.9831934446964935,824.4685004962473,57.4,29.8,57.3,8.150521336359365,122.69153821351446,False
2026-05-08T22:49:50.106,57.4,29.8,57.3,8.150521336359365,122.69153821351446,-0.5405506082807756,-0.3588919006423503,352,0.32055404967882484,871.099310936028,41.1,29.9,58.4,9.20287120419416,108.66174021258227,False
2026-05-08T22:49:51.140,41.1,29.9,58.4,9.20287120419416,108.66174021258227,0.25762046008620465,-0.3516469354617602,512,0.3241765322691199,867.4316129726228,46.4,29.9,56.2,7.868878876028318,127.08290669543676,False
2026-05-08T22:49:51.889,46.4,29.9,56.2,7.868878876028318,127.08290669543676,-0.7695477685747758,0.6797784431770193,288,0.8398892215885096,670.6840683352917,52.0,29.8,56.75,9.740078033141245,102.66858197618494,False
2026-05-08T22:49:52.971,52.0,29.8,56.75,9.740078033141245,102.66858197618494,0.20070045682738646,0.6423113999008807,480,0.8211556999504404,841.3248821820356,48.0,29.8,56.75,8.289512541535686,120.63435515530851,False
2026-05-08T22:49:53.820,48.0,29.8,56.75,8.289512541535686,120.63435515530851,-0.11592467745071966,0.19525083104174823,416,0.5976254155208741,785.4825637944662,51.3,29.8,56.75,8.271268115252802,120.9004455019333,False
2026-05-08T22:49:54.928,51.3,29.8,56.75,8.271268115252802,120.9004455019333,0.25479862410073784,0.28591289856379554,512,0.6429564492818978,160.51438172088393,47.0,29.9,56.2,7.337487659870277,136.28643022722025,False
2026-05-08T22:49:55.761,47.0,29.9,56.2,7.337487659870277,136.28643022722025,-0.1342483771601195,-0.20491335959502366,416,0.39754332020248817,92.8577256144506,55.0,29.9,55.1,7.794444056261128,128.29651387345825,False
2026-05-08T22:49:57.264,55.0,29.9,55.1,7.794444056261128,128.29651387345825,0.8861835914319083,0.6383496040410943,608,0.8191748020205472,379.4012731455599,47.3,29.9,55.1,6.240780457748725,160.23636895580464,False
2026-05-08T22:49:57.875,47.3,29.9,55.1,6.240780457748725,160.23636895580464,-0.5951605612326056,-0.7549116285624726,320,0.12254418571876369,619.5514707552147,48.4,30.0,56.2,8.786841411012277,113.80653789275527,False
2026-05-08T22:49:58.365,48.4,30.0,56.2,8.786841411012277,113.80653789275527,-0.9857218596855921,-0.3292508079486762,256,0.3353745960256619,638.8556951117747,50.5,30.0,56.75,12.121124179783875,82.50059855568863,False
2026-05-08T22:49:59.976,50.5,30.0,56.75,12.121124179783875,82.50059855568863,0.22073496382803648,0.5595157724349578,480,0.7797578862174789,773.0722463180422,62.8,30.3,57.3,8.528104944034675,117.25934502007858,False
2026-05-08T22:50:01.428,62.8,30.3,57.3,8.528104944034675,117.25934502007858,0.6915774093605449,-0.7655821762550765,576,0.11720891187246174,693.2035854488171,45.7,30.0,56.75,6.641676523650127,150.56439386036536,False
2026-05-08T22:50:02.270,45.7,30.0,56.75,6.641676523650127,150.56439386036536,-0.20716776371801982,0.12161915676597213,416,0.5608095783829861,735.301590438804,51.5,30.1,58.4,7.398754267404295,135.15788791710065,False
2026-05-08T22:50:02.969,51.5,30.1,58.4,7.398754267404295,135.15788791710065,-0.45128436034059716,0.201813804376471,352,0.6009069021882355,826.5687507619571,50.5,30.2,55.65,8.737217604249047,114.45291227652201,False
2026-05-08T22:50:04.244,50.5,30.2,55.65,8.737217604249047,114.45291227652201,0.5760241031963922,0.2825550674140018,544,0.6412775337070009,680.3004464131197,48.0,30.2,55.1,7.106742175739751,140.7114505171856,False
2026-05-08T22:50:04.974,48.0,30.2,55.1,7.106742175739751,140.7114505171856,-0.3326503801717642,-0.8887004976066901,384,0.05564975119665494,728.1377621185495,53.2,30.3,56.2,8.20673148697294,121.85119028048655,False
2026-05-08T22:50:05.528,53.2,30.3,56.2,8.20673148697294,121.85119028048655,-0.8287591279573214,-0.2155093357480269,288,0.39224533212598656,581.5033220875974,53.7,30.3,55.65,10.560044398598688,94.69657155349644,False
2026-05-08T22:50:06.649,53.7,30.3,55.65,10.560044398598688,94.69657155349644,-0.3974223519939366,0.7837756416716897,384,0.8918878208358448,534.2409361106403,52.7,30.3,56.2,9.829854736277968,101.73090313424568,False
2026-05-08T22:50:08.301,52.7,30.3,56.2,9.829854736277968,101.73090313424568,0.9264217893598123,0.3463742853340459,640,0.673187142667023,701.7402702581318,46.0,30.2,57.3,7.0667030477499555,141.50870543773604,False
2026-05-08T22:50:08.867,46.0,30.2,57.3,7.0667030477499555,141.50870543773604,-0.8638036208103541,-0.6173501715369074,288,0.1913249142315463,559.1550180549372,49.5,30.2,57.3,9.9429781610881,100.57348852615463,False
2026-05-08T22:50:09.743,49.5,30.2,57.3,9.9429781610881,100.57348852615463,-0.0845058168751811,0.5544067131703803,416,0.7772033565851901,719.4055500381926,50.5,30.2,55.1,9.131754540284831,109.50798070496633,False
2026-05-08T22:50:10.501,50.5,30.2,55.1,9.131754540284831,109.50798070496633,-0.3153768038846756,-0.3767035981052054,384,0.3116482009473973,643.1340963480907,51.0,30.2,56.2,9.353755586244183,106.90892987097286,False
2026-05-08T22:50:11.209,51.0,30.2,56.2,9.353755586244183,106.90892987097286,-0.5426135279965614,-0.8866400644573356,352,0.05667996777133222,823.6930594660312,49.0,30.2,55.65,9.698520414780933,103.10851111639255,False
2026-05-08T22:50:12.589,49.0,30.2,55.65,9.698520414780933,103.10851111639255,0.6090380114808169,-0.23546353473734838,576,0.3822682326313258,848.4465620497892,45.7,30.1,56.75,7.349321697063769,136.06697886139943,False
2026-05-08T22:50:13.156,45.7,30.1,56.75,7.349321697063769,136.06697886139943,-0.7595766130230983,-0.8626760056451537,288,0.06866199717742316,873.9423876844214,50.3,30.2,55.65,10.126587206221627,98.7499519468528,False
2026-05-08T22:50:14.080,50.3,30.2,55.65,10.126587206221627,98.7499519468528,-0.11077414461124335,0.45210983355384693,416,0.7260549167769235,859.2675038880186,49.0,30.2,55.65,9.099762389817142,109.89297930669316,False
2026-05-08T22:50:14.944,49.0,30.2,55.65,9.099762389817142,109.89297930669316,-0.355332578571941,0.8275449198770275,384,0.9137724599385137,816.9797729897981,50.0,30.2,57.3,9.188818756890445,108.82791645554302,False
2026-05-08T22:50:16.614,50.0,30.2,57.3,9.188818756890445,108.82791645554302,0.9699976127252983,0.5135928884862666,640,0.7567964442431333,862.8955025055897,43.9,30.3,55.1,6.730067157018005,148.58692739153668,False
2026-05-08T22:50:18.252,43.9,30.3,55.1,6.730067157018005,148.58692739153668,0.983171716570792,-0.05221194434655163,640,0.4738940278267242,825.3661672574792,44.0,30.2,55.65,5.432671237238613,184.07151037328236,False
2026-05-08T22:50:19.717,44.0,30.2,55.65,5.432671237238613,184.07151037328236,0.6672035731118771,0.42952545986621193,576,0.714762729933106,816.2438016977687,49.5,30.5,55.65,5.071682413450131,197.17322940963223,False
2026-05-08T22:50:20.985,49.5,30.5,55.65,5.071682413450131,197.17322940963223,-0.3079859755062633,0.2496935900131494,384,0.6248467950065747,797.8394862407152,59.6,30.9,56.2,5.518621512485511,181.20467180754596,False
2026-05-08T22:50:22.002,59.6,30.9,56.2,5.518621512485511,181.20467180754596,-0.034586987111050016,-0.6954526032894621,448,0.15227369835526894,657.0908185235546,49.2,30.9,56.75,6.197329288131569,161.35982993756488,False
2026-05-08T22:50:23.054,49.2,30.9,56.75,6.197329288131569,161.35982993756488,0.3840084914809814,-0.027662498972107263,512,0.48616875051394637,819.9175117823223,48.3,30.9,57.3,6.248938954716095,160.02716737139775,False
2026-05-08T22:50:24.545,48.3,30.9,57.3,6.248938954716095,160.02716737139775,0.7180679086188486,0.7595170190496234,576,0.8797585095248117,826.4863317868762,47.2,30.7,57.85,5.5085888009466935,181.53469720378155,False
2026-05-08T22:50:25.270,47.2,30.7,57.85,5.5085888009466935,181.53469720378155,-0.4171910177670717,-0.661784725200379,352,0.1691076373998105,854.7918153096202,52.2,30.7,56.2,7.459577766379588,134.0558448907139,False
2026-05-08T22:50:26.250,52.2,30.7,56.2,7.459577766379588,134.0558448907139,0.05606571276146499,0.7114118253462784,448,0.8557059126731392,861.0620062532834,50.0,30.7,54.55,7.617153583369661,131.2826358369975,False
2026-05-08T22:50:27.566,50.0,30.7,54.55,7.617153583369661,131.2826358369975,-0.021171282137657066,0.9314007091346688,448,0.9657003545673344,644.8577234255268,51.2,30.5,55.1,7.647726353495007,130.75781660820022,False
2026-05-08T22:50:28.202,51.2,30.5,55.1,7.647726353495007,130.75781660820022,-0.6999880856550116,0.002892013700701357,320,0.5014460068503507,251.84315010238484,59.0,30.5,55.1,9.725529124078982,102.82216908118109,False
2026-05-08T22:50:28.899,59.0,30.5,55.1,9.725529124078982,102.82216908118109,-0.4682483354896336,-0.44481424466665387,352,0.27759287766667307,106.87735376629502,52.3,30.5,56.75,9.856966139096855,101.45109416918673,False
2026-05-08T22:50:29.921,52.3,30.5,56.75,9.856966139096855,101.45109416918673,0.13406718338648793,-0.3377632690564618,480,0.3311183654717691,276.8489415873536,50.3,30.5,55.1,8.286067914510529,120.68450443772058,False
2026-05-08T22:50:30.517,50.3,30.5,55.1,8.286067914510529,120.68450443772058,-0.8978314448759466,0.174921450468974,288,0.587460725234487,96.9744627800085,51.3,30.4,56.75,10.24526362795567,97.60607792183666,False
2026-05-08T22:50:31.085,51.3,30.4,56.75,10.24526362795567,97.60607792183666,-0.8238029016393378,0.2633736229962098,288,0.6316868114981049,441.581623210574,54.3,30.4,56.2,11.824539241728608,84.56989143991473,False
2026-05-08T22:50:32.187,54.3,30.4,56.2,11.824539241728608,84.56989143991473,0.28548062082999737,0.5469620986948871,512,0.7734810493474435,766.6363999907579,51.0,30.3,56.2,9.253191387092569,108.07082207279498,False
2026-05-08T22:50:33.430,51.0,30.3,56.2,9.253191387092569,108.07082207279498,0.5286067644584467,0.4854381920300195,544,0.7427190960150097,746.629928155983,47.2,30.3,56.75,7.457458895743187,134.0939338694596,False
2026-05-08T22:50:34.488,47.2,30.3,56.75,7.457458895743187,134.0939338694596,0.12557158994936746,0.2564622068919724,480,0.6282311034459862,804.8183334823066,48.7,30.3,54.55,6.998235779215909,142.89315643949928,False
2026-05-08T22:50:34.995,48.7,30.3,54.55,6.998235779215909,142.89315643949928,-0.9883342318797996,-0.5392695326360673,256,0.23036523368196637,604.172690381521,52.0,30.2,57.3,10.980191528165307,91.07309261727343,False
2026-05-08T22:50:36.397,52.0,30.2,57.3,10.980191528165307,91.07309261727343,0.4370734895425985,0.7608800289473172,544,0.8804400144736586,555.8641935886925,50.7,30.1,55.65,8.343101863514667,119.85949786530999,False
2026-05-08T22:50:37.432,50.7,30.1,55.65,8.343101863514667,119.85949786530999,0.28478479310880034,-0.9959834890931409,512,0.0020082554534295305,80.67823642163391,47.9,30.1,54.0,7.407658354323889,134.9954266473824,False
2026-05-08T22:50:41.902,47.9,30.1,54.0,7.407658354323889,134.9954266473824,0.35289861917494436,0.9829794790329003,512,0.9914897395164501,619.0659371299068,66.0,30.0,56.2,6.8723081193940185,145.5115199474172,False
2026-05-08T22:50:42.595,66.0,30.0,56.2,6.8723081193940185,145.5115199474172,-0.5526713370645362,-0.9164418013965212,352,0.0417790993017394,776.8219265778633,50.3,30.0,56.2,8.383697949441002,119.27910643139008,False
2026-05-08T22:50:43.651,50.3,30.0,56.2,8.383697949441002,119.27910643139008,-0.43068485460450123,-0.7116940715946085,352,0.14415296420269574,777.81727474611,58.0,30.1,56.75,7.64770913828452,130.75811094775932,False
2026-05-08T22:50:58.123,58.0,30.1,56.75,7.64770913828452,130.75811094775932,-0.21661820794234576,0.9951072575205686,416,0.9975536287602843,663.4857684029495,66.5,29.8,55.65,7.561139927937863,132.25519029281187,False
2026-05-08T22:50:58.733,66.5,29.8,55.65,7.561139927937863,132.25519029281187,-0.7438767482824526,-0.5016460058185688,320,0.2491769970907156,-5.420489541147978,56.0,29.9,56.75,9.724863107955134,102.82921095125543,False
2026-05-08T22:50:59.971,56.0,29.9,56.75,9.724863107955134,102.82921095125543,0.5554981708695592,-0.5708522948497461,544,0.21457385257512696,369.01637602737475,47.0,30.1,56.2,7.671311299282678,130.35581023722855,False
2026-05-08T22:51:00.880,47.0,30.1,56.2,7.671311299282678,130.35581023722855,-0.09159312333684633,0.3412278810259508,416,0.6706139405129754,530.6719315274453,52.0,30.2,56.2,7.891101051633363,126.72502778215113,False
2026-05-08T22:51:02.345,52.0,30.2,56.2,7.891101051633363,126.72502778215113,-0.8080049714557582,0.9488929116144467,288,0.9744464558072233,730.3033400292296,55.7,30.1,56.75,10.289930900669045,97.18238243319793,False
2026-05-08T22:51:03.302,55.7,30.1,56.75,10.289930900669045,97.18238243319793,-0.11041159130159928,0.2455094413453247,416,0.6227547206726624,794.8020611961991,46.2,30.1,56.2,8.992812993757761,111.19991049454008,False
2026-05-08T22:51:04.216,46.2,30.1,56.2,8.992812993757761,111.19991049454008,-0.20573918347431697,0.32144035063275034,416,0.6607201753163752,773.958037955575,50.5,30.1,55.65,8.401164887771529,119.03111215631162,False
2026-05-08T22:51:05.628,50.5,30.1,55.65,8.401164887771529,119.03111215631162,0.6446373975444855,0.331152990408357,576,0.6655764952041785,874.0012393782946,47.8,30.0,57.3,6.6421280364234185,150.55415892561885,False
2026-05-08T22:51:06.303,47.8,30.0,57.3,6.6421280364234185,150.55415892561885,-0.4756426393597899,-0.9110828574672176,352,0.04445857126639119,865.3031537625957,50.8,30.1,56.75,8.458639956693448,118.22231530361866,False
2026-05-08T22:51:07.520,50.8,30.1,56.75,8.458639956693448,118.22231530361866,0.46579923164584325,0.0365113430316748,544,0.5182556715158374,861.6309757039361,48.7,30.0,57.3,7.045604570710762,141.93246157428328,False
2026-05-08T22:51:08.210,48.7,30.0,57.3,7.045604570710762,141.93246157428328,-0.5253589006678192,-0.7909860846069183,352,0.10450695769654084,870.5724828219039,51.3,30.1,55.1,8.511604015510422,117.4866685736005,False
2026-05-08T22:51:09.340,51.3,30.1,55.1,8.511604015510422,117.4866685736005,0.2634448804248761,0.44126867735710573,512,0.7206343386785529,864.2572704504132,46.2,30.1,55.65,7.430453779966841,134.5812825989293,False
2026-05-08T22:51:10.719,46.2,30.1,55.65,7.430453779966841,134.5812825989293,0.7113149452350283,-0.2644104869445678,576,0.3677947565277161,878.610089937624,48.3,30.0,54.55,6.154437364271638,162.48438984939565,False
2026-05-08T22:51:11.370,48.3,30.0,54.55,6.154437364271638,162.48438984939565,-0.810715168402087,0.0006701864329401452,288,0.5003350932164701,478.13464268961826,52.0,30.2,57.3,9.297054198901815,107.56095195380509,False
2026-05-08T22:51:11.823,52.0,30.2,57.3,9.297054198901815,107.56095195380509,-0.9784500605753974,-0.2696156585742504,256,0.3651921707128748,216.36109700869446,53.6,30.2,56.2,12.712149969279825,78.66489951869664,False
2026-05-08T22:51:12.659,53.6,30.2,56.2,12.712149969279825,78.66489951869664,-0.1769400878151628,0.2011995917452407,416,0.6005997958726204,694.0566390767764,48.2,30.2,54.55,10.631299112204834,94.06188175554108,False
2026-05-08T22:51:14.257,48.2,30.2,54.55,10.631299112204834,94.06188175554108,0.9681128664880385,-0.523503697732707,640,0.2382481511336465,722.8486874099535,45.8,30.1,56.2,7.503295248355551,133.27477686809186,False
2026-05-08T22:51:15.293,45.8,30.1,56.2,7.503295248355551,133.27477686809186,-0.010988770963443972,0.8075127817823287,448,0.9037563908911643,787.0130648852567,49.5,30.2,55.65,7.426168973623586,134.6589343107893,False
2026-05-08T22:51:17.252,49.5,30.2,55.65,7.426168973623586,134.6589343107893,0.9858531661037149,0.717717170930861,640,0.8588585854654305,457.4569116541434,41.9,30.8,55.1,5.796443240530596,172.51958804800816,False
2026-05-08T22:51:18.813,41.9,30.8,55.1,5.796443240530596,172.51958804800816,0.0020315005658817498,0.3352247906050887,448,0.6676123953025443,691.1367316944747,59.5,31.0,55.1,5.352080224214204,186.84323816293707,False
2026-05-08T22:51:19.607,59.5,31.0,55.1,5.352080224214204,186.84323816293707,-0.2820615186815032,-0.8973168232633404,384,0.051341588368329805,720.3763834644917,54.2,30.9,55.1,7.082122814766347,141.20060131052557,False
2026-05-08T22:51:20.679,54.2,30.9,55.1,7.082122814766347,141.20060131052557,0.35582493998052667,-0.015843304208649656,512,0.49207834789567517,783.9097437548539,47.2,30.9,54.55,6.747737297736352,148.19782630474776,False
2026-05-08T22:51:21.724,47.2,30.9,54.55,6.747737297736352,148.19782630474776,0.39884890835732656,-0.7957797575695202,512,0.10211012121523988,666.79418200812,46.4,30.8,55.1,6.539283412578427,152.92195442645632,False
2026-05-08T22:51:22.209,46.4,30.8,55.1,6.539283412578427,152.92195442645632,-0.9728624895204836,-0.04879034308094998,256,0.475604828459525,642.1421560502407,52.0,30.8,56.2,11.038561325654216,90.59151555157335,False
2026-05-08T22:51:23.261,52.0,30.8,56.2,11.038561325654216,90.59151555157335,0.268208314175997,0.5252482586178902,512,0.7626241293089451,662.583762679025,48.8,30.7,55.65,8.818984696959712,113.39173775239043,False
2026-05-08T22:51:24.280,48.8,30.7,55.65,8.818984696959712,113.39173775239043,-0.17238067664589551,0.759803722265671,416,0.8799018611328355,603.2788133581203,48.0,30.6,54.55,8.29762017957513,120.51648284185549,False
2026-05-08T22:51:25.496,48.0,30.6,54.55,8.29762017957513,120.51648284185549,0.5131202416634737,0.4351887385389843,544,0.7175943692694922,428.6002979900856,49.0,30.4,55.65,6.904336775197979,144.83650386120183,False
2026-05-08T22:51:26.137,49.0,30.4,55.65,6.904336775197979,144.83650386120183,-0.6249251566014333,-0.7776797587844675,320,0.11116012060776626,359.3733169810037,49.5,30.5,56.2,8.90420445555163,112.30649576745914,False
2026-05-08T22:51:27.636,49.5,30.5,56.2,8.90420445555163,112.30649576745914,-0.049449852524150684,0.8918809089909985,448,0.9459404544954992,698.0379179126064,52.8,30.3,56.75,8.31783759328501,120.2235543535137,False
2026-05-08T22:51:28.276,52.8,30.3,56.75,8.31783759328501,120.2235543535137,-0.7300966236461015,-0.3641185436475278,320,0.3179407281762361,789.4448376810724,51.7,30.3,55.1,9.750152761761678,102.56249562794726,False
2026-05-08T22:51:29.011,51.7,30.3,55.1,9.750152761761678,102.56249562794726,-0.2679187256198772,-0.29854331942139867,384,0.35072834028930067,869.262074579701,51.0,30.3,56.2,9.783459312427553,102.21333457478976,False
2026-05-08T22:51:30.670,51.0,30.3,56.2,9.783459312427553,102.21333457478976,0.9333331713527746,-0.35050170628962296,640,0.3247491468551885,852.7671093043874,47.6,30.3,57.85,7.02689416585922,142.31038299375385,False
2026-05-08T22:51:32.172,47.6,30.3,57.85,7.02689416585922,142.31038299375385,0.8213817267415557,0.30756051587854416,608,0.6537802579392721,812.3134472249988,45.6,30.2,58.4,5.827232356830486,171.60805314856438,False
2026-05-08T22:51:33.237,45.6,30.2,58.4,5.827232356830486,171.60805314856438,0.21097512106001637,-0.18003890305517078,480,0.4099805484724146,772.5957531576662,48.5,30.3,56.2,6.126117454556703,163.2355251785426,False
2026-05-08T22:51:33.921,48.5,30.3,56.2,6.126117454556703,163.2355251785426,-0.6504765947926396,0.6437280845705384,320,0.8218640422852692,792.434490510134,53.9,30.4,55.1,9.008957358057957,111.00063639501653,False
2026-05-08T22:51:34.631,53.9,30.4,55.1,9.008957358057957,111.00063639501653,-0.4222610169214944,-0.29169267854924374,352,0.3541536607253781,772.3863370678007,49.2,30.4,54.55,9.444828586287894,105.87804647421669,False
2026-05-08T22:51:35.207,49.2,30.4,54.55,9.444828586287894,105.87804647421669,-0.7892248403610647,-0.8827210951278457,288,0.058639452436077155,679.9633488794381,54.2,30.3,57.3,10.963681641017132,91.21023692067249,False
2026-05-08T22:51:36.103,54.2,30.3,57.3,10.963681641017132,91.21023692067249,0.03496879910986883,-0.9914374550347096,448,0.004281272482645204,852.1895435175279,46.5,30.3,55.65,9.315973963704002,107.34250695591287,False
2026-05-08T22:51:36.705,46.5,30.3,55.65,9.315973963704002,107.34250695591287,-0.601390210953161,-0.6961109594642925,320,0.15194452026785377,666.9818583209468,51.0,30.3,56.2,10.515618193043517,95.09664402436542,False
2026-05-08T22:51:38.114,51.0,30.3,56.2,10.515618193043517,95.09664402436542,0.0010332704229369938,0.513698631676279,448,0.7568493158381395,829.8173316123429,59.2,30.4,56.75,8.009022784080846,124.85917782474691,False
2026-05-08T22:51:39.056,59.2,30.4,56.75,8.009022784080846,124.85917782474691,-0.12689519112101788,-0.5311638256492801,416,0.23441808717535995,841.7123248746651,58.5,30.4,55.1,7.82083211897286,127.86363200075107,False
2026-05-08T22:51:39.662,58.5,30.4,55.1,7.82083211897286,127.86363200075107,-0.8015012871158984,0.4353068060182326,288,0.7176534030091163,802.5815896393268,53.8,30.4,55.1,10.350968841075835,96.60931409934226,False
2026-05-08T22:51:40.386,53.8,30.4,55.1,10.350968841075835,96.60931409934226,-0.2660335454035547,-0.9712048360008687,384,0.014397581999565645,845.4191889784626,52.5,30.4,55.65,10.007053512243989,99.92951459452716,False
2026-05-08T22:51:41.122,52.5,30.4,55.65,10.007053512243989,99.92951459452716,-0.7277659898335989,0.7070756441338297,320,0.8535378220669149,698.2455237796042,53.7,30.3,55.1,11.142819330966864,89.74389427825622,False
2026-05-08T22:51:42.036,53.7,30.3,55.1,11.142819330966864,89.74389427825622,0.014316700018781381,0.12547868314287625,448,0.5627393415714381,655.2639408383121,50.0,30.3,57.85,9.535794215891903,104.86803483378945,False
2026-05-08T22:51:43.058,50.0,30.3,57.85,9.535794215891903,104.86803483378945,0.20085532865154176,-0.08928607285042078,480,0.4553569635747896,758.2065864783652,50.8,30.3,54.55,8.192405260043445,122.06427395349542,False
2026-05-08T22:51:44.050,50.8,30.3,54.55,8.192405260043445,122.06427395349542,0.1792177110435469,-0.5764698022056469,480,0.21176509889717654,801.4738403984298,51.0,30.2,56.2,7.484265560124055,133.61364478138916,False
2026-05-08T22:51:45.174,51.0,30.2,56.2,7.484265560124055,133.61364478138916,0.24015385616802432,0.6623507193990597,480,0.8311753596995298,664.3848218445337,49.0,30.2,55.1,7.080732201047552,141.22833226937405,False
2026-05-08T22:51:45.818,49.0,30.2,55.1,7.080732201047552,141.22833226937405,-0.643119716515157,0.12805362069124082,320,0.5640268103456204,223.44541595890215,53.2,30.2,54.55,9.035013675404068,110.68051869387763,False
2026-05-08T22:51:47.201,53.2,30.2,54.55,9.035013675404068,110.68051869387763,0.604312921601353,-0.06569639323554144,576,0.4671518033822293,261.2267604309347,46.4,30.1,56.2,6.997941026155033,142.8991750948554,False
2026-05-08T22:51:48.682,46.4,30.1,56.2,6.997941026155033,142.8991750948554,0.6182168781773956,0.6687278251520719,576,0.8343639125760359,519.057580087823,46.4,30.2,55.65,5.907737873518587,169.26952776332482,False
2026-05-08T22:51:49.393,46.4,30.2,55.65,5.907737873518587,169.26952776332482,-0.5271527578420236,0.3766319854405542,352,0.6883159927202771,724.885204816963,53.3,30.3,57.3,7.976998082571773,125.36044131498669,False
2026-05-08T22:51:50.114,53.3,30.3,57.3,7.976998082571773,125.36044131498669,-0.7243446067569106,0.5230422299825435,320,0.7615211149912717,681.2724416812862,47.6,30.3,55.65,9.515464534140206,105.09208419748029,False
2026-05-08T22:51:51.552,47.6,30.3,55.65,9.515464534140206,105.09208419748029,0.8775976584941083,0.043085708113519416,608,0.5215428540567597,682.7307205837187,46.7,30.2,57.3,7.161199934490373,139.64140215995312,False
2026-05-08T22:51:52.027,46.7,30.2,57.3,7.161199934490373,139.64140215995312,-0.9605005179632673,-0.8335360075950451,256,0.08323199620247745,634.9842497461273,47.8,30.2,56.75,11.317602586803215,88.35793555483568,False
2026-05-08T22:51:53.388,47.8,30.2,56.75,11.317602586803215,88.35793555483568,0.7077359134627983,-0.34918358365382196,576,0.325408208173089,726.4973447738744,46.2,30.2,56.2,8.221663076788394,121.62989296207299,False
2026-05-08T22:51:54.036,46.2,30.2,56.2,8.221663076788394,121.62989296207299,-0.746521842285315,0.1851866685085266,320,0.5925933342542633,624.3548033888562,48.7,30.2,56.75,9.659831035032076,103.52147945170343,False
2026-05-08T22:51:55.251,48.7,30.2,56.75,9.659831035032076,103.52147945170343,0.5431392422245043,-0.6793806450756954,544,0.1603096774621523,692.4895876439298,48.5,30.3,56.75,7.6584281224936,130.5750976578204,False
2026-05-08T22:51:55.789,48.5,30.3,56.75,7.6584281224936,130.5750976578204,-0.8932589415140892,-0.8729395937834581,288,0.06353020310827096,619.6444636412849,54.0,30.3,55.65,10.37144740194088,96.41855772347292,False
2026-05-08T22:51:57.793,54.0,30.3,55.65,10.37144740194088,96.41855772347292,0.729541765727874,0.25447606513260435,576,0.6272380325663022,759.0508859100806,57.8,30.5,56.75,7.086893283879808,141.1055535822232,False
2026-05-08T22:51:58.479,57.8,30.5,56.75,7.086893283879808,141.1055535822232,-0.48657652132146834,-0.6224222592524933,352,0.18878887037375336,736.0056251855212,50.3,30.5,56.2,8.510677295704765,117.49946158864323,False
2026-05-08T22:51:59.957,50.3,30.5,56.2,8.510677295704765,117.49946158864323,0.8143817471179025,0.39246921438383997,608,0.69623460719192,406.48070170650385,50.2,30.4,55.65,6.595650440079987,151.61506951964435,False
2026-05-08T22:52:01.253,50.2,30.4,55.65,6.595650440079987,151.61506951964435,0.5682518614982675,0.4511871167005155,544,0.7255935583502577,616.5648256342851,48.7,30.3,56.75,6.0020289313791855,166.61032651340676,False
2026-05-08T22:52:02.353,48.7,30.3,56.75,6.0020289313791855,166.61032651340676,0.363850587109962,0.3676058260287327,512,0.6838029130143664,763.2467555070895,48.8,30.4,56.2,6.15196273550659,162.54974924155712,False
2026-05-08T22:52:03.595,48.8,30.4,56.2,6.15196273550659,162.54974924155712,0.4204671936121338,-0.9294839746578838,544,0.0352580126710581,674.0757078098607,47.7,30.4,56.2,5.73829975071249,174.26764781254866,False
2026-05-08T22:52:04.084,47.7,30.4,56.2,5.73829975071249,174.26764781254866,-0.9956712713076059,-0.1814063027936914,256,0.4092968486031543,668.4599470594305,45.2,30.3,56.2,10.537741829730845,94.8969917993846,False
2026-05-08T22:52:05.530,45.2,30.3,56.2,10.537741829730845,94.8969917993846,0.8922516637810025,-0.4235366433814196,608,0.2882316783092902,719.4847658698777,50.0,30.3,56.75,7.676932586486759,130.26035968587763,False
2026-05-08T22:52:06.785,50.0,30.3,56.75,7.676932586486759,130.26035968587763,0.38610128734547655,0.790369782513781,512,0.8951848912568905,738.8771641218555,49.5,30.3,55.1,6.977106741125537,143.3258852277042,False
2026-05-08T22:52:08.164,49.5,30.3,55.1,6.977106741125537,143.3258852277042,0.6590008134883603,-0.6700433980390956,576,0.16497830098045219,873.9651318839586,45.2,30.2,55.1,5.901890294904308,169.43723960159002,False
2026-05-08T22:52:10.663,45.2,30.2,55.1,5.901890294904308,169.43723960159002,0.2299061869052752,0.9716512453181338,480,0.9858256226590669,806.6038697755514,61.2,30.3,56.2,6.2765133395047155,159.32412565842023,False
2026-05-08T22:52:11.272,61.2,30.3,56.2,6.2765133395047155,159.32412565842023,-0.6920491575508534,-0.7060606669735607,320,0.14696966651321963,688.3185448645991,51.5,30.4,56.2,9.009219723440305,110.99740384821418,False
2026-05-08T22:52:11.883,51.5,30.4,56.2,9.009219723440305,110.99740384821418,-0.6950276043938077,0.2096824059791602,320,0.6048412029895801,633.7034897270468,51.8,30.4,56.2,10.522084377940272,95.0382038464277,False
2026-05-08T22:52:12.892,51.8,30.4,56.2,10.522084377940272,95.0382038464277,0.23228833515577452,-0.5866070714233007,480,0.20669646428834965,759.9845873059703,47.7,30.3,55.65,8.707502318681497,114.84349511507469,False
2026-05-08T22:52:13.807,47.7,30.3,55.65,8.707502318681497,114.84349511507469,0.024373645509654596,-0.11558964153258433,448,0.44220517923370783,842.3770043237345,46.9,30.3,56.75,8.238307780764687,121.38415152865035,False
2026-05-08T22:52:14.853,46.9,30.3,56.75,8.238307780764687,121.38415152865035,0.34430226600167635,-0.8297006220927339,512,0.08514968895363306,678.4096417454675,49.0,30.3,56.2,7.292639721613591,137.12455820849695,False
2026-05-08T22:52:16.279,49.0,30.3,56.2,7.292639721613591,137.12455820849695,0.8839514504355217,-0.26837259918527256,608,0.3658137004073637,639.421824309425,46.5,30.0,56.75,5.975602308927572,167.34714733375017,False
2026-05-08T22:52:16.973,46.5,30.0,56.75,5.975602308927572,167.34714733375017,-0.5277872104351196,-0.22242393253462422,352,0.3887880337326879,695.3002963664118,50.5,30.1,55.65,7.9421954400712576,125.90976985464714,False
2026-05-08T22:52:17.575,50.5,30.1,55.65,7.9421954400712576,125.90976985464714,-0.6130839884282322,-0.32956521359842106,320,0.33521739320078947,484.8013899374148,51.8,30.1,56.75,9.934223869210777,100.66211645373811,False
2026-05-08T22:52:18.451,51.8,30.1,56.75,9.934223869210777,100.66211645373811,-0.009599563476222261,-0.5681448285190511,448,0.21592758574047444,668.6365850881969,50.0,30.1,57.3,8.861678389924768,112.8454403329446,False
2026-05-08T22:52:19.475,50.0,30.1,57.3,8.861678389924768,112.8454403329446,-0.8050534969715366,0.4886531597471957,288,0.7443265798735978,474.91512038255854,63.0,30.2,56.2,8.748273646772752,114.30826702236288,False
2026-05-08T22:52:20.602,63.0,30.2,56.2,8.748273646772752,114.30826702236288,-0.29532872856297554,0.1897048590371908,384,0.5948524295185954,270.7625566128367,76.5,30.2,57.3,8.214160700274613,121.7409832226156,False
2026-05-08T22:52:21.662,76.5,30.2,57.3,8.214160700274613,121.7409832226156,0.26673650404299676,-0.8979630171584816,512,0.051018491420759204,625.6339627877338,47.2,30.2,57.3,7.315085516993502,136.70380170907416,False
2026-05-08T22:52:22.736,47.2,30.2,57.3,7.315085516993502,136.70380170907416,0.2550889943221102,0.09555319648180616,512,0.5477765982409031,680.1509120408053,45.4,30.1,56.2,6.7925334671028965,147.22047448763075,False
2026-05-08T22:52:24.002,45.4,30.1,56.2,6.7925334671028965,147.22047448763075,0.24208181895277647,0.7271063465212273,480,0.8635531732606136,726.4003079611368,49.5,30.1,56.75,6.641082395967943,150.57786372401262,False
2026-05-08T22:52:24.883,49.5,30.1,56.75,6.641082395967943,150.57786372401262,-0.22905807379101772,-0.533748055430697,416,0.23312597228465148,524.2300915715268,49.5,30.1,56.2,7.34556516730005,136.13656365770993,False
2026-05-08T22:52:25.830,49.5,30.1,56.2,7.34556516730005,136.13656365770993,0.011587117006219838,-0.17641414470026273,448,0.41179292764986863,799.0131236257885,45.9,30.1,55.65,7.370773960178117,135.67096283275993,False
2026-05-08T22:52:27.307,45.9,30.1,55.65,7.370773960178117,135.67096283275993,0.8310924466818044,0.1670552198316877,608,0.5835276099158438,887.4476548545722,46.0,29.9,56.75,6.001808838016979,166.61643630929171,False
2026-05-08T22:52:28.930,46.0,29.9,56.75,6.001808838016979,166.61643630929171,0.7932820854190432,0.7274669557830999,608,0.86373347789155,826.9693615431992,46.0,30.1,56.75,5.265960181577752,189.89889127881455,False
2026-05-08T22:52:30.285,46.0,30.1,56.75,5.265960181577752,189.89889127881455,0.5065035723432267,0.582562265533036,544,0.791281132766518,824.2891327857739,47.5,30.1,57.3,5.26879536451025,189.79670509426833,False
2026-05-08T22:52:31.753,47.5,30.1,57.3,5.26879536451025,189.79670509426833,0.8410792783907641,-0.6270359320808105,608,0.18648203395959473,780.6090315738469,47.1,30.0,56.2,4.869795721310838,205.3474226082779,False
2026-05-08T22:52:32.830,47.1,30.0,56.2,4.869795721310838,205.3474226082779,0.28854651069414294,0.09747813918610038,512,0.5487390695930502,815.7392607748175,44.8,30.1,54.55,5.515664596375926,181.30181459130986,False
2026-05-08T22:52:33.675,44.8,30.1,54.55,5.515664596375926,181.30181459130986,-0.4970201127546645,0.5915906678516449,352,0.7957953339258225,774.7275324998567,48.5,30.1,55.65,7.395319755712688,135.22065752836806,False
2026-05-08T22:52:34.277,48.5,30.1,55.65,7.395319755712688,135.22065752836806,-0.5866624636095226,-0.021136183714881573,320,0.4894319081425592,702.1892747244069,54.2,30.1,56.2,9.587357661039771,104.3040257133317,False
2026-05-08T22:52:35.478,54.2,30.1,56.2,9.587357661039771,104.3040257133317,0.42513869104025526,-0.9087615978712207,544,0.04561920106438966,856.9344911272759,49.8,30.2,56.2,7.623013061901405,131.18172458575984,False
2026-05-08T22:52:37.032,49.8,30.2,56.2,7.623013061901405,131.18172458575984,0.8242424775565298,0.485081605890765,608,0.7425408029453825,818.0006588291992,44.4,30.2,56.2,6.127337092067982,163.2030333853395,False
2026-05-08T22:52:37.784,44.4,30.2,56.2,6.127337092067982,163.2030333853395,-0.9057749329486917,0.8271299144123383,288,0.9135649572061691,822.8931802086449,53.3,30.2,56.75,9.25835077018915,108.01059765632209,False
2026-05-08T22:52:39.191,53.3,30.2,56.75,9.25835077018915,108.01059765632209,0.6381238915189731,0.4076301997908438,576,0.7038150998954219,783.1371730124474,49.0,30.2,56.75,7.096882377844838,140.9069429023956,False
2026-05-08T22:52:39.764,49.0,30.2,56.75,7.096882377844838,140.9069429023956,-0.8328260004485784,-0.7998144431372078,288,0.10009277843139608,37.898176554908794,52.0,30.3,56.2,9.805178945725185,101.98691992622686,False
2026-05-08T22:52:40.814,52.0,30.3,56.2,9.805178945725185,101.98691992622686,0.4009058666252525,-0.46301657053908607,512,0.26849171473045697,575.5741215078334,47.7,30.2,57.3,8.150300671326567,122.69486002130974,False
2026-05-08T22:52:42.987,47.7,30.2,57.3,8.150300671326567,122.69486002130974,0.7876921261079688,0.5689811545910635,608,0.7844905772955317,647.737546717521,55.6,30.5,55.1,5.895847195223883,169.61090864262587,False
2026-05-08T22:52:43.827,55.6,30.5,55.1,5.895847195223883,169.61090864262587,-0.14212181194579432,-0.8125991168067761,416,0.09370044159661195,749.461556812764,49.0,30.5,55.65,6.898913325310555,144.95036433219502,False
2026-05-08T22:52:45.011,49.0,30.5,55.65,6.898913325310555,144.95036433219502,0.5611229308526331,-0.7645721942557784,544,0.11771390287211081,775.4719920780714,47.8,30.5,56.2,6.213567354092938,160.9381443883907,False
2026-05-08T22:52:46.052,47.8,30.5,56.2,6.213567354092938,160.9381443883907,0.2711698188909184,-0.7455788065905906,512,0.1272105967047047,801.2348598712005,47.3,30.5,57.85,6.266289706929848,159.58406756937947,False
2026-05-08T22:52:47.026,47.3,30.5,57.85,6.266289706929848,159.58406756937947,-0.05660319409076475,0.5206375293931618,448,0.7603187646965809,820.8647070700677,48.7,30.5,55.65,6.871755197129525,145.52322824563376,False
2026-05-08T22:52:48.017,48.7,30.5,55.65,6.871755197129525,145.52322824563376,0.24058830686038002,-0.8745036274282563,480,0.06274818628587187,190.18694932139982,48.5,30.4,55.65,6.765157225279208,147.81622461978014,False
2026-05-08T22:52:48.494,48.5,30.4,55.65,6.765157225279208,147.81622461978014,-0.9543731291189559,-0.034763563966255795,256,0.4826182180168721,261.0129361986,52.5,30.4,55.65,11.348875610705733,88.11445594281342,False
2026-05-08T22:52:49.374,52.5,30.4,55.65,11.348875610705733,88.11445594281342,0.04507003756898853,-0.7857763746048287,448,0.10711181269758563,98.79964434134956,50.0,30.4,57.85,9.538783718665071,104.83516866445395,False
2026-05-08T22:52:50.088,50.0,30.4,57.85,9.538783718665071,104.83516866445395,-0.3767003810711269,-0.6066428062073297,384,0.19667859689633516,201.47665698857014,52.0,30.4,55.1,9.615101873890627,104.00305822192635,False
2026-05-08T22:52:51.538,52.0,30.4,55.1,9.615101873890627,104.00305822192635,0.7496973528740012,0.5369548743004529,576,0.7684774371502264,461.16039658261997,47.0,30.1,54.55,7.309147716007213,136.81485706055378,False
2026-05-08T22:52:52.527,47.0,30.1,54.55,7.309147716007213,136.81485706055378,0.2202737804751771,-0.7127934687287738,480,0.1436032656356131,664.4596570117053,49.0,30.1,54.55,7.01708677017386,142.50928237776705,False
2026-05-08T22:52:53.127,49.0,30.1,54.55,7.01708677017386,142.50928237776705,-0.6835935884044158,-0.711789304843707,320,0.14410534757814653,725.4025698331315,51.2,30.1,56.2,9.397140688939873,106.41534835984389,False
2026-05-08T22:52:53.778,51.2,30.1,56.2,9.397140688939873,106.41534835984389,-0.7270986956907863,0.5817077658791872,320,0.7908538829395936,692.7365274542923,49.7,30.1,56.2,10.550111465437517,94.78572840448464,False
2026-05-08T22:52:54.791,49.7,30.1,56.2,10.550111465437517,94.78572840448464,0.1773733278751175,-0.9014889166302686,480,0.04925554168486568,810.503164697561,45.9,30.1,55.65,8.677090315337054,115.24600570682846,False
2026-05-08T22:52:55.476,45.9,30.1,55.65,8.677090315337054,115.24600570682846,-0.5571990223517629,-0.5507559506656421,352,0.22462202466717895,810.5395987553283,51.0,30.1,56.2,9.445736095426298,105.86787412832845,False
2026-05-08T22:52:56.416,51.0,30.1,56.2,9.445736095426298,105.86787412832845,0.0055771149289345345,0.5711491166594354,448,0.7855745583297177,677.2224664980952,49.5,30.1,54.55,8.526723546812173,117.27834196921549,False
2026-05-08T22:52:57.091,49.5,30.1,54.55,8.526723546812173,117.27834196921549,-0.4930303390674753,-0.7880698680350746,352,0.10596506598246269,625.3990270319823,53.4,30.1,57.3,9.375145577417943,106.66501034487564,False
2026-05-08T22:52:58.162,53.4,30.1,57.3,9.375145577417943,106.66501034487564,0.2946740465668838,0.6352205776857773,512,0.8176102888428887,675.45030242692,50.7,30.0,55.65,7.971374889053241,125.44887349022545,False
2026-05-08T22:52:59.077,50.7,30.0,55.65,7.971374889053241,125.44887349022545,-0.9249613513763977,0.9257745756753026,256,0.9628872878376513,555.0557213446766,58.9,30.0,55.65,11.311189130439356,88.40803459902517,False
2026-05-08T22:52:59.924,58.9,30.0,55.65,11.311189130439356,88.40803459902517,-0.15430369373872588,-0.9371955342125677,416,0.03140223289371613,613.0364635324023,50.5,30.0,55.65,9.786691361865557,102.17957867728018,False
2026-05-08T22:53:00.865,50.5,30.0,55.65,9.786691361865557,102.17957867728018,-0.914920342854415,0.4295837160529836,288,0.7147918580264918,629.0659658349329,60.9,30.2,56.75,9.152238548317948,109.26288631143534,False
2026-05-08T22:53:01.851,60.9,30.2,56.75,9.152238548317948,109.26288631143534,-0.8330225484717488,0.6691704365448385,288,0.8345852182724193,804.3647910429004,57.4,30.2,57.85,9.47472390189301,105.54397261119179,False
2026-05-08T22:53:03.278,57.4,30.2,57.85,9.47472390189301,105.54397261119179,0.602139307831852,-0.6059993121399552,576,0.19700034393002241,887.3138396541331,45.2,30.1,56.2,7.181609514503254,139.24455207157962,False
2026-05-08T22:53:04.440,45.2,30.1,56.2,7.181609514503254,139.24455207157962,0.18087816630412545,0.6338027017729337,480,0.8169013508864669,843.3986884094171,48.0,30.2,55.1,6.783590737548259,147.41455354386875,False
2026-05-08T22:53:05.906,48.0,30.2,55.1,6.783590737548259,147.41455354386875,0.8651776814199985,-0.26463529909311423,608,0.3676823504534429,855.7258753881727,47.7,30.4,55.65,5.684414358349846,175.9196175646658,False
2026-05-08T22:53:06.757,47.7,30.4,55.65,5.684414358349846,175.9196175646658,-0.1697952243739982,-0.5283288609921446,416,0.2358355695039277,813.7764545322478,46.9,30.4,57.85,6.82705618676849,146.476017282251,False
2026-05-08T22:53:08.229,46.9,30.4,57.85,6.82705618676849,146.476017282251,0.751497042029611,-0.42403619168683204,608,0.287981904156584,824.723620079401,44.3,30.3,54.55,5.714952653579683,174.979577367737,False
2026-05-08T22:53:09.773,44.3,30.3,54.55,5.714952653579683,174.979577367737,0.748126630170596,0.6686964652336598,576,0.8343482326168299,823.704292744967,45.2,30.3,54.0,5.154181358032449,194.017231939572,False
2026-05-08T22:53:11.162,45.2,30.3,54.0,5.154181358032449,194.017231939572,0.6776508461951238,-0.3101988462381786,576,0.3449005768809107,777.7971380429408,44.6,30.3,55.65,4.934145957432951,202.66931878931732,False
2026-05-08T22:53:12.163,44.6,30.3,55.65,4.934145957432951,202.66931878931732,0.1427422219785277,-0.974966154064131,480,0.012516922967934496,797.1152564588372,51.5,30.3,54.55,5.7144203186293705,174.99587783907617,False
2026-05-08T22:53:12.977,51.5,30.3,54.55,5.7144203186293705,174.99587783907617,-0.5578923874772777,0.5884937267795811,352,0.7942468633897906,749.0293643276904,50.0,30.3,55.1,7.6582266322552925,130.57853312778067,False
2026-05-08T22:53:13.847,50.0,30.3,55.1,7.6582266322552925,130.57853312778067,-0.06977116726545263,0.03523440400903133,448,0.5176172020045157,883.1816677682236,46.7,30.3,56.2,7.706525857906593,129.76015631921084,False
2026-05-08T22:53:14.409,46.7,30.3,56.2,7.706525857906593,129.76015631921084,-0.8702550431929355,-0.44359638037816707,288,0.27820180981091647,866.8684631714123,54.2,30.3,57.3,10.265392014925615,97.41469186427813,False
2026-05-08T22:53:16.026,54.2,30.3,57.3,10.265392014925615,97.41469186427813,0.9704544605198162,-0.3824783956742084,640,0.3087608021628958,853.2978723514242,46.5,30.4,57.85,7.302556964963379,136.93833609211904,False
2026-05-08T22:53:17.469,46.5,30.4,57.85,7.302556964963379,136.93833609211904,0.7529536606924152,-0.25918629703870777,608,0.3704068514806461,848.4635425316537,45.5,30.7,56.2,5.979431014956344,167.23999281849748,False
2026-05-08T22:53:18.905,45.5,30.7,56.2,5.979431014956344,167.23999281849748,0.806992625249684,-0.9490824003850113,608,0.025458799807494326,871.7909371963758,46.0,30.6,56.2,5.268837011399596,189.79520486900833,False
2026-05-08T22:53:21.026,46.0,30.6,56.2,5.268837011399596,189.79520486900833,0.20839961679644703,0.9609943316835929,480,0.9804971658417965,735.1388525496715,52.8,30.6,56.2,5.889958208132703,169.78049158637927,False
2026-05-08T22:53:21.752,52.8,30.6,56.2,5.889958208132703,169.78049158637927,-0.25099884129057015,-0.5317059639773376,384,0.2341470180113312,258.1892680816959,51.2,30.7,57.3,7.620796630619807,131.21987745770207,False
2026-05-08T22:53:22.435,51.2,30.7,57.3,7.620796630619807,131.21987745770207,-0.42857909662310223,-0.6979018650150406,352,0.1510490674924797,361.88158855145963,51.3,30.7,56.75,8.856557672228444,112.91068573241559,False
2026-05-08T22:53:23.047,51.3,30.7,56.75,8.856557672228444,112.91068573241559,-0.5966181374709938,-0.482341017373505,320,0.2588294913132475,413.8732375331498,50.3,30.6,55.65,10.22472191292198,97.80217090659475,False
2026-05-08T22:53:24.275,50.3,30.6,55.65,10.22472191292198,97.80217090659475,-0.5123791636736852,0.07937196757065901,352,0.5396859837853295,646.6931095090043,61.4,30.7,56.2,8.266829131587654,120.96536460140297,False
2026-05-08T22:53:25.318,61.4,30.7,56.2,8.266829131587654,120.96536460140297,0.07335372431675524,-0.8106163556549137,448,0.09469182217254313,717.5372804878792,48.7,30.6,56.75,7.593847356158204,131.68555451526868,False
2026-05-08T22:53:27.138,48.7,30.6,56.75,7.593847356158204,131.68555451526868,0.9429388953215436,0.8052345484555952,640,0.9026172742277976,753.7091454262392,48.8,30.3,56.75,5.8744332726489885,170.22918698488593,False
2026-05-08T22:53:27.842,48.8,30.3,56.75,5.8744332726489885,170.22918698488593,-0.5381850062147533,-0.6581577234174703,352,0.17092113829126487,695.7275338435592,48.2,30.3,56.75,7.82328850928263,127.82348481887915,False
2026-05-08T22:53:29.268,48.2,30.3,56.75,7.82328850928263,127.82348481887915,0.5911710174576807,-0.13021326534049682,576,0.4348933673297516,659.3612356546453,48.8,30.3,54.0,6.325344846735297,158.09414731216282,False
2026-05-08T22:53:30.874,48.8,30.3,54.0,6.325344846735297,158.09414731216282,0.423491393407714,0.8636894223254274,544,0.9318447111627137,818.863747882412,47.2,30.3,54.55,5.854990342847809,170.79447470337072,False
2026-05-08T22:53:33.178,47.2,30.3,54.55,5.854990342847809,170.79447470337072,-0.115313037288725,0.9794220838093604,416,0.9897110419046802,663.8773876774633,53.8,30.2,56.75,6.917614838772652,144.55849643363834,False
2026-05-08T22:53:33.888,53.8,30.2,56.75,6.917614838772652,144.55849643363834,-0.7277974130866025,0.7571616381210005,320,0.8785808190605002,365.11334133478863,52.7,30.2,54.0,9.24196501263944,108.20209756608969,False
2026-05-08T22:53:34.747,52.7,30.2,54.0,9.24196501263944,108.20209756608969,-0.3513476828188449,0.7674116224112095,384,0.8837058112056048,356.37332297934444,56.2,30.2,55.1,9.366664475410243,106.76159081231549,False
2026-05-08T22:53:36.138,56.2,30.2,55.1,9.366664475410243,106.76159081231549,0.6715916526040056,-0.6566440991940239,576,0.17167795040298806,776.1200834725778,47.0,30.3,56.2,7.155219375357188,139.75811886970692,False
2026-05-08T22:53:37.658,47.0,30.3,56.2,7.155219375357188,139.75811886970692,0.7837334110781444,0.1988258847515909,608,0.5994129423757955,697.3460889778589,43.7,30.1,54.55,5.836116407425594,171.3468221311775,False
2026-05-08T22:53:38.802,43.7,30.1,54.55,5.836116407425594,171.3468221311775,-0.6813134328174228,0.8929425570621761,320,0.946471278531088,789.6050016191108,52.7,30.2,55.65,8.466825413009476,118.10802174608166,False
2026-05-08T22:53:39.894,52.7,30.2,55.65,8.466825413009476,118.10802174608166,0.3572914899231656,-0.090598008405123,512,0.4547009957974385,813.5492835933427,45.6,30.4,54.55,7.3835950952670535,135.43537898509743,False
2026-05-08T22:53:40.818,45.6,30.4,54.55,7.3835950952670535,135.43537898509743,-0.12811364891352417,-0.158806789853293,416,0.4205966050733535,770.8628419724166,46.7,30.3,54.55,7.499072685727687,133.34982095895808,False
2026-05-08T22:53:41.418,46.7,30.3,54.55,7.499072685727687,133.34982095895808,-0.6813426455518041,-0.6692943931028563,320,0.16535280344857184,780.9187289019831,51.5,30.3,55.1,9.827034571455515,101.76009789409814,False
2026-05-08T22:53:42.001,51.5,30.3,55.1,9.827034571455515,101.76009789409814,-0.793971237479888,-0.5749759920790376,288,0.2125120039604812,743.6916505370883,50.8,30.3,56.2,11.309269914368258,88.42303770020689,False
2026-05-08T22:53:42.832,50.8,30.3,56.2,11.309269914368258,88.42303770020689,-0.249493922554767,-0.9683093656339536,416,0.015845317183023178,833.1856530322326,48.8,30.3,55.65,9.84511260003036,101.57324152868665,False
2026-05-08T22:53:43.858,48.8,30.3,55.65,9.84511260003036,101.57324152868665,0.2915486685792894,-0.9816703589102918,512,0.009164820544854124,863.5798730305461,47.0,30.2,54.0,8.227277541147737,121.54689020743746,False
2026-05-08T22:53:44.464,47.0,30.2,54.0,8.227277541147737,121.54689020743746,-0.7661846675431097,0.2545787670247406,288,0.6272893835123703,706.8832321599048,53.3,30.2,55.1,10.356854640636508,96.55441103482963,False
2026-05-08T22:53:45.921,53.3,30.2,55.1,10.356854640636508,96.55441103482963,0.7610344364682535,-0.8234941313339244,608,0.08825293433303782,865.5541661372733,44.9,30.0,54.55,7.569676038011445,132.1060498465797,False
2026-05-08T22:53:47.372,44.9,30.0,54.55,7.569676038011445,132.1060498465797,-0.24160460902809278,0.6020787061042798,416,0.8010393530521399,787.9874129790844,58.2,30.3,56.2,6.396963791253835,156.32416137281203,False
2026-05-08T22:53:48.708,58.2,30.3,56.2,6.396963791253835,156.32416137281203,0.42303774498742963,0.2577721683076235,544,0.6288860841538118,871.6018094530089,47.7,30.3,56.2,5.810958174680669,172.0886590368469,False
2026-05-08T22:53:49.425,47.7,30.3,56.2,5.810958174680669,172.0886590368469,-0.4849249008537597,0.10399901710844062,352,0.5519995085542203,798.3210085867322,50.8,30.4,54.55,7.804618735990063,128.12925702425667,False
2026-05-08T22:53:50.711,50.8,30.4,54.55,7.804618735990063,128.12925702425667,0.4670208464795378,-0.06567267062972637,544,0.4671636646851368,858.2054692826092,46.5,30.4,54.55,6.57841372235077,152.01233035897505,False
2026-05-08T22:53:51.561,46.5,30.4,54.55,6.57841372235077,152.01233035897505,-0.24540694838587318,-0.5219545941271224,416,0.2390227029364388,871.6335654444575,50.0,30.3,55.1,7.303189811998576,136.92646990457203,False
2026-05-08T22:53:52.441,50.0,30.3,55.1,7.303189811998576,136.92646990457203,-0.04832504826054018,-0.42943036003310797,448,0.285284819983446,876.1393130440632,44.8,30.3,56.75,7.466941743429786,133.9236375963301,False
2026-05-08T22:53:53.129,44.8,30.3,56.75,7.466941743429786,133.9236375963301,-0.49222000264457466,-0.13029463307000166,352,0.43485268346499917,874.915539985887,49.7,30.3,56.2,8.83206903367373,113.22375268890382,False
2026-05-08T22:53:53.588,49.7,30.3,56.2,8.83206903367373,113.22375268890382,-0.9232335896496091,-0.7471655092838816,256,0.1264172453580592,836.6929512185835,50.5,30.3,54.55,12.550411437400859,79.67866272654214,False
2026-05-08T22:53:54.994,50.5,30.3,54.55,12.550411437400859,79.67866272654214,0.7051154743024459,-0.29239342346652086,576,0.35380328826673957,735.8155251740458,47.5,30.2,55.65,8.832292227630846,113.22089149989976,False
2026-05-08T22:53:56.400,47.5,30.2,55.65,8.832292227630846,113.22089149989976,0.5857776419367919,-0.11835627810958393,576,0.44082186094520803,584.726842893516,46.2,30.2,55.1,6.849962790000808,145.98619447389464,False
2026-05-08T22:53:57.463,46.2,30.2,55.1,6.849962790000808,145.98619447389464,0.3995464902818351,-0.25208676648593187,512,0.37395661675703407,566.2543543390868,47.3,30.4,55.1,6.566247767899593,152.29397904975482,False
2026-05-08T22:53:58.518,47.3,30.4,55.1,6.566247767899593,152.29397904975482,0.4097975619765184,-0.6816911777836401,512,0.15915441110817996,614.1593346164236,46.2,30.4,55.65,6.428591130791919,155.55507881192827,False
2026-05-08T22:53:59.322,46.2,30.4,55.65,6.428591130791919,155.55507881192827,-0.5453612996057693,0.6759829284324663,352,0.8379914642162332,715.439313340863,51.3,30.5,56.2,8.178103296886642,122.27774139031656,False
2026-05-08T22:54:00.406,51.3,30.5,56.2,8.178103296886642,122.27774139031656,0.39585029596937926,-0.34022505885647125,512,0.3298874705717644,865.9354885492625,44.6,30.4,55.1,7.196373285536008,138.9588839158608,False
2026-05-08T22:54:01.239,44.6,30.4,55.1,7.196373285536008,138.9588839158608,-0.24712017656164598,-0.8544600570891931,416,0.07276997145540343,783.4528630321918,52.0,30.4,55.65,7.626633655549992,131.1194486537698,False
2026-05-08T22:54:02.213,52.0,30.4,55.65,7.626633655549992,131.1194486537698,0.031433214844921675,0.45183561441783193,448,0.725917807208916,384.8263953071311,50.3,30.4,55.65,7.538121209178204,132.65905021299315,False
2026-05-08T22:54:03.009,50.3,30.4,55.65,7.538121209178204,132.65905021299315,-0.12691139593481715,-0.7902869052349948,416,0.10485654738250261,200.70918341783351,49.0,30.3,55.1,7.916976852911377,126.31084043554598,False
2026-05-08T22:54:03.847,49.0,30.3,55.1,7.916976852911377,126.31084043554598,-0.21693357962033955,-0.1089587762779698,416,0.4455206118610151,235.1620324271172,49.8,30.2,56.75,7.964218330081717,125.56160046779374,False
2026-05-08T22:54:04.924,49.8,30.2,56.75,7.964218330081717,125.56160046779374,0.3873902511445786,0.46400023305110616,512,0.7320001165255531,379.57222752537155,49.0,30.2,55.1,7.14767480541457,139.90563745883782,False
2026-05-08T22:54:06.022,49.0,30.2,55.1,7.14767480541457,139.90563745883782,-0.6181219195260239,0.7807857911453238,320,0.8903928955726619,594.3927655283478,60.1,30.2,56.2,9.57719334152651,104.4147240574147,False
2026-05-08T22:54:15.705,60.1,30.2,56.2,9.57719334152651,104.4147240574147,-0.6841014181074716,0.9951905792753166,320,0.9975952896376583,543.5873804993262,64.1,29.9,56.2,10.842169508608057,92.23246318055234,False
2026-05-08T22:54:16.771,64.1,29.9,56.2,10.842169508608057,92.23246318055234,0.18902183103716097,-0.23754721901597198,480,0.381226390492014,887.3371721870142,48.5,29.9,55.65,8.765823750478974,114.0794098153478,False
2026-05-08T22:54:17.599,48.5,29.9,55.65,8.765823750478974,114.0794098153478,-0.11075220385081574,0.1054927491671942,416,0.5527463745835971,863.7534200023704,51.5,30.0,57.85,8.545030067601965,117.02708967537139,False
2026-05-08T22:54:18.458,51.5,30.0,57.85,8.545030067601965,117.02708967537139,0.06362105356867986,-0.5899287684015841,448,0.20503561579920793,876.3242517141193,47.0,30.0,57.3,8.207825051122601,121.83495551762863,False
2026-05-08T22:54:19.276,47.0,30.0,57.3,8.207825051122601,121.83495551762863,-0.172407185260663,-0.44321533876380426,416,0.27839233061809787,858.0079647615144,52.3,30.0,56.75,8.259688118444071,121.06994666868562,False
2026-05-08T22:54:20.726,52.3,30.0,56.75,8.259688118444071,121.06994666868562,0.8319352025280302,0.2419023209809097,608,0.6209511604904548,835.8642932583559,44.3,29.9,56.75,6.50295739579477,153.7761881458218,False
2026-05-08T22:54:21.814,44.3,29.9,56.75,6.50295739579477,153.7761881458218,0.3579365659617806,0.049187906737719445,512,0.5245939533688597,515.7851766436097,48.5,30.0,58.4,6.360734894803626,157.2145383416224,False
2026-05-08T22:54:23.251,48.5,30.0,58.4,6.360734894803626,157.2145383416224,0.8988106467639114,0.40967043088360033,608,0.7048352154418002,655.6896059514283,49.5,29.9,57.85,5.488654154875063,182.19402640113378,False
2026-05-08T22:54:24.172,49.5,29.9,57.85,5.488654154875063,182.19402640113378,-0.08270343518043943,0.7195985786130381,448,0.859799289306519,743.9307512353734,49.5,30.0,55.65,6.566366629553692,152.29122228710656,False
2026-05-08T22:54:25.614,49.5,30.0,55.65,6.566366629553692,152.29122228710656,0.882984352884099,-0.1628679655496399,608,0.41856601722518005,834.3131585944034,46.2,30.0,56.2,5.594677681712747,178.74130680819871,False
2026-05-08T22:54:27.150,46.2,30.0,56.2,5.594677681712747,178.74130680819871,0.9160982203189767,0.3464278419676894,608,0.6732139209838447,414.5590235869079,48.3,30.2,56.2,5.03784755708609,198.49747112602265,False
2026-05-08T22:54:28.045,48.3,30.2,56.2,5.03784755708609,198.49747112602265,-0.011571178443895214,0.036142135888144855,448,0.5180710679440724,59.76272687147077,47.5,30.3,55.65,6.255575051033462,159.85740588865502,False
2026-05-08T22:54:29.233,47.5,30.3,55.65,6.255575051033462,159.85740588865502,0.5297085600554743,-0.4568701483853248,544,0.2715649258073376,104.11454670671213,46.4,30.2,56.2,5.870852530365497,170.3330129359839,False
2026-05-08T22:54:29.978,46.4,30.2,56.2,5.870852530365497,170.3330129359839,-0.4752604632915389,0.4207993160729935,352,0.7103996580364967,405.941552732753,48.5,30.2,55.65,7.668640170057242,130.40121557725084,False
2026-05-08T22:54:31.159,48.5,30.2,55.65,7.668640170057242,130.40121557725084,0.5035686928089762,-0.835811549124009,544,0.0820942254379955,527.4788516052428,46.1,30.2,55.65,6.636040378321042,150.69227174488742,False
2026-05-08T22:54:32.104,46.1,30.2,55.65,6.636040378321042,150.69227174488742,-0.041825315687650466,0.10793762971871557,448,0.5539688148593578,579.7508655741768,50.0,30.2,55.1,7.027997953287099,142.2880323310688,False
2026-05-08T22:54:33.139,50.0,30.2,55.1,7.027997953287099,142.2880323310688,0.37587502075714685,-0.4653094644905633,512,0.26734526775471834,795.6433245094087,47.8,30.2,56.75,6.722762294571251,148.74837993417046,False
2026-05-08T22:54:34.346,47.8,30.2,56.75,6.722762294571251,148.74837993417046,0.4564962563600583,-0.5178066471371798,544,0.24109667643141008,832.2749118491979,46.7,30.2,55.1,6.115534523058185,163.51800422834205,False
2026-05-08T22:54:35.389,46.7,30.2,55.1,6.115534523058185,163.51800422834205,0.09412103195738242,0.6826311134796128,480,0.8413155567398064,720.6760031650806,50.5,30.1,56.2,6.402004223045489,156.201084091802,False
2026-05-08T22:54:37.170,50.5,30.1,56.2,6.402004223045489,156.201084091802,-0.011947777480620703,0.9258665362176222,448,0.9629332681088111,760.6060142160376,68.5,30.0,56.75,6.902920891288424,144.86621181795854,False
2026-05-08T22:54:39.226,68.5,30.0,56.75,6.902920891288424,144.86621181795854,0.6863329529315967,0.5299730767762483,576,0.7649865383881241,864.6276270550275,57.3,30.3,55.65,5.251872116747025,190.40829208525994,False
2026-05-08T22:54:40.106,57.3,30.3,55.65,5.251872116747025,190.40829208525994,-0.1781597958359813,-0.45455178810141295,416,0.2727241059492935,853.158663035393,48.5,30.3,56.2,6.511981319237497,153.5630940841047,False
2026-05-08T22:54:41.572,48.5,30.3,56.2,6.511981319237497,153.5630940841047,0.7993393775798971,0.03432277316084931,608,0.5171613865804247,822.5534752389957,45.4,30.2,55.1,5.5732652778147695,179.4280283015869,False
2026-05-08T22:54:43.391,45.4,30.2,55.1,5.5732652778147695,179.4280283015869,0.9688455651303631,0.8064106508317939,640,0.9032053254158969,835.4729962337608,47.5,30.2,56.75,4.807889909858919,207.99145129122635,False
2026-05-08T22:54:44.277,47.5,30.2,56.75,4.807889909858919,207.99145129122635,-0.23807108235641117,0.11452058733113368,416,0.5572602936655668,822.0966479850863,53.6,30.3,56.75,6.294680371362727,158.86430144244343,False
2026-05-08T22:54:44.980,53.6,30.3,56.75,6.294680371362727,158.86430144244343,-0.3417299617656704,-0.7828066217491612,384,0.10859668912541942,762.9335813749677,50.0,30.3,56.2,7.933248991693714,126.05176026203414,False
2026-05-08T22:54:45.500,50.0,30.3,56.2,7.933248991693714,126.05176026203414,-0.9717380913575879,-0.4677383381416449,256,0.26613083092917755,710.2163645274142,52.5,30.3,56.2,11.45059146060245,87.33173333802506,False
2026-05-08T22:54:46.333,52.5,30.3,56.2,11.45059146060245,87.33173333802506,-0.17250626932548907,-0.9708195720621733,416,0.014590213968913357,870.2388648873704,53.5,30.2,55.65,9.930907065207656,100.69573639485971,False
2026-05-08T22:54:47.213,53.5,30.2,55.65,9.930907065207656,100.69573639485971,-0.3754166348100805,0.45425219451691246,384,0.7271260972584562,832.0943313878819,53.7,30.2,58.4,9.498968177863874,105.2745920688914,False
2026-05-08T22:54:47.820,53.7,30.2,58.4,9.498968177863874,105.2745920688914,-0.647378045568574,-0.8784197847323889,320,0.060790107633805546,882.2425356810201,51.5,30.2,56.2,10.725334429984297,93.23718589178426,False
2026-05-08T22:54:48.881,51.5,30.2,56.2,10.725334429984297,93.23718589178426,-0.18164541809844348,0.6424003541813854,416,0.8212001770906927,748.2042361244294,54.6,30.2,57.85,9.573371858317788,104.4564041593301,False
2026-05-08T22:54:50.234,54.6,30.2,57.85,9.573371858317788,104.4564041593301,0.4835862026859965,0.8294936570854374,544,0.9147468285427187,800.093521042637,50.5,30.2,54.55,7.6168735819285045,131.28746187577025,False
2026-05-08T22:54:50.833,50.5,30.2,54.55,7.6168735819285045,131.28746187577025,-0.6363281376485046,-0.6911297572081325,320,0.15443512139593374,616.3687987082967,50.8,30.3,55.1,9.836513288714812,101.66203924588555,False
2026-05-08T22:54:52.354,50.8,30.3,55.1,9.836513288714812,101.66203924588555,0.7514395210800782,0.5061004689099011,608,0.7530502344549506,189.2928048609719,48.8,30.3,55.65,7.31779698802161,136.65314870539382,False
2026-05-08T22:54:53.533,48.8,30.3,55.65,7.31779698802161,136.65314870539382,0.47338769660324975,-0.3423935049239675,544,0.32880324753801626,295.6959344223927,47.3,30.3,55.1,6.458545218097097,154.83362990135313,False
2026-05-08T22:54:54.229,47.3,30.3,55.1,6.458545218097097,154.83362990135313,-0.45527536461809737,0.3406833839487673,352,0.6703416919743836,275.85472106650866,48.9,30.3,56.75,8.20120038102864,121.93336993853264,False
2026-05-08T22:54:55.595,48.9,30.3,56.75,8.20120038102864,121.93336993853264,0.6722543774484462,-0.7969895627470669,576,0.10150521862646655,528.5567503218862,45.9,30.1,54.55,6.554594558745275,152.5647377633418,False
2026-05-08T22:54:56.197,45.9,30.1,54.55,6.554594558745275,152.5647377633418,-0.6456512382642376,-0.37003262844082796,320,0.314983685779586,523.5399495857309,50.0,30.3,54.55,9.065735405398362,110.30544741075624,False
2026-05-08T22:54:57.595,50.0,30.3,54.55,9.065735405398362,110.30544741075624,0.7274471023856264,0.01687627657167412,576,0.5084381382858371,678.2905807972751,46.4,30.2,57.3,7.006338726186302,142.72789813351218,False
2026-05-08T22:54:58.781,46.4,30.2,57.3,7.006338726186302,142.72789813351218,0.1481579373178552,0.4891310984217232,480,0.7445655492108616,726.7073211146095,58.4,30.3,56.75,6.554424380804937,152.5686989277908,False
2026-05-08T22:55:00.793,58.4,30.3,56.75,6.554424380804937,152.5686989277908,0.8990500923223108,0.04188462066614207,608,0.520942310333071,837.0053860193766,58.2,30.5,55.65,5.018452996162185,199.26459424144068,False
2026-05-08T22:55:01.860,58.2,30.5,55.65,5.018452996162185,199.26459424144068,0.3859795159881192,-0.4822315776144921,512,0.25888421119275395,660.679711937652,48.2,30.6,56.2,5.52653723011897,180.945130442643,False
2026-05-08T22:55:02.902,48.2,30.6,56.2,5.52653723011897,180.945130442643,0.36161046706726196,-0.5790153997374798,512,0.21049230013126008,664.7883513528736,50.7,30.5,55.1,5.8913437350199835,169.7405625911264,False
2026-05-08T22:55:04.004,50.7,30.5,55.1,5.8913437350199835,169.7405625911264,0.3527245859331003,0.3909769134949457,512,0.6954884567474728,626.045459838644,47.7,30.4,57.85,6.087981538147764,164.25805395990815,False
2026-05-08T22:55:04.934,47.7,30.4,57.85,6.087981538147764,164.25805395990815,-0.21934890103354587,0.6492015616502946,416,0.8246007808251473,649.4879177332004,49.7,30.5,55.1,6.985579358455917,143.15204919825558,False
2026-05-08T22:55:06.210,49.7,30.5,55.1,6.985579358455917,143.15204919825558,0.42959956173143876,0.4587545547927987,544,0.7293772773963993,409.08755293386264,47.3,30.3,56.2,6.16843894923833,162.11557060534395,False
2026-05-08T22:55:07.612,47.3,30.3,56.2,6.16843894923833,162.11557060534395,0.6950567563064618,-0.5407587278855457,576,0.22962063605722716,511.8341901628714,46.7,30.0,56.75,5.441794846933805,183.7628995814594,False
2026-05-08T22:55:08.361,46.7,30.0,56.75,5.441794846933805,183.7628995814594,-0.8835559095676042,0.6165040735308425,288,0.8082520367654212,634.9904917630474,54.9,30.2,56.2,8.906092817958783,112.28268337643414,False
2026-05-08T22:55:09.301,54.9,30.2,56.2,8.906092817958783,112.28268337643414,-0.88827691281256,0.8910072284122588,288,0.9455036142061294,643.2717646787721,54.0,30.2,55.65,10.858805167550674,92.09116330664963,False
2026-05-08T22:55:10.394,54.0,30.2,55.65,10.858805167550674,92.09116330664963,0.3118085412836564,0.12561680442306478,512,0.5628084022115324,869.6268346208115,44.3,30.2,55.65,8.64822188036916,115.63070580669627,False
2026-05-08T22:55:11.020,44.3,30.2,55.65,8.64822188036916,115.63070580669627,-0.6760000958282495,-0.11280848628719742,320,0.4435957568564013,845.9480427025247,49.0,30.1,56.75,10.201186283385734,98.02781482665993,False
2026-05-08T22:55:12.083,49.0,30.1,56.75,10.201186283385734,98.02781482665993,0.0453647959554393,0.771437709258388,448,0.885718854629194,815.7735721568226,49.7,30.1,56.2,8.907276248189975,112.26776537925468,False
2026-05-08T22:55:12.724,49.7,30.1,56.2,8.907276248189975,112.26776537925468,-0.6538142093970842,0.07870833756438667,320,0.5393541687821933,792.8545813110288,51.3,30.1,58.4,10.442290726656871,95.76442814862642,False
2026-05-08T22:55:14.083,51.3,30.1,58.4,10.442290726656871,95.76442814862642,0.5914357964603802,-0.8156433090252369,576,0.09217834548738157,845.8081364734192,47.3,30.1,55.1,7.759474206445303,128.8747115325628,False
2026-05-08T22:55:14.666,47.3,30.1,55.1,7.759474206445303,128.8747115325628,-0.830248783921042,-0.3965939469954638,288,0.3017030265022681,724.3465887092381,50.5,30.2,56.75,10.3211046294886,96.88885404212292,False
2026-05-08T22:55:15.264,50.5,30.2,56.75,10.3211046294886,96.88885404212292,-0.6485590511890817,-0.8626239176414348,320,0.06868804117928262,631.9944548186768,51.3,30.2,55.65,11.26764781272536,88.74966777632405,False
2026-05-08T22:55:16.146,51.3,30.2,55.65,11.26764781272536,88.74966777632405,-0.17483886372568458,0.5085555679084177,416,0.7542777839542089,818.1698788184826,50.0,30.2,55.65,9.748292284733473,102.58206984274281,False
2026-05-08T22:55:17.335,50.0,30.2,55.65,9.748292284733473,102.58206984274281,0.28580040651550886,0.748124890849087,512,0.8740624454245435,874.804540948908,46.6,30.2,55.65,8.062463645023946,124.03156702817354,False
2026-05-08T22:55:18.468,46.6,30.2,55.65,8.062463645023946,124.03156702817354,-0.04600210817225725,0.830040458441734,448,0.915020229220867,786.6364895042625,53.3,30.1,56.75,7.867026590362919,127.11282827300936,False
2026-05-08T22:55:19.853,53.3,30.1,56.75,7.867026590362919,127.11282827300936,0.5837248755459108,0.3219720266158841,576,0.660986013307942,606.7718838481085,48.5,30.2,57.85,6.37127922826435,156.95435157884577,False
2026-05-08T22:55:21.699,48.5,30.2,57.85,6.37127922826435,156.95435157884577,0.4372042027924168,-0.6645555416920013,544,0.16772222915399937,642.0653461272248,59.7,30.3,55.65,5.061163845238384,197.58301263864723,False
2026-05-08T22:55:22.324,59.7,30.3,55.65,5.061163845238384,197.58301263864723,-0.6081116510451545,0.2612368470377009,320,0.6306184235188504,692.2735824895865,58.3,30.3,55.1,8.602874685793093,116.24021464027761,False
2026-05-08T22:55:23.058,58.3,30.3,55.1,8.602874685793093,116.24021464027761,-0.3246095855926354,0.3114889926439459,384,0.655744496321973,776.3461619294889,50.3,30.3,55.65,8.993799015879837,111.18771925349422,False
2026-05-08T22:55:23.926,50.3,30.3,55.65,8.993799015879837,111.18771925349422,0.048124550523058085,-0.5119511461106654,448,0.2440244269446673,870.0326886834886,51.3,30.3,58.4,8.361080063405891,119.60177302651607,False
2026-05-08T22:55:25.543,51.3,30.3,58.4,8.361080063405891,119.60177302651607,0.9789617886539417,0.2805420720876868,640,0.6402710360438434,817.4780668558574,47.0,30.2,56.2,6.305878229446819,158.5821932510937,False
2026-05-08T22:55:26.533,47.0,30.2,56.2,6.305878229446819,158.5821932510937,0.12742039349025847,-0.25272371781227565,480,0.3736381410938622,805.9597610182443,46.4,30.2,55.1,6.495599532596391,153.9503774796727,False
2026-05-08T22:55:27.930,46.4,30.2,55.1,6.495599532596391,153.9503774796727,0.5841104079108801,0.02041926967950447,576,0.5102096348397522,385.5539658610718,44.6,30.2,55.65,5.621929823783471,177.8748634978541,False
2026-05-08T22:55:29.147,44.6,30.2,55.65,5.621929823783471,177.8748634978541,0.4189517276385091,0.7139035378048353,544,0.8569517689024176,153.65502394257072,47.2,30.3,56.2,5.541583281903157,180.45384308590016,False
2026-05-08T22:55:29.588,47.2,30.3,56.2,5.541583281903157,180.45384308590016,-0.964525915454826,-0.09748134478399595,256,0.451259327608002,41.72609882180527,50.8,30.4,54.55,11.01278129480548,90.80358296697321,False
2026-05-08T22:55:30.648,50.8,30.4,54.55,11.01278129480548,90.80358296697321,0.17353107450585115,0.4779466604570557,480,0.7389733302285278,462.11660742103555,48.5,30.3,55.65,8.94578637709315,111.78447124119018,False
2026-05-08T22:55:31.792,48.5,30.3,55.65,8.94578637709315,111.78447124119018,0.3669195108766743,0.7216177247940079,512,0.8608088623970039,713.4797856630731,49.5,30.3,56.75,7.646919301049403,130.77161672972903,False
2026-05-08T22:55:32.508,49.5,30.3,56.75,7.646919301049403,130.77161672972903,-0.4535268248810871,-0.010913879681139438,352,0.4945430601594303,693.2285784656569,49.8,30.3,57.3,8.712983465050792,114.77124959678441,False
2026-05-08T22:55:33.114,49.8,30.3,57.3,8.712983465050792,114.77124959678441,-0.7194512086266944,0.10270507863182732,320,0.5513525393159137,796.2079392387875,53.3,30.3,57.3,10.467919189527134,95.5299694136417,False
2026-05-08T22:55:33.775,53.3,30.3,57.3,10.467919189527134,95.5299694136417,-0.5138413786327907,-0.7896459078599538,352,0.1051770460700231,631.2685760376979,52.5,30.3,57.3,10.548487796557035,94.80031823389834,False
2026-05-08T22:55:35.209,52.5,30.3,57.3,10.548487796557035,94.80031823389834,0.8329427298220176,-0.7560154590225361,608,0.12199227048873196,664.2368856834134,45.4,30.1,55.1,7.710187344751869,129.69853458628018,False
2026-05-08T22:55:35.915,45.4,30.1,55.1,7.710187344751869,129.69853458628018,-0.4617711426249542,-0.3017245520917087,352,0.34913772395414566,622.244801886327,51.0,30.2,56.75,8.792441841701686,113.73404772006548,False
2026-05-08T22:55:37.165,51.0,30.2,56.75,8.792441841701686,113.73404772006548,0.5792812614583607,-0.5326137814047422,544,0.23369310929762888,705.5008415386322,45.5,30.2,55.65,7.110688908013735,140.63334972691626,False
2026-05-08T22:55:38.222,45.5,30.2,55.65,7.110688908013735,140.63334972691626,0.25293100278956215,-0.3826244895688464,512,0.3086877552155768,572.1111374044175,47.0,30.3,55.65,6.7320978497525,148.54210712887428,False
2026-05-08T22:55:38.722,47.0,30.3,55.65,6.7320978497525,148.54210712887428,-0.9266385941858217,0.5028371991508325,256,0.7514185995754162,528.0577894284129,49.2,30.3,55.1,11.133807631039247,89.81653295429342,False
2026-05-08T22:55:39.654,49.2,30.3,55.1,11.133807631039247,89.81653295429342,-0.9001457909994348,0.9217066213896568,288,0.9608533106948284,521.6001890964114,53.1,30.3,56.2,11.395695520784962,87.7524323264051,False
2026-05-08T22:55:40.982,53.1,30.3,56.2,11.395695520784962,87.7524323264051,-0.24509903576592063,0.1751438135886152,416,0.5875719067943076,647.7537108459688,58.2,30.3,55.1,8.468700031694073,118.08187753226639,False
2026-05-08T22:55:41.588,58.2,30.3,55.1,8.468700031694073,118.08187753226639,-0.9921950725864892,0.3435399083926225,256,0.6717699541963112,473.9008341186202,56.3,30.5,56.75,10.370185503825477,96.43029043512367,False
2026-05-08T22:55:42.732,56.3,30.5,56.75,10.370185503825477,96.43029043512367,0.18608812116457352,0.4726843200834856,480,0.7363421600417428,659.1691072132475,47.2,30.5,55.1,8.565749033710512,116.74402274272795,False
2026-05-08T22:55:43.982,47.2,30.5,55.1,8.565749033710512,116.74402274272795,0.5298525802553911,-0.37979019895141786,544,0.31010490052429107,789.13192626736,47.5,30.4,55.65,7.036080644195472,142.12457909006005,False
2026-05-08T22:55:44.882,47.5,30.4,55.65,7.036080644195472,142.12457909006005,-0.02231527867854366,0.13515196626531623,448,0.5675759831326581,853.2233817870973,50.0,30.4,56.75,7.273736349523946,137.48092478846146,False
2026-05-08T22:55:46.026,50.0,30.4,56.75,7.273736349523946,137.48092478846146,0.3077004064811948,0.591521839509298,512,0.795760919754649,815.0689988954941,48.0,30.3,55.65,6.81926704626393,146.6433259198831,False
2026-05-08T22:55:46.763,48.0,30.3,55.65,6.81926704626393,146.6433259198831,-0.2921151001896771,-0.5555593270192589,384,0.22222033649037054,824.5121965939921,54.0,30.4,55.65,8.103803362908106,123.39884807386825,False
2026-05-08T22:55:47.623,54.0,30.4,55.65,8.103803362908106,123.39884807386825,-0.24887244205496972,-0.01744272232693933,416,0.49127863883653033,846.0857056743189,46.7,30.4,56.75,8.133601170902235,122.94677093062741,False
2026-05-08T22:55:48.235,46.7,30.4,56.75,8.133601170902235,122.94677093062741,-0.6234131980727236,-0.49095889514605706,320,0.25452055242697147,777.4149758978625,52.3,30.3,57.3,9.778877612958256,102.26122460872942,False
2026-05-08T22:55:49.165,52.3,30.3,57.3,9.778877612958256,102.26122460872942,-0.015197992746971423,0.30095148704960883,448,0.6504757435248044,841.4996600164263,46.4,30.3,56.75,8.798907313259404,113.65047549632241,False
2026-05-08T22:55:50.064,46.4,30.3,56.75,8.798907313259404,113.65047549632241,-0.12516331192127716,0.18913023004602625,416,0.5945651150230131,801.5008297963674,46.9,30.3,56.2,8.444365154428615,118.42216456918065,False
2026-05-08T22:55:51.062,46.9,30.3,56.2,8.444365154428615,118.42216456918065,-0.6018058079515964,0.8030530105569726,320,0.9015265052784863,732.3584243063874,55.4,30.3,55.65,9.77605044877997,102.29079782672336,False
2026-05-08T22:55:51.920,55.4,30.3,55.65,9.77605044877997,102.29079782672336,-0.21429311426445685,-0.35433188799919946,416,0.32283405600040027,862.7825870811514,53.5,30.3,56.75,8.961386833420924,111.58987091937192,False
2026-05-08T22:55:52.644,53.5,30.3,56.75,8.961386833420924,111.58987091937192,-0.25446097373209486,-0.9709221776439154,384,0.01453891117804229,876.0289291627912,51.4,30.3,54.0,9.335013385042545,107.12357430598824,False
2026-05-08T22:55:53.282,51.4,30.3,54.0,9.335013385042545,107.12357430598824,-0.9940886866856302,0.6926054224391687,256,0.8463027112195843,614.8101614528454,53.3,30.2,57.3,12.661231507789694,78.98125860701309,False
2026-05-08T22:55:54.782,53.3,30.2,57.3,12.661231507789694,78.98125860701309,0.7541878521874328,0.5368231710458389,608,0.7684115855229194,590.550838870715,43.9,30.1,56.2,8.800047054201816,113.63575601820487,False
2026-05-08T22:55:55.400,43.9,30.1,56.2,8.800047054201816,113.63575601820487,-0.7031472601557676,0.22246489693921534,320,0.6112324484696077,689.1551986727111,52.9,30.3,57.3,10.520299067083617,95.05433197510942,False
2026-05-08T22:55:56.032,52.9,30.3,57.3,10.520299067083617,95.05433197510942,-0.6455225986134172,0.044951471982281,320,0.5224757359911405,769.3877239385064,49.7,30.3,56.75,11.503877890381037,86.92720920100774,False
2026-05-08T22:55:57.150,49.7,30.3,56.75,11.503877890381037,86.92720920100774,0.32680557296757295,0.36131163645876585,512,0.6806558182293829,724.3465170054452,49.5,30.3,56.75,9.093030852599076,109.97433267414553,False
2026-05-08T22:55:58.755,49.5,30.3,56.75,9.093030852599076,109.97433267414553,0.956357248943924,-0.506724227599936,640,0.24663788620003202,369.10138219353036,48.0,30.3,55.1,6.678182310275014,149.74134480596697,False
2026-05-08T22:56:00.773,48.0,30.3,55.1,6.678182310275014,149.74134480596697,0.6617742989366215,-0.8512875060412279,576,0.07435624697938603,79.43476825670818,53.6,30.6,57.3,5.12907767451317,194.96682707089548,False
2026-05-08T22:56:01.772,53.6,30.6,57.3,5.12907767451317,194.96682707089548,0.20855976498828066,-0.3275736080105949,480,0.33621319599470256,37.85300011555329,48.5,30.5,56.75,5.797457149535687,172.48941634352383,False
2026-05-08T22:56:02.650,48.5,30.5,56.75,5.797457149535687,172.48941634352383,0.013283745175447281,-0.6589776892289365,448,0.17051115538553174,341.7124945669559,48.5,30.5,56.75,6.685551185313426,149.57629854016574,False
2026-05-08T22:56:03.876,48.5,30.5,56.75,6.685551185313426,149.57629854016574,0.5034524810760894,0.1650841836570256,544,0.5825420918285128,356.19092214522294,47.7,30.4,54.0,6.101401642718415,163.8967664411059,False
2026-05-08T22:56:05.213,47.7,30.4,54.0,6.101401642718415,163.8967664411059,0.508730845244755,0.6110414744238846,544,0.8055207372119423,718.224688498525,49.0,30.4,57.3,5.740890114852031,174.18901598777154,False
2026-05-08T22:56:06.428,49.0,30.4,57.3,5.740890114852031,174.18901598777154,0.46433978017318145,-0.0941853795932075,544,0.45290731020339625,778.652314274736,50.7,30.6,57.3,5.561065092664618,179.82166785263144,False
2026-05-08T22:56:07.165,50.7,30.6,57.3,5.561065092664618,179.82166785263144,-0.33401494400202436,-0.9675193223262435,384,0.016240338836878254,804.0571126370811,53.1,30.6,56.2,7.431905490022178,134.55499418588755,False
2026-05-08T22:56:08.059,53.1,30.6,56.2,7.431905490022178,134.55499418588755,-0.0932637653992403,-0.32028891251538094,416,0.33985554374230953,780.9638415209138,51.0,30.6,56.2,7.611325438442497,131.38316159092386,False
2026-05-08T22:56:09.086,51.0,30.6,56.2,7.611325438442497,131.38316159092386,-0.10814970880355257,0.6914132884353716,416,0.8457066442176858,685.111658688949,48.3,30.5,56.75,7.695665628574951,129.94327563906586,False
2026-05-08T22:56:09.644,48.3,30.5,56.75,7.695665628574951,129.94327563906586,-0.7570620909387171,-0.7098631653555176,288,0.14506841732224118,713.2766510644502,53.5,30.5,55.65,10.180674271988345,98.22532116084432,False
2026-05-08T22:56:10.838,53.5,30.5,55.65,10.180674271988345,98.22532116084432,0.46886333518059153,-0.5331104361688004,544,0.2334447819155998,585.335696128922,47.7,30.3,56.2,7.969227839001464,125.4826716217087,False
2026-05-08T22:56:11.875,47.7,30.3,56.2,7.969227839001464,125.4826716217087,0.26808105496477963,-0.037151030240131666,512,0.48142448487993417,127.17957021939498,46.7,30.3,55.65,7.19364359617929,139.01161304837552,False
2026-05-08T22:56:12.541,46.7,30.3,55.65,7.19364359617929,139.01161304837552,-0.4828682633099983,-0.7772050955720002,352,0.11139745221399988,311.7962359776955,51.8,30.4,56.75,8.693617695652074,115.02691227153093,False
2026-05-08T22:56:14.033,51.8,30.4,56.75,8.693617695652074,115.02691227153093,0.8831690768034031,0.20814231020463603,608,0.604071155102318,657.3627528022436,47.5,30.3,56.2,6.730195485835446,148.58409419230503,False
2026-05-08T22:56:15.051,47.5,30.3,56.2,6.730195485835446,148.58409419230503,0.22118494710925662,-0.777653137992673,480,0.1111734310036635,691.1549986474876,46.9,30.4,56.2,6.663291663516242,150.07597603378755,False
2026-05-08T22:56:16.505,46.9,30.4,56.2,6.663291663516242,150.07597603378755,0.8401387973532144,-0.023930172261222404,608,0.4880349138693888,787.3393950855359,46.2,30.3,57.3,5.638736018777666,177.34470928766308,False
2026-05-08T22:56:17.769,46.2,30.3,57.3,5.638736018777666,177.34470928766308,0.5626544534938822,0.44548469471428165,544,0.7227423473571408,707.9231683330215,47.0,30.3,55.65,5.485587998081305,182.295863333114,False
2026-05-08T22:56:18.294,47.0,30.3,55.65,5.485587998081305,182.295863333114,-0.9242013795843218,0.17316803180843965,256,0.5865840159042198,690.1595168622055,51.0,30.4,55.65,10.027090847342196,99.72982345772427,False
2026-05-08T22:56:19.734,51.0,30.4,55.65,10.027090847342196,99.72982345772427,0.9026610779438824,-0.1969163606895381,608,0.40154181965523095,713.7670836370754,45.5,30.3,55.65,7.4199467388892675,134.77185688662982,False
2026-05-08T22:56:20.372,45.5,30.3,55.65,7.4199467388892675,134.77185688662982,-0.7008867340071849,-0.2655937716801906,320,0.3672031141599047,505.24858564919094,51.2,30.4,56.75,9.550778607133994,104.7035054558846,False
2026-05-08T22:56:21.845,51.2,30.4,56.75,9.550778607133994,104.7035054558846,0.05348647464201095,-0.14398757638761794,448,0.42800621180619103,543.563436832033,62.7,30.5,56.2,7.2966001824837,137.05012951108534,False
2026-05-08T22:56:23.212,62.7,30.5,56.2,7.2966001824837,137.05012951108534,0.5571450756874115,-0.24881578703241747,544,0.37559210648379127,715.5538182135286,48.8,30.2,55.65,6.220257385064798,160.76505168436574,False
2026-05-08T22:56:23.810,48.8,30.2,55.65,6.220257385064798,160.76505168436574,-0.7153702121134442,-0.8566504851420698,320,0.07167475742896512,829.1955096961606,52.5,30.2,55.65,8.884888055052947,112.55065835424763,False
2026-05-08T22:56:24.717,52.5,30.2,55.65,8.884888055052947,112.55065835424763,-0.006065772676257186,0.09814496449139587,448,0.5490724822456979,856.9326481977957,47.5,30.2,56.75,8.31904423249233,120.20611647840785,False
2026-05-08T22:56:26.109,47.5,30.2,56.75,8.31904423249233,120.20611647840785,0.6957115205958593,-0.8056540841339841,576,0.09717295793300795,852.1604629021216,46.0,30.1,57.3,6.604968887758205,151.40116736256275,False
2026-05-08T22:56:26.779,46.0,30.1,57.3,6.604968887758205,151.40116736256275,-0.6140635689429448,-0.2517546063330882,320,0.3741226968334559,771.6596626250794,54.4,30.1,56.2,8.820056226404079,113.37796203683592,False
2026-05-08T22:56:27.498,54.4,30.1,56.2,8.820056226404079,113.37796203683592,-0.5827508556977978,-0.18823911886808742,352,0.4058804405659563,816.8776703259426,51.5,30.1,54.55,9.436849576165994,105.96756808815006,False
2026-05-08T22:56:28.707,51.5,30.1,54.55,9.436849576165994,105.96756808815006,0.5775309073569781,-0.6978472673799414,544,0.1510763663100293,852.8980660388986,45.6,30.1,55.65,7.5548640438352095,132.36505570421255,False
2026-05-08T22:56:29.426,45.6,30.1,55.65,7.5548640438352095,132.36505570421255,-0.526456975121141,-0.9480773776364921,352,0.025961311181753932,814.824941006174,50.0,30.1,56.2,8.768073081266474,114.0501442827343,False
2026-05-08T22:56:30.266,50.0,30.1,56.2,8.768073081266474,114.0501442827343,-0.12070045690349751,-0.4382519232772344,416,0.2808740383613828,829.3980385046208,49.0,30.1,57.3,8.502496158751534,117.61252005632606,False
2026-05-08T22:56:31.675,49.0,30.1,57.3,8.502496158751534,117.61252005632606,0.6603459616381595,-0.6245175067050466,576,0.1877412466474767,841.6606127676051,45.7,30.2,56.2,6.694331926168865,149.38010409834806,False
2026-05-08T22:56:32.411,45.7,30.2,56.2,6.694331926168865,149.38010409834806,-0.5202637658065894,-0.8412177934702176,352,0.07939110326489118,860.575251966447,50.3,30.3,55.1,8.192935821138331,122.0563692711875,False
2026-05-08T22:56:33.352,50.3,30.3,55.1,8.192935821138331,122.0563692711875,-0.5767712261941629,0.894256915059735,352,0.9471284575298675,764.6390468857851,52.8,30.2,55.1,9.090383531072842,110.00635964167957,False
2026-05-08T22:56:34.396,52.8,30.2,55.1,9.090383531072842,110.00635964167957,0.39513575013435576,-0.47925083555044057,512,0.2603745822247797,871.1744942170812,46.5,30.2,56.75,7.804832054095903,128.12575505391038,False
2026-05-08T22:56:35.614,46.5,30.2,56.75,7.804832054095903,128.12575505391038,0.5407555643850259,-0.495466923075347,544,0.2522665384623265,812.4959835190209,45.4,30.0,55.65,6.673430386616154,149.84797054383637,False
2026-05-08T22:56:36.266,45.4,30.0,55.65,6.673430386616154,149.84797054383637,-0.5892114552263299,0.015732855717868865,320,0.5078664278589344,678.954677484138,55.2,30.1,55.1,8.787364826177855,113.79975906098338,False
2026-05-08T22:56:37.029,55.2,30.1,55.1,8.787364826177855,113.79975906098338,-0.28063459884069397,-0.13497449561233799,384,0.432512752193831,766.6482855124635,50.0,30.1,55.1,9.034217541585036,110.69027233370693,False
2026-05-08T22:56:37.812,50.0,30.1,55.1,9.034217541585036,110.69027233370693,-0.3906339364418694,0.11841004116734144,384,0.5592050205836707,896.6508999626417,51.5,30.1,55.1,9.017596360890714,110.89429599410734,False
2026-05-08T22:56:38.842,51.5,30.1,55.1,9.017596360890714,110.89429599410734,0.16616569350199373,-0.6424715301739952,480,0.17876423491300242,861.4675004144219,45.7,30.1,54.55,7.817739082395187,127.91422039805676,False
2026-05-08T22:56:39.971,45.7,30.1,54.55,7.817739082395187,127.91422039805676,-0.15642728392418048,0.9115671085597303,416,0.9557835542798652,862.4853695158761,50.3,30.1,56.2,7.758749021162345,128.88675703679215,False
2026-05-08T22:56:40.827,50.3,30.1,56.2,7.758749021162345,128.88675703679215,-0.9873334882193032,0.20855203296145075,256,0.6042760164807254,391.08345679862265,67.3,30.3,55.65,9.185443432999321,108.86790684567639,False
2026-05-08T22:56:43.923,67.3,30.3,55.65,9.185443432999321,108.86790684567639,0.9787871949431539,0.965866119832266,640,0.982933059916133,605.0337408522463,55.9,30.7,55.65,6.709652596468215,149.0390129179525,False
2026-05-08T22:56:44.503,55.9,30.7,55.65,6.709652596468215,149.0390129179525,-0.8768165390420208,-0.6121234141068779,288,0.19393829294656106,662.6263854907354,49.5,30.7,57.3,9.659240687247097,103.52780641653128,False
2026-05-08T22:56:45.869,49.5,30.7,57.3,9.659240687247097,103.52780641653128,0.6505109859969633,-0.024432793039742995,576,0.4877836034801285,562.4494395918771,46.2,30.5,58.4,7.331106557753305,136.40505592466255,False
2026-05-08T22:56:47.426,46.2,30.5,58.4,7.331106557753305,136.40505592466255,-0.4673848537820613,0.9384624321711168,352,0.9692312160855584,726.4654737346547,60.9,30.4,56.75,8.611604011282303,116.12238541041508,False
2026-05-08T22:56:48.861,60.9,30.4,56.75,8.611604011282303,116.12238541041508,0.8514225546917813,-0.9033487375286617,608,0.04832563123566913,907.9661025698866,44.9,30.3,56.2,6.673191047903367,149.85334494719547,False
2026-05-08T22:56:49.550,44.9,30.3,56.2,6.673191047903367,149.85334494719547,-0.9079944423501227,0.4544479275299864,288,0.7272239637649932,837.3184441425466,49.7,30.3,57.3,9.070678973526269,110.24533035714363,False
2026-05-08T22:56:50.910,49.7,30.3,57.3,9.070678973526269,110.24533035714363,0.634453679347764,-0.7460923599823237,576,0.12695382000883815,862.9381875493968,46.0,30.4,56.75,7.028677631125696,142.27427298295973,False
2026-05-08T22:56:51.516,46.0,30.4,56.75,7.028677631125696,142.27427298295973,-0.8747153435428954,-0.5323452120449088,288,0.2338273939775456,605.054933669194,50.5,30.5,55.1,9.712742518206538,102.95753214146261,False
2026-05-08T22:56:53.105,50.5,30.5,55.1,9.712742518206538,102.95753214146261,0.7500209582851871,0.6715153143670998,608,0.8357576571835499,585.7915979875811,50.0,30.4,56.75,7.2379124017057475,138.16138473357753,False
2026-05-08T22:56:54.705,50.0,30.4,56.75,7.2379124017057475,138.16138473357753,0.9692809458588332,-0.3215147674087022,640,0.3392426162956489,786.5242231551589,47.5,30.5,55.65,5.705607886752898,175.26616266809515,False
2026-05-08T22:56:55.373,47.5,30.5,55.65,5.705607886752898,175.26616266809515,-0.8556607165049783,0.48511484093850465,288,0.7425574204692523,730.051155422233,50.5,30.6,57.85,8.887050492844075,112.52327201304956,False
2026-05-08T22:56:56.382,50.5,30.6,57.85,8.887050492844075,112.52327201304956,0.14715935536370406,-0.6592784141706363,480,0.17036079291468187,805.012747994829,44.7,30.6,56.2,7.7921453612720155,128.3343615443997,False
2026-05-08T22:56:58.065,44.7,30.6,56.2,7.7921453612720155,128.3343615443997,0.9773267738771174,0.4324738579475078,640,0.7162369289737539,344.4651555562933,46.2,30.6,55.1,5.993420698865864,166.84962565521724,False
2026-05-08T22:56:58.916,46.2,30.6,55.1,5.993420698865864,166.84962565521724,-0.1445234027687834,-0.6214492709949351,416,0.18927536450253246,288.60473918913766,49.7,30.6,57.3,6.858089908404681,145.81319483351868,False
2026-05-08T22:56:59.943,49.7,30.6,57.3,6.858089908404681,145.81319483351868,0.09599818466826471,-0.7804453185682476,480,0.10977734071587619,363.6384070622808,47.8,30.6,56.2,6.589616922712454,151.75388975242197,False
2026-05-08T22:57:00.911,47.8,30.6,56.2,6.589616922712454,151.75388975242197,-0.31134507104540043,0.7775951929866252,384,0.8887975964933126,662.9965761269467,54.8,30.6,55.65,7.732618688998418,129.3222956180097,False
2026-05-08T22:57:01.699,54.8,30.6,55.65,7.732618688998418,129.3222956180097,-0.5253840243450889,0.66896731666127,352,0.834483658330635,669.5164834056432,48.3,30.5,57.3,8.823979566603077,113.32755163948832,False
2026-05-08T22:57:03.184,48.3,30.5,57.3,8.823979566603077,113.32755163948832,0.8112367243813239,-0.17226617546001322,608,0.4138669122699934,680.3741735704266,44.3,30.4,57.85,6.7244851304167925,148.7102700958785,False
2026-05-08T22:57:03.883,44.3,30.4,57.85,6.7244851304167925,148.7102700958785,-0.2528515381771166,-0.6945012731512179,384,0.15274936342439105,476.27366017245555,54.0,30.5,56.2,8.212497231951303,121.76564225914488,False
2026-05-08T22:57:04.763,54.0,30.5,56.2,8.212497231951303,121.76564225914488,-0.758490467124979,0.5164920849867598,288,0.7582460424933799,523.1011787637173,59.8,30.6,55.1,8.300284617314292,120.47779637748955,False
2026-05-08T22:57:05.632,59.8,30.6,55.1,8.300284617314292,120.47779637748955,-0.6009828468544356,0.3989810342886819,320,0.699490517144341,681.4781896527195,60.0,30.6,56.75,8.296767800550924,120.52886425646355,False
2026-05-08T22:57:06.763,60.0,30.6,56.75,8.296767800550924,120.52886425646355,0.09102517986706204,0.6944214735779985,480,0.8472107367889993,463.0076710962621,46.7,30.6,56.2,7.3336503884397395,136.35774096571757,False
2026-05-08T22:57:07.614,46.7,30.6,56.2,7.3336503884397395,136.35774096571757,-0.17177531849897965,-0.31882388242284,416,0.34058805878858,427.59608233892203,51.3,30.6,56.75,7.701146578823008,129.85079426352556,False
2026-05-08T22:57:08.158,51.3,30.6,56.75,7.701146578823008,129.85079426352556,-0.8115733764297546,-0.6196325889490801,288,0.19018370552545993,287.5335445667005,50.0,30.6,57.3,10.461088871630874,95.59234342343379,False
2026-05-08T22:57:09.624,50.0,30.6,57.3,10.461088871630874,95.59234342343379,0.8819011742552043,0.44558337966820294,608,0.7227916898341015,742.9016583670932,46.5,30.4,55.65,7.6615882294801905,130.52124051149198,False
2026-05-08T22:57:10.212,46.5,30.4,55.65,7.6615882294801905,130.52124051149198,-0.7672858743373863,-0.47874883212440844,288,0.2606255839377958,736.2685380861753,50.8,30.4,57.3,9.937802227425776,100.62587050084952,False
2026-05-08T22:57:11.086,50.8,30.4,57.3,9.937802227425776,100.62587050084952,-0.02371289226081541,0.2107954299256285,448,0.6053977149628142,742.7756368499552,51.5,30.4,56.75,8.938709646682934,111.87297043159803,False
2026-05-08T22:57:12.637,51.5,30.4,56.75,8.938709646682934,111.87297043159803,0.8544631865521595,0.5871000887703557,608,0.7935500443851778,696.8762701256977,49.0,30.4,55.65,6.84463697676841,146.0997863574256,False
2026-05-08T22:57:13.375,49.0,30.4,55.65,6.84463697676841,146.0997863574256,-0.2685255378684046,-0.7478797883272512,384,0.1260601058363744,774.5149941816208,52.0,30.4,55.65,8.143092679312163,122.80346538859101,False
2026-05-08T22:57:14.602,52.0,30.4,55.65,8.143092679312163,122.80346538859101,-0.566674150100904,0.9304999086505159,352,0.965249954325258,822.081991460527,53.5,30.4,55.1,9.283648523163485,107.71627097955246,False
2026-05-08T22:57:15.442,53.5,30.4,55.1,9.283648523163485,107.71627097955246,-0.18973250113359463,-0.9222913931707946,416,0.03885430341460272,761.9638315218049,49.5,30.3,55.1,8.775693563631814,113.95110742519488,False
2026-05-08T22:57:16.116,49.5,30.3,55.1,8.775693563631814,113.95110742519488,-0.5032053762967668,-0.7831147584341402,352,0.10844262078292988,730.0313105317695,54.1,30.3,56.2,9.509501123989235,105.15798746554016,False
2026-05-08T22:57:17.027,54.1,30.3,56.2,9.509501123989235,105.15798746554016,-0.17135600543812712,0.5986783168979781,416,0.7993391584489891,765.1302277814084,50.8,30.3,55.65,8.819525272787653,113.38478762405344,False
2026-05-08T22:57:18.261,50.8,30.3,55.65,8.819525272787653,113.38478762405344,0.5532383176145013,0.24155758216647016,544,0.6207787910832351,777.213542053511,45.5,30.1,57.3,7.202693124109172,138.8369576169719,False
2026-05-08T22:57:19.398,45.5,30.1,57.3,7.202693124109172,138.8369576169719,0.054472957591896964,0.8177180435126279,448,0.908859021756314,869.7367851010549,51.0,30.2,56.2,7.455686827487379,134.1258053266445,False
2026-05-08T22:57:20.029,51.0,30.2,56.2,7.455686827487379,134.1258053266445,-0.6072402401923658,0.2373859351375014,320,0.6186929675687507,508.58893382823555,52.2,30.2,55.65,9.499396914853659,105.26984070287217,False
2026-05-08T22:57:20.508,52.2,30.2,55.65,9.499396914853659,105.26984070287217,-0.9800144893688509,0.04853428145333116,256,0.5242671407266656,195.57827129041215,54.5,30.2,56.2,12.966574393252893,77.12137143333294,False
2026-05-08T22:57:21.770,54.5,30.2,56.2,12.966574393252893,77.12137143333294,0.43440989780510075,0.08070677885697641,544,0.5403533894284882,730.6749517869275,48.2,30.2,56.75,9.382419732234863,106.58231336254694,False
2026-05-08T22:57:22.827,48.2,30.2,56.75,9.382419732234863,106.58231336254694,0.19988386011725123,-0.40815027655887426,480,0.29592486172056287,787.0264326498284,46.3,30.3,56.2,7.966170387389431,125.53083242896929,False
2026-05-08T22:57:23.913,46.3,30.3,56.2,7.966170387389431,125.53083242896929,-0.4748240195710345,-0.5595242059606571,352,0.22023789701967145,790.4961910055306,58.7,30.3,57.3,7.432846889386267,134.5379522653628,False
2026-05-08T22:57:25.782,58.7,30.3,57.3,7.432846889386267,134.5379522653628,0.6556050080314404,0.8583884056992921,576,0.929194202849646,636.3932619963728,47.2,30.2,58.4,5.904441999544801,169.364014427967,False
2026-05-08T22:57:27.146,47.2,30.2,58.4,5.904441999544801,169.364014427967,0.49553335004241594,0.5042986100735167,544,0.7521493050367584,681.4049322037115,47.5,30.2,56.75,5.562745774329225,179.76733803201412,False
2026-05-08T22:57:27.840,47.5,30.2,56.75,5.562745774329225,179.76733803201412,-0.5226899315255384,-0.2138743827360381,352,0.39306280863198095,719.520813316399,50.2,30.3,55.1,7.734612922187715,129.2889521505819,False
2026-05-08T22:57:28.679,50.2,30.3,55.1,7.734612922187715,129.2889521505819,-0.1858125320540851,-0.47623697413853017,416,0.2618815129307349,745.4670531248656,52.2,30.3,56.75,7.89689423296813,126.63206198522677,False
2026-05-08T22:57:29.238,52.2,30.3,56.75,7.89689423296813,126.63206198522677,-0.965378986518489,0.3921805275264947,256,0.6960902637632473,686.780818791684,51.0,30.2,56.75,11.615769174731856,86.08986498933976,False
2026-05-08T22:57:30.121,51.0,30.2,56.75,11.615769174731856,86.08986498933976,-0.1380858760048287,0.5275648107186217,416,0.7637824053593109,701.8921664796095,51.0,30.2,56.2,9.94541901638437,100.54880526929746,False
2026-05-08T22:57:30.762,51.0,30.2,56.2,9.94541901638437,100.54880526929746,-0.8290978061565215,0.6957538747382599,288,0.84787693736913,559.3695050494446,52.3,30.2,55.65,11.380250974368595,87.8715242969835,False
2026-05-08T22:57:31.779,52.3,30.2,55.65,11.380250974368595,87.8715242969835,0.1729022851205395,0.10008017826473026,480,0.5500400891323651,740.6933804340309,47.7,30.2,56.75,9.140127079558122,109.40766920369174,False
2026-05-08T22:57:32.342,47.7,30.2,56.75,9.140127079558122,109.40766920369174,-0.7637595707298799,-0.08392501199699764,288,0.4580374940015012,486.88172119688187,52.3,30.2,56.75,10.962398590319228,91.22091226304148,False
2026-05-08T22:57:33.270,52.3,30.2,56.75,10.962398590319228,91.22091226304148,0.07527561558591622,0.3606247822480546,448,0.6803123911240273,332.0170906037274,49.3,30.2,54.0,9.452043553236456,105.79722727341772,False
2026-05-08T22:57:33.742,49.3,30.2,54.0,9.452043553236456,105.79722727341772,-0.9372533901644049,-0.7466275922302181,256,0.12668620388489094,346.4444368591251,50.8,30.1,55.65,12.58552574931062,79.4563548570687,False
2026-05-08T22:57:34.645,50.8,30.1,55.65,12.58552574931062,79.4563548570687,0.04006162570347893,0.2876900193604479,448,0.643845009680224,663.427655801333,51.2,30.1,55.65,10.225242151869448,97.79719493656913,False
2026-05-08T22:57:35.566,51.2,30.1,55.65,10.225242151869448,97.79719493656913,-0.41365077724930255,0.7815776919328252,384,0.8907888459664126,617.1238081506276,55.7,30.1,55.65,9.822632768338266,101.8056995089285,False
2026-05-08T22:57:36.958,55.7,30.1,55.65,9.822632768338266,101.8056995089285,0.6642662080504336,-0.541330662638406,576,0.229334668680797,845.1645550123925,45.5,30.0,56.75,7.379015685073162,135.5194300539131,False
2026-05-08T22:57:38.353,45.5,30.0,56.75,7.379015685073162,135.5194300539131,0.6046007935836504,-0.5343503924712156,576,0.23282480376439219,799.9177510316949,47.2,30.1,55.65,6.105228066983048,163.7940448790079,False
2026-05-08T22:57:39.777,47.2,30.1,55.65,6.105228066983048,163.7940448790079,0.90429655029133,0.027853220721655303,608,0.5139266103608277,517.0586741961246,46.5,30.1,55.65,5.349644290538071,186.92831629360902,False
2026-05-08T22:57:40.657,46.5,30.1,55.65,5.349644290538071,186.92831629360902,-0.17618502109982326,-0.9075139167886346,416,0.04624304160568271,664.5163706342879,49.2,30.2,54.55,6.541648201664404,152.8666735312315,False
2026-05-08T22:57:42.114,49.2,30.2,54.55,6.541648201664404,152.8666735312315,0.8024553491889137,-0.18553914021491202,608,0.407230429892544,818.0600339202254,47.8,30.2,54.55,5.544144775752197,180.3704701893045,False
2026-05-08T22:57:42.744,47.8,30.2,54.55,5.544144775752197,180.3704701893045,-0.8266361085011726,0.36354759390963465,288,0.6817737969548173,814.8108578462874,51.3,30.3,55.65,8.948232531143324,111.7539130235621,False
2026-05-08T22:57:44.481,51.3,30.3,55.65,8.948232531143324,111.7539130235621,0.444767566277243,0.017608982917894034,544,0.508804491458947,863.1415664951608,63.5,30.5,56.75,6.567676174568104,152.26085656785003,False
2026-05-08T22:57:46.126,63.5,30.5,56.75,6.567676174568104,152.26085656785003,0.9727691542205068,-0.205338545393573,640,0.3973307273032135,884.7413269855257,47.3,30.5,57.3,5.33361889431578,187.48996128421064,False
2026-05-08T22:57:46.874,47.3,30.5,57.3,5.33361889431578,187.48996128421064,-0.26867263476646697,-0.3040885546225842,384,0.3479557226887079,814.6294732787368,50.0,30.5,56.75,7.211405432191188,138.66922466126684,False
2026-05-08T22:57:47.343,50.0,30.5,56.75,7.211405432191188,138.66922466126684,-0.9960949955574241,-0.9288754402626824,256,0.035562279868658786,737.976666333803,50.0,30.5,55.1,11.415398803748886,87.6009692864689,False
2026-05-08T22:57:48.803,50.0,30.5,55.1,11.415398803748886,87.6009692864689,0.678117822599857,-0.013212123858476144,576,0.49339393807076193,838.996579746828,46.1,30.6,56.75,8.215116400779229,121.72682056034495,False
2026-05-08T22:57:49.613,46.1,30.6,56.75,8.215116400779229,121.72682056034495,-0.8584426994418279,0.6346591228633185,288,0.8173295614316592,765.7504317920994,52.8,30.6,55.1,9.83131362783572,101.71580704827352,False
2026-05-08T22:57:51.559,52.8,30.6,55.1,9.83131362783572,101.71580704827352,-0.5182230466977207,0.9517164607211688,352,0.9758582303605844,740.5400946160706,57.8,30.4,55.1,9.942085374721596,100.58251989492723,False
2026-05-08T22:57:52.834,57.8,30.4,55.1,9.942085374721596,100.58251989492723,0.5525949092571729,0.21650758367479805,544,0.608253791837399,643.2253552302949,46.5,30.4,56.2,7.732722669554781,129.32055664393508,False
2026-05-08T22:57:54.261,46.5,30.4,56.2,7.732722669554781,129.32055664393508,0.8512189049141796,-0.5853937160581717,608,0.20730314197091415,702.4822394506026,45.7,30.3,56.2,6.2205176125602035,160.75832628153688,False
2026-05-08T22:57:55.776,45.7,30.3,56.2,6.2205176125602035,160.75832628153688,0.5112357818027014,0.9149341736395122,544,0.9574670868197561,610.3638842219648,52.4,30.4,55.65,5.846807665048412,171.0335036293211,False
2026-05-08T22:57:56.880,52.4,30.4,55.65,5.846807665048412,171.0335036293211,0.1140375954097479,0.15227590150829617,480,0.5761379507541481,661.935600445838,49.8,30.5,56.75,6.047895012249576,165.34678561294004,False
2026-05-08T22:57:58.112,49.8,30.5,56.75,6.047895012249576,165.34678561294004,0.4737703396362565,-0.10865247634034092,544,0.44567376182982954,708.7654651747727,47.3,30.4,56.2,5.694415971702926,175.61063416674634,False
2026-05-08T22:57:59.044,47.3,30.4,56.2,5.694415971702926,175.61063416674634,-0.17473215407152742,0.7188229940388109,416,0.8594114970194054,601.388801112324,51.0,30.6,56.2,6.817097451558436,146.68999630794377,False
2026-05-08T22:57:59.781,51.0,30.6,56.2,6.817097451558436,146.68999630794377,-0.3849989218327585,0.5122781903214915,384,0.7561390951607457,493.52010534429365,50.2,30.5,56.2,8.28083030385906,120.76083717522584,False
2026-05-08T22:58:00.692,50.2,30.5,56.2,8.28083030385906,120.76083717522584,-0.02326204999824122,0.26647034542053527,448,0.6332351727102676,795.317079159965,49.2,30.5,55.65,7.879200617309132,126.91642827359756,False
2026-05-08T22:58:01.359,49.2,30.5,55.65,7.879200617309132,126.91642827359756,-0.6472996022748179,0.04005287365940324,320,0.5200264368297016,845.3024531463996,46.9,30.4,55.65,9.245430546600906,108.16153936364286,False
2026-05-08T22:58:02.604,46.9,30.4,55.65,9.245430546600906,108.16153936364286,0.5252806143730724,-0.535496452843516,544,0.232251773578242,878.4542014853175,46.8,30.4,57.3,7.4073679720011025,135.00071871410617,False
2026-05-08T22:58:03.986,46.8,30.4,57.3,7.4073679720011025,135.00071871410617,0.6241000348937182,-0.7369677980306197,576,0.13151610098469013,795.9968196526976,45.7,30.2,54.55,6.128159993400287,163.18111816221324,False
2026-05-08T22:58:04.549,45.7,30.2,54.55,6.128159993400287,163.18111816221324,-0.8294610358835364,-0.5568626142616453,288,0.22156869286917735,762.5474797422961,50.8,30.3,56.2,9.456096779690526,105.75187874004897,False
2026-05-08T22:58:05.148,50.8,30.3,56.2,9.456096779690526,105.75187874004897,-0.798235640136977,-0.9319006760980533,288,0.034049661950973364,770.5664628252748,52.0,30.3,55.65,10.764669895193332,92.89648542279244,False
2026-05-08T22:58:07.045,52.0,30.3,55.65,10.764669895193332,92.89648542279244,0.47442809767649274,-0.15766133673403138,544,0.4211693316329843,881.720570532656,60.9,30.4,56.75,7.411739144702157,134.92110022717014,False
2026-05-08T22:58:08.083,60.9,30.4,56.75,7.411739144702157,134.92110022717014,0.0732279348946383,0.605638379549386,448,0.802819189774693,839.176677836414,49.5,30.5,57.3,7.3885811151175185,135.3439834278783,False
2026-05-08T22:58:09.252,49.5,30.5,57.3,7.3885811151175185,135.3439834278783,0.33341474739522736,0.6481100420475061,512,0.824055021023753,808.9929708955834,47.0,30.4,56.75,6.789403662284662,147.28834073528867,False
2026-05-08T22:58:10.730,47.0,30.4,56.75,6.789403662284662,147.28834073528867,0.826758898361025,-0.08015007820914732,608,0.45992496089542634,829.9038498152419,47.5,30.4,55.65,5.70912301115875,175.15825075855832,False
2026-05-08T22:58:11.385,47.5,30.4,55.65,5.70912301115875,175.15825075855832,-0.6820881796915359,0.49806871738180014,320,0.7490343586909001,705.5717678419838,52.2,30.4,55.1,8.84093235174864,113.11024224749451,False
2026-05-08T22:58:13.082,52.2,30.4,55.1,8.84093235174864,113.11024224749451,0.9940338277972738,0.2094897489694898,640,0.6047448744847449,849.2615805780608,45.8,30.5,56.75,6.527038319457792,153.2088446637266,False
2026-05-08T22:58:13.831,45.8,30.5,56.75,6.527038319457792,153.2088446637266,-0.7773345590544631,0.6324807235259058,288,0.8162403617629529,732.1038454106856,50.0,30.8,57.3,8.923654409697612,112.0617130705184,False
2026-05-08T22:58:14.513,50.0,30.8,57.3,8.923654409697612,112.0617130705184,-0.6743279976375773,0.6835683900383185,320,0.8417841950191592,882.1962878659724,51.8,30.8,56.2,10.460416096768816,95.59849156563632,False
2026-05-08T22:58:15.409,51.8,30.8,56.2,10.460416096768816,95.59849156563632,-0.0747794748524182,-0.3306617416720512,448,0.3346691291639744,878.8456003707014,48.0,30.8,55.65,9.1787004895698,108.94788441308746,False
2026-05-08T22:58:16.910,48.0,30.8,55.65,9.1787004895698,108.94788441308746,-0.7126111800182249,0.9585694829713414,320,0.9792847414856707,637.8788328657594,62.8,30.7,56.2,10.054018101325067,99.46272126446692,False
2026-05-08T22:58:17.520,62.8,30.7,56.2,10.054018101325067,99.46272126446692,-0.8960025994632639,0.1719353606750098,288,0.5859676803375049,535.3869976225582,56.9,30.8,56.75,11.318501079199176,88.35092146943131,False
2026-05-08T22:58:18.721,56.9,30.8,56.75,11.318501079199176,88.35092146943131,0.558122000871587,-0.3843717201995813,544,0.30781413990020934,699.9041197813189,45.6,30.7,55.1,8.586112752054438,116.46714047177234,False
2026-05-08T22:58:20.498,45.6,30.7,55.1,8.586112752054438,116.46714047177234,0.4704613241626743,0.9453080491417571,544,0.9726540245708786,666.6703433750696,53.8,30.4,56.2,7.021877974736163,142.41204469771117,False
2026-05-08T22:58:21.133,53.8,30.4,56.2,7.021877974736163,142.41204469771117,-0.6241125468712971,-0.03734403823910859,320,0.4813279808804457,843.933796853348,54.2,30.5,55.65,9.4884484518013,105.39130871392979,False
2026-05-08T22:58:22.043,54.2,30.5,55.65,9.4884484518013,105.39130871392979,0.07940041257923425,0.2595736957965924,448,0.6297868478982962,794.6129269243261,48.5,30.4,56.75,8.630332263551939,115.87039403143854,False
2026-05-08T22:58:22.923,48.5,30.4,56.75,8.630332263551939,115.87039403143854,-0.0039845193118153155,-0.6860523099659339,448,0.15697384501703304,839.8796785017951,48.3,30.4,56.2,8.203417089984637,121.90042137694998,False
2026-05-08T22:58:23.411,48.3,30.4,56.2,8.203417089984637,121.90042137694998,-0.9403518627304752,0.08374659106100113,256,0.5418732955305006,811.5788673143318,54.1,30.4,55.65,12.090791156513232,82.70757364469954,False
2026-05-08T22:58:24.630,54.1,30.4,55.65,12.090791156513232,82.70757364469954,0.5459569713061709,-0.2799223222478957,544,0.36003883887605215,846.8241671972756,46.8,30.3,55.65,8.966357222427566,111.52801245735537,False
2026-05-08T22:58:25.329,46.8,30.3,55.65,8.966357222427566,111.52801245735537,-0.4644023576246583,-0.4943473487101253,352,0.25282632564493734,854.5687611901154,48.5,30.3,56.75,9.702779073072834,103.0632556372639,False
2026-05-08T22:58:25.790,48.5,30.3,56.75,9.702779073072834,103.0632556372639,-0.966099432093207,-0.4609646866610839,256,0.26951765666945804,765.3626982163746,48.5,30.3,56.75,13.125711669748744,76.1863451796471,False
2026-05-08T22:58:27.286,48.5,30.3,56.75,13.125711669748744,76.1863451796471,0.2249827532901585,-0.33734346398476234,480,0.33132826800761883,817.9648326774226,59.7,30.4,56.2,9.073503812792836,110.21100785675415,False
2026-05-08T22:58:28.957,59.7,30.4,56.2,9.073503812792836,110.21100785675415,0.7342362301506644,0.7493894267774168,576,0.8746947133887084,815.7611098773882,44.8,30.4,56.75,6.87763040535743,145.39891518756744,False
2026-05-08T22:58:30.545,44.8,30.4,56.75,6.87763040535743,145.39891518756744,0.6153617725331986,0.8279699295587735,576,0.9139849647793867,834.2912794500514,48.7,30.3,55.65,5.854296107113634,170.81472848373463,False
2026-05-08T22:58:31.391,48.7,30.3,55.65,5.854296107113634,170.81472848373463,-0.12788199726792326,-0.6198993996061817,416,0.19005030019690916,815.0600303080148,48.8,30.5,56.2,6.910243073729661,144.71270971663094,False
2026-05-08T22:58:32.436,48.8,30.5,56.2,6.910243073729661,144.71270971663094,0.1176865814058039,-0.33392639090423026,480,0.33303680454788487,865.9460139747316,47.0,30.4,56.2,6.68172943088105,149.6618518221173,False
2026-05-08T22:58:33.153,47.0,30.4,56.2,6.68172943088105,149.6618518221173,-0.8801933171578842,0.38664755328126366,288,0.6933237766406318,846.4826137551652,51.8,30.4,55.65,8.90088786385469,112.348342692965,False
2026-05-08T22:58:34.600,51.8,30.4,55.65,8.90088786385469,112.348342692965,0.7736800352053408,0.3300852291228842,608,0.6650426145614421,875.083127009592,44.7,30.3,56.75,6.83624251841255,146.27918733231408,False
2026-05-08T22:58:35.286,44.7,30.3,56.75,6.83624251841255,146.27918733231408,-0.44268873869823056,-0.28180803835100443,352,0.3590959808244978,407.4050617680625,49.5,30.4,56.75,8.343278681220802,119.85695770306911,False
2026-05-08T22:58:36.678,49.5,30.4,56.75,8.343278681220802,119.85695770306911,0.6301644774849589,0.34180555254457534,576,0.6709027762722877,571.8576493236246,47.9,30.5,56.75,6.62227508456245,151.00550599765253,False
2026-05-08T22:58:37.211,47.9,30.5,56.75,6.62227508456245,151.00550599765253,-0.9328661634287594,0.07391867141528663,256,0.5369593357076433,467.4309325067946,48.4,30.5,56.75,10.714599132427345,93.3306031929404,False
2026-05-08T22:58:38.082,48.4,30.5,56.75,10.714599132427345,93.3306031929404,-0.06357426299313151,-0.7177688230913839,448,0.14111558845430805,673.5958945685883,45.8,30.5,54.55,9.320795639598117,107.28697835103665,False
2026-05-08T22:58:38.662,45.8,30.5,54.55,9.320795639598117,107.28697835103665,-0.7871781175190362,0.22921716923057822,288,0.6146085846152891,724.626061661168,50.3,30.5,54.55,11.055975181351394,90.4488282215706,False
2026-05-08T22:58:39.836,50.3,30.5,54.55,11.055975181351394,90.4488282215706,0.09763920582673147,0.50271205274803,480,0.751356026374015,836.5941887524056,44.1,30.3,55.65,8.687899889774592,115.10261544069715,False
2026-05-08T22:58:41.330,44.1,30.3,55.65,8.687899889774592,115.10261544069715,0.899898207836423,0.835318494994783,608,0.9176592474973915,580.5721415090799,47.6,30.4,55.1,6.719435961697233,148.8220150769045,False
2026-05-08T22:58:42.373,47.6,30.4,55.1,6.719435961697233,148.8220150769045,0.32199430714655586,-0.45389673286857635,512,0.2730516335657118,31.416022041591184,46.7,30.4,56.2,6.498145564806587,153.8900583292434,False
2026-05-08T22:58:43.575,46.7,30.4,56.2,6.498145564806587,153.8900583292434,0.5686998111614316,-0.6937633025902623,544,0.15311834870486885,225.68360312529842,46.3,30.4,56.2,5.959816311216331,167.79040624423396,False
2026-05-08T22:58:44.491,46.3,30.4,56.2,5.959816311216331,167.79040624423396,-0.21591833917996905,0.5479515817485863,416,0.7739757908742931,438.1261293643869,49.5,30.4,55.1,7.005644707532461,142.74203756362368,False
2026-05-08T22:58:45.182,49.5,30.4,55.1,7.005644707532461,142.74203756362368,-0.38110407958526693,-0.5446033567161512,384,0.22769832164192438,585.8877473917378,54.3,30.4,55.65,8.405404088741806,118.97107972945638,False
2026-05-08T22:58:46.295,54.3,30.4,55.65,8.405404088741806,118.97107972945638,0.14567254148094455,0.5360301893416617,480,0.7680150946708308,742.3918652859124,47.7,30.4,56.2,7.48183032264669,133.65713426741425,False
2026-05-08T22:58:49.384,47.7,30.4,56.2,7.48183032264669,133.65713426741425,-0.6829914594216908,0.9821428536727932,320,0.9910714268363966,635.3295154048716,67.5,30.2,57.3,9.159286317483271,109.17881211893084,False
2026-05-08T22:58:50.353,67.5,30.2,57.3,9.159286317483271,109.17881211893084,-0.8264155979191898,-0.043348039795945814,288,0.4783259801020271,537.147770635044,57.3,30.5,57.3,8.802846263034516,113.59962109065394,False
2026-05-08T22:58:51.823,57.3,30.5,57.3,8.802846263034516,113.59962109065394,0.5209414817759834,-0.38273968812102166,544,0.30863015593948917,659.6816156486717,53.5,30.5,56.2,6.872760065940471,145.50195124019066,False
2026-05-08T22:58:52.705,53.5,30.5,56.2,6.872760065940471,145.50195124019066,-0.10105204696157966,-0.0028931825833371505,416,0.4985534087083314,638.9769316381387,49.2,30.5,56.75,7.399421888469899,135.14569314641236,False
2026-05-08T22:58:54.086,49.2,30.5,56.75,7.399421888469899,135.14569314641236,0.662788515788832,-0.6167356119431302,576,0.1916321940284349,732.7176585161357,46.5,30.3,55.1,6.118549168139489,163.43743794806787,False
2026-05-08T22:58:54.680,46.5,30.3,55.1,6.118549168139489,163.43743794806787,-0.7369287412111738,-0.9932279997967683,320,0.003386000101615827,731.0675060324536,51.2,30.4,56.2,9.075640218285317,110.18506418811438,False
2026-05-08T22:58:56.207,51.2,30.4,56.2,9.075640218285317,110.18506418811438,0.6136724170178198,0.7185522374906927,576,0.8592761187453464,595.2421938389575,46.0,30.4,56.2,7.015772108288206,142.53598671180217,False
2026-05-08T22:58:57.330,46.0,30.4,56.2,7.015772108288206,142.53598671180217,0.10251652409203094,0.35921758912596236,480,0.6796087945629812,725.9965541975895,49.5,30.5,55.1,6.802386286692512,147.0072350869425,False
2026-05-08T22:58:58.043,49.5,30.5,55.1,6.802386286692512,147.0072350869425,-0.3630200527531966,-0.914424185995941,384,0.0427879070020295,722.4771369101994,51.8,30.5,55.65,8.103212006413077,123.40785347940741,False
2026-05-08T22:58:58.717,51.8,30.5,55.65,8.103212006413077,123.40785347940741,-0.4862933798301745,-0.7262822984035695,352,0.13685885079821525,719.4093709620702,51.3,30.5,55.65,9.183994536486942,108.88508219676267,False
2026-05-08T22:58:59.605,51.3,30.5,55.65,9.183994536486942,108.88508219676267,-0.3018193376146874,0.6207875892989696,384,0.8103937946494848,728.3241720319887,54.2,30.5,57.85,9.379346415353188,106.61723703509719,False
2026-05-08T22:59:00.951,54.2,30.5,57.85,9.379346415353188,106.61723703509719,-0.05372952702167777,0.8911266842065169,448,0.9455633421032584,793.5072934691501,51.3,30.3,56.2,8.60367440148912,116.22941005611746,False
2026-05-08T22:59:01.675,51.3,30.3,56.2,8.60367440148912,116.22941005611746,-0.29535490324423885,-0.7558175667768621,384,0.12209121661156896,772.410763117107,56.3,30.4,56.75,9.186510537430866,108.85526075711265,False
2026-05-08T22:59:02.766,56.3,30.4,56.75,9.186510537430866,108.85526075711265,0.4028352737989549,0.031160863567283092,512,0.5155804317836415,779.2295014719679,45.1,30.3,55.1,7.7878182608129345,128.4056672241366,False
2026-05-08T22:59:04.354,45.1,30.3,55.1,7.7878182608129345,128.4056672241366,0.7661837368288908,0.6883771890404224,608,0.8441885945202112,848.8501591672365,46.7,30.5,56.75,6.2296832652978,160.5218046269639,False
2026-05-08T22:59:05.577,46.7,30.5,56.75,6.2296832652978,160.5218046269639,-0.02036610361315483,0.8977710431267849,448,0.9488855215633925,719.3685793373219,51.3,30.5,56.75,6.961370387477647,143.6498770125541,False
2026-05-08T22:59:06.180,51.3,30.5,56.75,6.961370387477647,143.6498770125541,-0.7667175688543113,0.5408595383251316,288,0.7704297691625658,755.26891975168,54.7,30.5,56.2,9.785963365396448,102.18718001091639,False
2026-05-08T22:59:07.410,54.7,30.5,56.2,9.785963365396448,102.18718001091639,0.5068991655425041,-0.20920659504927275,544,0.3953967024753636,812.9999194536006,46.2,30.3,56.2,7.6761077536755105,130.27435675602328,False
2026-05-08T22:59:08.616,46.2,30.3,56.2,7.6761077536755105,130.27435675602328,0.5260242819492629,-0.38050712697998357,544,0.3097464365100082,883.5622414501258,47.8,30.5,55.65,6.61575813150759,151.1542562654299,False
2026-05-08T22:59:09.975,47.8,30.5,55.65,6.61575813150759,151.1542562654299,0.6882321191364511,-0.8548536924926395,576,0.07257315375368023,844.9959072093955,46.2,30.2,56.2,5.718681625241651,174.86547871210502,False
2026-05-08T22:59:11.038,46.2,30.2,56.2,5.718681625241651,174.86547871210502,0.1938595590173786,0.4608617422195751,480,0.7304308711097875,639.1555333636884,47.2,30.3,55.1,6.19592949317252,161.39628462556422,False
2026-05-08T22:59:11.846,47.2,30.3,55.1,6.19592949317252,161.39628462556422,-0.9744379289725975,0.30984494107113236,256,0.6549224705355662,-8.367351098885564,58.1,30.4,56.75,8.06470794470424,123.99705071237683,False
2026-05-08T22:59:12.698,58.1,30.4,56.75,8.06470794470424,123.99705071237683,-0.6391005598324477,-0.32121798907669286,320,0.33939100546165357,484.5823131670093,60.1,30.5,56.2,8.09175497870994,123.58258531444423,False
2026-05-08T22:59:26.389,60.1,30.5,56.2,8.09175497870994,123.58258531444423,-0.1515466631827027,0.9960905851084711,416,0.9980452925542356,668.7302115278685,60.0,30.0,56.2,7.990415339481715,125.1499399610513,False
2026-05-08T22:59:27.068,60.0,30.0,56.2,7.990415339481715,125.1499399610513,-0.7420689529027562,0.09813452816029367,320,0.5490672640801468,660.3026105449003,53.1,30.1,55.1,9.623974541687316,103.90717428318091,False
2026-05-08T22:59:28.103,53.1,30.1,55.1,9.623974541687316,103.90717428318091,0.25055627459311025,-0.08456105420722482,512,0.4577194728963876,723.3485140049005,47.5,30.1,57.3,8.099386408176917,123.46614294021428,False
2026-05-08T22:59:29.166,47.5,30.1,57.3,8.099386408176917,123.46614294021428,0.30527032781518204,-0.03274282465674161,512,0.4836285876716292,839.7373938734376,49.3,30.1,56.75,7.253878735684838,137.85728110956492,False
2026-05-08T22:59:30.216,49.3,30.1,56.75,7.253878735684838,137.85728110956492,0.25097115695274974,-0.8566225146384514,512,0.0716887426807743,761.305102774965,46.7,30.1,55.1,6.768711510497233,147.73860556017988,False
2026-05-08T22:59:31.176,46.7,30.1,55.1,6.768711510497233,147.73860556017988,-0.03504804725746591,-0.11537732510442833,448,0.44231133744778584,690.6590563027771,48.0,30.1,55.65,7.14597330423152,139.93894987094978,False
2026-05-08T22:59:31.899,48.0,30.1,55.65,7.14597330423152,139.93894987094978,-0.45138386559099897,-0.2332451231365833,352,0.38337743843170835,834.7532126360179,51.2,30.1,55.1,8.373431883371456,119.42534601444237,False
2026-05-08T22:59:33.551,51.2,30.1,55.1,8.373431883371456,119.42534601444237,0.921371833876953,-0.042641928257347805,640,0.4786790358713261,876.2518299823124,46.0,30.2,54.55,6.290340056443012,158.97391731242402,False
2026-05-08T22:59:34.618,46.0,30.2,54.55,6.290340056443012,158.97391731242402,0.13160530963134875,0.26461768572498334,480,0.6323088428624917,815.3917656962849,48.3,30.2,55.1,6.423466340709098,155.67918425328097,False
2026-05-08T22:59:35.518,48.3,30.2,55.1,6.423466340709098,155.67918425328097,0.056054670830278486,-0.6160019772505512,448,0.19199901137472442,848.7088626114922,47.5,30.2,55.65,7.0005708875389985,142.84549304114583,False
2026-05-08T22:59:36.559,47.5,30.2,55.65,7.0005708875389985,142.84549304114583,0.3043648917393047,-0.7627739717087678,512,0.11861301414561609,867.3220344294638,48.8,30.2,56.2,6.68783162474392,149.5252955083615,False
2026-05-08T22:59:37.310,48.8,30.2,56.2,6.68783162474392,149.5252955083615,-0.2760836991201403,-0.20219992036469825,384,0.3989000398176509,795.9615225623635,53.5,30.2,56.75,8.021212944128846,124.66942430844618,False
2026-05-08T22:59:38.351,53.5,30.2,56.75,8.021212944128846,124.66942430844618,0.1319179131341366,0.3356085931462185,480,0.6678042965731092,830.346533502912,50.5,30.2,56.2,7.3589575305183,135.88881249183794,False
2026-05-08T22:59:39.376,50.5,30.2,56.2,7.3589575305183,135.88881249183794,0.14210059866993596,-0.8337778820879713,480,0.08311105895601434,855.7526122080492,49.3,30.2,55.1,7.008908035652321,142.67557726728393,False
2026-05-08T22:59:41.140,49.3,30.2,55.1,7.008908035652321,142.67557726728393,0.8222704485850354,0.9259220515312325,608,0.9629610257656163,819.4989825525373,51.0,30.1,55.65,5.83957280916033,171.24540316225452,False
2026-05-08T22:59:41.885,51.0,30.1,55.65,5.83957280916033,171.24540316225452,-0.3453934767111486,0.038959546226376096,384,0.519479773113188,698.9972031801227,49.2,30.2,56.75,7.573881826022941,132.03269115767307,False
2026-05-08T22:59:43.137,49.2,30.2,56.75,7.573881826022941,132.03269115767307,0.4624547702345696,0.5027846372139264,544,0.7513923186069632,879.6729987038951,46.2,30.3,56.2,6.560789188497268,152.42068770526177,False
2026-05-08T22:59:43.804,46.2,30.3,56.2,6.560789188497268,152.42068770526177,-0.8448539506261097,0.0977573032137855,288,0.5488786516068928,832.5289220490359,65.3,30.3,55.65,9.591296915844202,104.26118686285946,False
2026-05-08T22:59:45.549,65.3,30.3,55.65,9.591296915844202,104.26118686285946,0.3205797674473365,0.6165445003855166,512,0.8082722501927583,878.2569939639249,59.3,30.4,55.65,7.007584966757161,142.702515166614,False
2026-05-08T22:59:46.567,59.3,30.4,55.65,7.007584966757161,142.702515166614,0.2493646221415422,-0.4102924766406022,480,0.2948537616796989,875.976078979144,47.2,30.4,56.2,6.829795296290704,146.41727264404324,False
2026-05-08T22:59:49.576,47.2,30.4,56.2,6.829795296290704,146.41727264404324,0.6435157639655393,0.9763693616047786,576,0.9881846808023893,725.0947721663309,56.3,30.2,55.65,5.815506433362904,171.95406994361022,False
2026-05-08T22:59:50.253,56.3,30.2,55.65,5.815506433362904,171.95406994361022,-0.5875681377619828,-0.3490415713162496,320,0.3254792143418752,753.1747960237341,55.8,30.2,54.55,8.170466131206304,122.39203785211187,False
2026-05-08T22:59:51.646,55.8,30.2,54.55,8.170466131206304,122.39203785211187,0.6097746624708877,0.022725570558629338,576,0.5113627852793147,886.9302300894099,45.4,30.3,55.65,6.525825796294563,153.23731144766555,False
2026-05-08T22:59:52.731,45.4,30.3,55.65,6.525825796294563,153.23731144766555,0.10090464425807166,0.5449043135950544,480,0.7724521567975272,837.2309808501396,50.0,30.4,57.85,6.557263550142238,152.5026396076925,False
2026-05-08T22:59:54.135,50.0,30.4,57.85,6.557263550142238,152.5026396076925,0.7014598332605504,-0.30815525899875196,576,0.345922370500624,832.8333546439139,47.2,30.1,56.2,5.676695046840131,176.15883744832107,False
2026-05-08T22:59:55.305,47.2,30.1,56.2,5.676695046840131,176.15883744832107,0.15053313594232964,0.693730470173046,480,0.846865235086523,818.6519182501149,50.2,30.2,56.2,5.965551655641784,167.6290907739057,False
2026-05-08T22:59:56.165,50.2,30.2,56.2,5.965551655641784,167.6290907739057,-0.8203973048877111,0.8611888347728041,288,0.930594417386402,735.1911416386115,52.6,30.2,55.65,8.877781992815537,112.6407475210884,False
2026-05-08T22:59:56.716,52.6,30.2,55.65,8.877781992815537,112.6407475210884,-0.8137891855483359,-0.28133597993552906,288,0.35933201003223547,752.3732082602692,54.0,30.2,57.3,11.001083840291553,90.90013443379937,False
2026-05-08T22:59:57.942,54.0,30.2,57.3,11.001083840291553,90.90013443379937,0.4623751255643107,-0.8768596089742053,544,0.06157019551289733,880.4083885001397,50.5,30.2,56.2,8.331968145768133,120.01966192200425,False
2026-05-08T22:59:58.661,50.5,30.2,56.2,8.331968145768133,120.01966192200425,-0.36275965812155775,-0.5003918343647327,384,0.24980408281763367,903.1849365009735,54.0,30.2,56.75,8.917419722616165,112.14006193560922,False
2026-05-08T23:00:00.056,54.0,30.2,56.75,8.917419722616165,112.14006193560922,0.6805700125995178,-0.04290590582571685,576,0.4785470470871416,865.8874253415431,47.0,30.1,55.1,6.946928412486108,143.948510855912,False
2026-05-08T23:00:01.074,47.0,30.1,55.1,6.946928412486108,143.948510855912,0.13092245154101811,-0.8993174191078575,480,0.050341290446071274,871.0004581585416,47.3,30.2,55.65,6.7459557667696215,148.23696368214723,False
2026-05-08T23:00:02.197,47.3,30.2,55.65,6.7459557667696215,148.23696368214723,0.006193427164328913,0.77662925925856,448,0.88831462962928,759.4675969244367,51.0,30.2,55.65,7.12633036674117,140.32467603060257,False
2026-05-08T23:00:02.941,51.0,30.2,55.65,7.12633036674117,140.32467603060257,-0.3436477698271794,-0.13182934663071832,384,0.43408532668464084,689.3586523589914,55.3,30.2,56.75,8.300102770111275,120.48043592917989,False
2026-05-08T23:00:03.529,55.3,30.2,56.75,8.300102770111275,120.48043592917989,-0.6562610350406464,-0.6127558804318132,320,0.19362205978409341,730.6380159818925,50.7,30.2,56.75,10.177183902296047,98.25900854306,False
2026-05-08T23:00:04.912,50.7,30.2,56.75,10.177183902296047,98.25900854306,0.6488421024769904,0.33963298957374444,576,0.6698164947868722,769.8427038101065,47.7,30.2,56.75,7.620064548749081,131.23248413481764,False
2026-05-08T23:00:06.380,47.7,30.2,56.75,7.620064548749081,131.23248413481764,0.44025824751349796,0.7851940760738305,544,0.8925970380369153,500.7813705455754,49.0,30.3,55.65,6.480169559063967,154.31694971642776,False
2026-05-08T23:00:07.817,49.0,30.3,55.65,6.480169559063967,154.31694971642776,0.8531468277686418,-0.7239158916858186,608,0.1380420541570907,440.7035442075619,46.7,30.4,57.3,5.527468930173577,180.91463066235588,False
2026-05-08T23:00:09.087,46.7,30.4,57.3,5.527468930173577,180.91463066235588,-0.5728187999115182,0.6028955684753758,352,0.8014477842376879,540.4243080860463,59.1,30.5,56.75,5.896955564868257,169.57902921256635,False
2026-05-08T23:00:10.654,59.1,30.5,56.75,5.896955564868257,169.57902921256635,0.8779288680358208,-0.395396820870914,608,0.302301589564543,783.3531169729486,46.8,30.5,57.3,5.119142829502899,195.34520393468026,False
2026-05-08T23:00:11.236,46.8,30.5,57.3,5.119142829502899,195.34520393468026,-0.7227862027396592,-0.97279544888218,320,0.013602275558910026,675.3747701904477,48.5,30.5,54.55,8.519411928736213,117.37899380436956,False
2026-05-08T23:00:12.630,48.5,30.5,54.55,8.519411928736213,117.37899380436956,0.6782753059255096,-0.324463389272897,576,0.3377683053635515,772.966781765666,50.2,30.5,55.65,6.699239491240208,149.27067487400325,False
2026-05-08T23:00:13.531,50.2,30.5,55.65,6.699239491240208,149.27067487400325,-0.8285616493089707,0.8597580149714106,288,0.9298790074857053,637.3494639389347,54.0,30.6,56.75,9.150577374854512,109.28272162890697,False
2026-05-08T23:00:14.272,54.0,30.6,56.75,9.150577374854512,109.28272162890697,-0.5706410866373854,0.5408800764646826,352,0.7704400382323413,556.2009555102127,52.3,30.5,57.85,9.39846023737348,106.40040759266572,False
2026-05-08T23:00:15.161,52.3,30.5,57.85,9.39846023737348,106.40040759266572,-0.14545247224181557,0.32037286793737696,416,0.6601864339686885,308.6737331373095,50.0,30.5,55.1,8.722485193313508,114.64622499635551,False
2026-05-08T23:00:15.886,50.0,30.5,55.1,8.722485193313508,114.64622499635551,-0.532281673336737,0.27919956909177657,352,0.6395997845458883,545.3290009563133,51.5,30.5,55.1,9.377658862468392,106.63642329774187,False
2026-05-08T23:00:16.746,51.5,30.5,55.1,9.377658862468392,106.63642329774187,-0.1294685337933641,-0.13531660961943515,416,0.4323416951902824,631.3898076634675,47.7,30.4,56.75,8.766955371874264,114.06468466899616,False
2026-05-08T23:00:17.998,47.7,30.4,56.75,8.766955371874264,114.06468466899616,0.5269495547526799,0.48928420937119954,544,0.7446421046855998,764.7271838141318,49.0,30.4,57.3,7.142159532451544,140.01367449947597,False
2026-05-08T23:00:18.633,49.0,30.4,57.3,7.142159532451544,140.01367449947597,-0.6796530323241681,-0.4191658116401682,320,0.2904170941799159,732.3623542318946,52.5,30.3,57.3,9.179140010458024,108.94266770750582,False
2026-05-08T23:00:19.889,52.5,30.3,57.3,9.179140010458024,108.94266770750582,0.5783060365245725,0.3095578110270574,544,0.6547789055135287,657.842882785146,46.5,30.3,55.65,7.369989961636627,135.68539512337867,False
2026-05-08T23:00:20.510,46.5,30.3,55.65,7.369989961636627,135.68539512337867,-0.6945392944014019,0.44692681106873255,320,0.7234634055343663,609.0252958751036,50.3,30.2,56.2,9.538891116511238,104.83398833110287,False
2026-05-08T23:00:21.390,50.3,30.2,56.2,9.538891116511238,104.83398833110287,0.03144209229969208,-0.6948122355096127,448,0.15259388224519366,620.2002968653625,52.0,30.2,55.65,8.606903605229446,116.18580221955926,False
2026-05-08T23:00:22.115,52.0,30.2,55.65,8.606903605229446,116.18580221955926,-0.308797229997515,-0.45028469719286957,384,0.2748576514035652,709.0696643250727,49.5,30.2,55.1,9.006284296531744,111.0335813388761,False
2026-05-08T23:00:23.142,49.5,30.2,55.1,9.006284296531744,111.0335813388761,0.14629851865840315,-0.25172322269761493,480,0.37413838865119253,741.7645564233524,47.7,30.3,56.2,7.855514070097005,127.29911640113087,False
2026-05-08T23:00:24.545,47.7,30.3,56.2,7.855514070097005,127.29911640113087,0.6428363401335955,-0.0862028307544005,576,0.45689858462279975,726.7245527442566,44.4,30.2,57.85,6.367905108474699,157.03751594368993,False
2026-05-08T23:00:25.691,44.4,30.2,57.85,6.367905108474699,157.03751594368993,0.13467043612266827,0.6261758517623541,480,0.8130879258811771,812.9561608828739,48.3,30.3,55.1,6.476941508728259,154.39385991866848,False
2026-05-08T23:00:26.288,48.3,30.3,55.1,6.476941508728259,154.39385991866848,-0.8758311979250921,-0.06320377071061278,288,0.4683981146446936,755.7822852676621,51.9,30.3,57.3,9.505672808946642,105.20033879756626,False
2026-05-08T23:00:27.011,51.9,30.3,57.3,9.505672808946642,105.20033879756626,-0.510928366770121,0.3284171903638424,352,0.6642085951819212,848.4019813802763,53.7,30.3,56.2,9.80486234170309,101.99021313605729,False
2026-05-08T23:00:28.341,53.7,30.3,56.2,9.80486234170309,101.99021313605729,-0.28056605400437173,0.29711384248240535,384,0.6485569212412027,818.9488354409103,55.1,30.2,56.2,7.903474041416795,126.52663812896355,False
2026-05-08T23:00:30.009,55.1,30.2,56.2,7.903474041416795,126.52663812896355,0.7891751775355587,0.7872336799769009,608,0.8936168399884504,840.4206798274242,47.8,30.3,54.55,6.2015089064541975,161.251078581739,False
2026-05-08T23:00:31.625,47.8,30.3,54.55,6.2015089064541975,161.251078581739,0.9861306986399372,-0.650284814860216,640,0.17485759256989197,817.1414889545947,45.2,30.8,58.4,5.149710848705861,194.18566000677558,False
2026-05-08T23:00:33.035,45.2,30.8,58.4,5.149710848705861,194.18566000677558,0.6786667654349343,-0.1741767508247396,576,0.4129116245876302,799.2018238977528,44.1,30.7,55.1,4.892672859855551,204.38726001998086,False
2026-05-08T23:00:33.952,44.1,30.7,55.1,4.892672859855551,204.38726001998086,-0.2121307419578684,0.3851557109140362,416,0.6925778554570181,800.1377780189207,52.3,30.8,55.65,6.2336055955694025,160.42080055734678,False
2026-05-08T23:00:35.408,52.3,30.8,55.65,6.2336055955694025,160.42080055734678,0.6183415784846231,0.6057420867139962,576,0.8028710433569981,826.1623129572286,47.7,30.7,55.1,5.503865902395143,181.69047315720852,False
2026-05-08T23:00:36.631,47.7,30.7,55.1,5.503865902395143,181.69047315720852,0.14586622679126982,0.7950544557856671,480,0.8975272278928336,859.1986213337406,48.0,30.7,54.0,5.954397931909508,167.94309205318956,False
2026-05-08T23:00:37.397,48.0,30.7,54.0,5.954397931909508,167.94309205318956,-0.5500029590094304,0.6147100361387945,352,0.8073550180693972,862.8949505362016,54.4,30.7,55.65,7.82082707970378,127.86371438836055,False
2026-05-08T23:00:37.990,54.4,30.7,55.65,7.82082707970378,127.86371438836055,-0.736206816849172,-0.5069160701700706,320,0.24654196491496472,822.2145105719616,51.3,30.7,56.2,9.88069888419518,101.2074157628227,False
2026-05-08T23:00:38.855,51.3,30.7,56.2,9.88069888419518,101.2074157628227,-0.0502509106091773,-0.23798349282267384,448,0.3810082535886631,875.9599430173771,49.2,30.7,55.1,8.850857265408225,112.98340601517738,False
2026-05-08T23:00:39.892,49.2,30.7,55.1,8.850857265408225,112.98340601517738,0.4080537821564578,-0.8170520298501176,512,0.0914739850749412,691.1625849055556,46.7,30.6,55.1,7.651785158909145,130.6884575602175,False
2026-05-08T23:00:40.563,46.7,30.6,55.1,7.651785158909145,130.6884575602175,-0.5007109033079866,-0.964694634910445,352,0.017652682544777476,256.2911725502971,47.7,30.6,56.75,8.864654637916573,112.80755323763255,False
2026-05-08T23:00:41.854,47.7,30.6,56.75,8.864654637916573,112.80755323763255,0.17691702460673797,0.8279473242009054,480,0.9139736621004527,717.85246483675,51.0,30.6,55.65,7.730088557614756,129.36462403330682,False
2026-05-08T23:00:42.434,51.0,30.6,55.65,7.730088557614756,129.36462403330682,-0.8056340518853555,-0.2734459327501013,288,0.36327703362494934,156.7332637399066,52.5,30.5,55.65,9.881557688871665,101.19861984170494,False
2026-05-08T23:00:43.799,52.5,30.5,55.65,9.881557688871665,101.19861984170494,0.7308764582706411,0.005956841004017832,576,0.5029784205020089,161.59874102904828,47.0,30.3,56.2,7.454187469850799,134.15278379361925,False
2026-05-08T23:00:45.214,47.0,30.3,56.2,7.454187469850799,134.15278379361925,0.856184663319334,-0.8952378353909898,608,0.05238108230450511,147.4446305945623,47.0,30.2,54.0,6.066667472163407,164.8351429493126,False
2026-05-08T23:00:46.577,47.0,30.2,54.0,6.066667472163407,164.8351429493126,0.6066290232951117,-0.8186194475775215,576,0.09069027621123926,242.79701213045686,45.0,30.3,54.55,5.40508255130829,185.01105034148867,False
2026-05-08T23:00:48.038,45.0,30.3,54.55,5.40508255130829,185.01105034148867,0.762889611990998,0.45045265359832176,608,0.7252263267991609,352.97376562608844,49.3,30.5,54.55,4.9781054551955135,200.87963362775434,False
2026-05-08T23:00:49.400,49.3,30.5,54.55,4.9781054551955135,200.87963362775434,0.7039108046869609,0.23052807528834807,576,0.615264037644174,522.3442715624482,48.8,30.6,56.2,4.8504002284674685,206.16855370633195,False
2026-05-08T23:00:50.783,48.8,30.6,56.2,4.8504002284674685,206.16855370633195,0.7286783258667247,-0.883402140221464,576,0.05829892988926799,587.606805399982,44.9,30.5,55.65,4.7615860910628625,210.0140543246555,False
2026-05-08T23:00:51.773,44.9,30.5,55.65,4.7615860910628625,210.0140543246555,-0.7558971513288093,-0.5079527302336257,288,0.24602363488318713,568.6669338074955,59.5,30.6,55.65,6.173785833280478,161.97516839819565,False
2026-05-08T23:00:52.719,59.5,30.6,55.65,6.173785833280478,161.97516839819565,-0.74467657252359,0.369326223644872,320,0.684663111822436,705.4855048408846,60.8,30.7,54.55,7.280638424740836,137.3505923054538,False
2026-05-08T23:00:53.630,60.8,30.7,54.55,7.280638424740836,137.3505923054538,-0.04363810783570887,-0.21892247664642928,448,0.39053876167678536,746.3494506706185,47.0,30.7,55.1,7.387892513115233,135.35659841081429,False
2026-05-08T23:00:54.493,47.0,30.7,55.1,7.387892513115233,135.35659841081429,-0.0163701389527815,-0.9243818230846614,448,0.03780908845766928,844.5401394827452,51.3,30.7,55.65,7.567989739089085,132.13548570698302,False
2026-05-08T23:00:55.488,51.3,30.7,55.65,7.567989739089085,132.13548570698302,-0.3217448311286626,0.9089590643666974,384,0.9544795321833487,537.8982385847103,56.7,30.6,56.75,8.545258134302415,117.02396630779302,False
2026-05-08T23:00:56.311,56.7,30.6,56.75,8.545258134302415,117.02396630779302,-0.20121503957881415,-0.27779958704149954,416,0.36110020647925023,244.79726208065483,51.9,30.6,55.65,8.411337914305056,118.88715091321116,False
2026-05-08T23:00:57.760,51.9,30.6,55.65,8.411337914305056,118.88715091321116,0.8185728774209693,-0.8099357987683433,608,0.09503210061582834,650.7880724671146,49.0,30.3,54.55,6.548401143742932,152.7090320292169,False
2026-05-08T23:00:58.635,49.0,30.3,54.55,6.548401143742932,152.7090320292169,-0.20962565651315002,-0.2783719687413311,416,0.36081401562933446,618.1188090407651,46.9,30.3,56.2,7.1262423605238485,140.32640898372284,False
2026-05-08T23:00:59.827,46.9,30.3,56.2,7.1262423605238485,140.32640898372284,0.48101822988435194,-0.9496993703538728,544,0.025150314823063624,671.569559918331,46.4,30.3,56.2,6.349807276017385,157.4850946700232,False
2026-05-08T23:01:00.742,46.4,30.3,56.2,6.349807276017385,157.4850946700232,-0.05411611370954472,-0.19404575935619883,448,0.4029771203219006,668.5252419137618,44.8,30.3,57.85,6.885166237453061,145.23977570219378,False
2026-05-08T23:01:02.165,44.8,30.3,57.85,6.885166237453061,145.23977570219378,0.37220157429204814,0.8971725612603216,512,0.9485862806301608,749.6545809826666,45.0,30.1,56.2,6.533991349728447,153.04581020627768,False
2026-05-08T23:01:02.955,45.0,30.1,56.2,6.533991349728447,153.04581020627768,-0.4349755810041507,0.43312211811202306,352,0.7165610590560115,835.5488063873138,54.1,30.3,56.2,7.939777306420275,125.94811685604563,False
2026-05-08T23:01:04.408,54.1,30.3,56.2,7.939777306420275,125.94811685604563,0.7769353338418541,-0.39716557584641143,608,0.3014172120767943,823.3141322386516,46.5,30.2,56.2,6.311888539253762,158.4311880320731,False
2026-05-08T23:01:05.520,46.5,30.2,56.2,6.311888539253762,158.4311880320731,0.3797527238563023,0.45394026225221795,512,0.726970131126109,853.4669432329086,48.8,30.3,56.75,6.285349520675971,159.10014179966447,False
2026-05-08T23:01:06.933,48.8,30.3,56.75,6.285349520675971,159.10014179966447,0.6878697099927504,-0.029482176841928887,576,0.48525891157903556,854.7845390557893,47.7,30.3,57.3,5.501576346700523,181.7660861145248,False
2026-05-08T23:01:08.443,47.7,30.3,57.3,5.501576346700523,181.7660861145248,0.800590209833073,-0.029772663736255423,608,0.4851136681318723,820.742621948112,46.2,30.3,57.3,4.982265610842758,200.7119005907131,False
2026-05-08T23:01:09.969,46.2,30.3,57.3,4.982265610842758,200.7119005907131,0.8832926199875311,0.21460082871361674,608,0.6073004143568084,851.072947411341,46.8,30.3,55.1,4.672302619157581,214.02723271813684,False
2026-05-08T23:01:11.043,46.8,30.3,55.1,4.672302619157581,214.02723271813684,0.15390940637015094,0.17413623828171287,480,0.5870681191408564,802.1782727186733,46.5,30.4,56.75,5.469833057909441,182.82093610772793,False
2026-05-08T23:01:12.645,46.5,30.4,56.75,5.469833057909441,182.82093610772793,0.6179682235264967,0.7391103645149797,576,0.8695551822574898,820.5062253449541,50.2,30.2,55.1,5.015401743183503,199.3858221545488,False
2026-05-08T23:01:13.366,50.2,30.2,55.1,5.015401743183503,199.3858221545488,-0.5198546915875066,-0.10063922319601648,352,0.44968038840199176,770.4456102739887,54.0,30.3,55.65,7.32534524928387,136.51233709397664,False
2026-05-08T23:01:15.144,54.0,30.3,55.65,7.32534524928387,136.51233709397664,0.5362584581088286,0.2630260373204836,544,0.6315130186602418,786.6196323966735,56.6,30.4,55.65,5.656403693814518,176.7907762830889,False
2026-05-08T23:01:16.266,56.6,30.4,55.65,5.656403693814518,176.7907762830889,0.3758571135952211,0.09910271649466207,512,0.549551358247331,868.0367201058789,44.9,30.4,55.65,5.821965949039082,171.76328558999052,False
2026-05-08T23:01:17.338,44.9,30.4,55.65,5.821965949039082,171.76328558999052,0.3205083949664136,-0.4602040903111835,512,0.26989795484440826,878.433234426826,46.5,30.4,57.85,6.010226553612689,166.38307908691223,False
2026-05-08T23:01:18.059,46.5,30.4,57.85,6.010226553612689,166.38307908691223,-0.34709089426455897,-0.7490879822966596,384,0.1254560088516702,886.4740149102489,51.5,30.4,57.3,7.770604314906622,128.69011977378196,False
2026-05-08T23:01:19.110,51.5,30.4,57.3,7.770604314906622,128.69011977378196,-0.062319551261556194,0.8026951510243423,448,0.9013475755121712,865.7572594335593,51.8,30.4,55.65,7.665483624675827,130.45491308348988,False
2026-05-08T23:01:20.303,51.8,30.4,55.65,7.665483624675827,130.45491308348988,0.43009760198132874,-0.16912617216685644,544,0.4154369139165718,877.3751122205462,47.3,30.3,55.1,6.644689559605944,150.49612040254652,False
2026-05-08T23:01:21.341,47.3,30.3,55.1,6.644689559605944,150.49612040254652,0.39578604475547774,-0.9854045543123999,512,0.007297722843800036,631.3568489129916,49.3,30.3,56.2,6.493496942158414,154.00022652010423,False
2026-05-08T23:01:22.393,49.3,30.3,56.2,6.493496942158414,154.00022652010423,0.17556955274445385,0.3655111010818888,480,0.6827555505409444,604.6950356602645,48.2,30.3,56.2,6.594031011846377,151.65230466818696,False
2026-05-08T23:01:23.629,48.2,30.3,56.2,6.594031011846377,151.65230466818696,0.4858284967850135,0.1910409229933172,544,0.5955204614966586,691.4097308604902,48.3,30.2,55.1,6.0392555865299835,165.58332159851125,False
2026-05-08T23:01:24.489,48.3,30.2,55.1,6.0392555865299835,165.58332159851125,-0.13436499043515648,-0.4458443092368529,416,0.27707784538157354,767.2631909518291,52.3,30.3,54.55,6.8865460669728735,145.21067459286903,False
2026-05-08T23:01:25.477,52.3,30.3,54.55,6.8865460669728735,145.21067459286903,0.09518759094522622,-0.07315940876635052,480,0.46342029561682474,776.5105755047362,50.7,30.3,56.2,6.812716748719649,146.7843206879158,False
2026-05-08T23:01:26.671,50.7,30.3,56.2,6.812716748719649,146.7843206879158,0.45670934243572026,-0.47245341790081685,544,0.2637732910495916,880.4084967415691,47.0,30.1,54.55,6.172939085237403,161.997386689187,False
2026-05-08T23:01:27.419,47.0,30.1,54.55,6.172939085237403,161.997386689187,-0.8356274023588748,0.6931002642102229,288,0.8465501321051114,407.5541581345835,55.1,30.2,54.55,9.393063111056353,106.46154381981354,False
2026-05-08T23:01:28.877,55.1,30.2,54.55,9.393063111056353,106.46154381981354,0.13723439119834047,0.8844902934459928,480,0.9422451467229964,621.6780186386003,50.5,30.1,54.0,8.06623688567808,123.9735472901297,False
2026-05-08T23:01:30.479,50.5,30.1,54.0,8.06623688567808,123.9735472901297,0.7708958733601321,0.6406918660321645,608,0.8203459330160823,529.3359974293985,47.7,30.3,57.3,6.34691096149567,157.55696055398053,False
2026-05-08T23:01:33.800,47.7,30.3,57.3,6.34691096149567,157.55696055398053,-0.7321090399610588,0.9896266508868516,320,0.9948133254434258,539.7723640664492,64.6,30.2,56.75,8.751171693298286,114.27041258552929,False
2026-05-08T23:01:35.005,64.6,30.2,56.75,8.751171693298286,114.27041258552929,0.12799139444976326,0.8075051530948609,480,0.9037525765474305,849.4370979317192,47.7,30.2,55.65,7.6601435152328525,130.54585700795477,False
2026-05-08T23:01:36.230,47.7,30.2,55.65,7.6601435152328525,130.54585700795477,0.4612786330173091,-0.4501294820806059,544,0.27493525895969706,804.8096679169068,48.8,30.1,56.2,6.603648847670889,151.4314317837631,False
2026-05-08T23:01:36.811,48.8,30.1,56.2,6.603648847670889,151.4314317837631,-0.9993458453893764,0.41413024085825323,256,0.7070651204291266,758.093927536384,49.5,30.2,56.2,10.92892405493395,91.50031558216767,False
2026-05-08T23:01:37.466,49.5,30.2,56.2,10.92892405493395,91.50031558216767,-0.6225960298989079,-0.020150631962275956,320,0.489924684018862,798.9973160712962,55.3,30.2,55.1,11.116045102651837,89.96005240761758,False
2026-05-08T23:01:38.388,55.3,30.2,55.1,11.116045102651837,89.96005240761758,-0.9183054416947989,0.7849720047892883,256,0.8924860023946442,766.2399776408646,72.4,30.3,56.2,10.96376233331056,91.20956562162591,False
2026-05-08T23:01:39.442,72.4,30.3,56.2,10.96376233331056,91.20956562162591,-0.6761043320302453,0.6987275569112312,320,0.8493637784556156,676.0454648994544,61.2,30.3,56.2,10.045371394786285,99.54833531779788,False
2026-05-08T23:01:40.008,61.2,30.3,56.2,10.045371394786285,99.54833531779788,-0.8290857691699067,-0.6819468233668851,288,0.15902658831655747,707.0557395656499,55.3,30.3,55.65,11.520752495354184,86.79988571955315,False
2026-05-08T23:01:41.256,55.3,30.3,55.65,11.520752495354184,86.79988571955315,0.42222091183789323,-0.5642518644375956,544,0.21787406778120222,856.3281836077572,49.0,30.2,56.2,8.581763051221118,116.52617230648285,False
2026-05-08T23:01:42.114,49.0,30.2,56.2,8.581763051221118,116.52617230648285,-0.09316079499570962,-0.5715307090027808,416,0.2142346454986096,844.1444929807518,51.0,30.3,56.2,8.387690198559293,119.22233372088117,False
2026-05-08T23:01:42.860,51.0,30.3,56.2,8.387690198559293,119.22233372088117,-0.575352400000545,-0.3650684196205014,352,0.3174657901897493,704.11704984593,51.3,30.3,56.2,8.85997865440616,112.86708907618977,False
2026-05-08T23:01:43.602,51.3,30.3,56.2,8.85997865440616,112.86708907618977,-0.3599496815992189,-0.19796713289065848,384,0.40101643355467076,672.8806108873695,50.3,30.3,54.55,9.154151264539523,109.24005635276144,False
2026-05-08T23:01:44.471,50.3,30.3,54.55,9.154151264539523,109.24005635276144,0.07580389345908567,-0.6471621734668329,448,0.17641891326658354,834.3999429078505,50.8,30.3,56.2,8.488745936307328,117.80303091919464,False
2026-05-08T23:01:45.338,50.8,30.3,56.2,8.488745936307328,117.80303091919464,-0.2753274912444894,0.690692050829703,384,0.8453460254148515,872.0392072114129,52.0,30.2,55.1,8.83911329731477,113.13351988641095,False
2026-05-08T23:01:46.429,52.0,30.2,55.1,8.83911329731477,113.13351988641095,0.2610231490764099,0.5565962817581298,512,0.7782981408790649,881.7766126159703,50.5,30.2,56.75,7.671270523215844,130.35650313382428,False
2026-05-08T23:01:47.627,50.5,30.2,56.75,7.671270523215844,130.35650313382428,0.3399282412962368,0.7619308474509745,512,0.8809654237254873,656.0186087112569,52.2,30.2,56.2,6.997502113128438,142.90813833751324,False
2026-05-08T23:01:48.469,52.2,30.2,56.2,6.997502113128438,142.90813833751324,-0.15748442983349276,-0.03954508503187859,416,0.4802274574840607,705.4883580832071,50.8,30.1,56.2,7.549040137963868,132.46717221319753,False
2026-05-08T23:01:49.855,50.8,30.1,56.2,7.549040137963868,132.46717221319753,0.7111226401162263,0.1211687494379039,576,0.560584374718952,743.6671726400763,46.7,30.0,54.0,6.2105693009463945,161.01583470739396,False
2026-05-08T23:01:51.210,46.7,30.0,54.0,6.2105693009463945,161.01583470739396,0.5931362328460195,-0.6846223267979525,576,0.15768883660102373,786.163825880572,46.5,30.1,56.2,5.515654740839397,181.30213854680386,False
2026-05-08T23:01:51.746,46.5,30.1,56.2,5.515654740839397,181.30213854680386,-0.8770622043531573,-0.39045132168194385,288,0.3047743391590281,775.3797718159194,55.2,30.2,55.65,9.343400320164667,107.0274167576688,False
2026-05-08T23:01:53.532,55.2,30.2,55.65,9.343400320164667,107.0274167576688,0.9237257311316849,0.8019508966177384,640,0.9009754483088692,340.66514974880727,48.0,30.3,55.1,6.819564694019462,146.63692550302628,False
2026-05-08T23:01:54.194,48.0,30.3,55.1,6.819564694019462,146.63692550302628,-0.9091076564628517,0.543364735579015,288,0.7716823677895075,208.35278844296198,51.5,30.2,55.1,9.493234934093433,105.33817049114208,False
2026-05-08T23:01:55.651,51.5,30.2,55.1,9.493234934093433,105.33817049114208,0.7505898616952844,0.23880492768973838,608,0.6194024638448692,787.629426212514,47.0,30.5,55.65,7.156597899202874,139.73119827109238,False
2026-05-08T23:01:56.893,47.0,30.5,55.65,7.156597899202874,139.73119827109238,0.5192801086938459,-0.1686723778035759,544,0.41566381109821204,757.0759817172936,45.6,30.7,56.75,6.2697729239518125,159.4954095035557,False
2026-05-08T23:01:57.728,45.6,30.7,56.75,6.2697729239518125,159.4954095035557,-0.5012429950741004,0.6337677583128665,352,0.8168838791564332,671.3005968674976,52.5,30.7,57.3,7.966897563281569,125.51937464451338,False
2026-05-08T23:01:59.707,52.5,30.7,57.3,7.966897563281569,125.51937464451338,0.8101860442138322,-0.14585838700994813,608,0.42707080649502593,643.7965176605659,52.3,30.6,55.65,5.769375322274821,173.32899042624732,False
2026-05-08T23:02:00.279,52.3,30.6,55.65,5.769375322274821,173.32899042624732,-0.9129387194720033,-0.7430995675149792,288,0.1284502162425104,607.0347213904753,52.5,30.6,55.65,9.114361785819684,109.71695259626638,False
2026-05-08T23:02:02.317,52.5,30.6,55.65,9.114361785819684,109.71695259626638,0.1878371845224085,0.9542410332776945,480,0.9771205166388472,688.7836074248863,55.7,30.3,54.55,7.900000338655315,126.58227305471398,False
2026-05-08T23:02:03.253,55.7,30.3,54.55,7.900000338655315,126.58227305471398,-0.2461492428067833,0.5287679062781194,416,0.7643839531390597,821.6779766927053,49.3,30.5,56.2,7.834141120932914,127.64641133767537,False
2026-05-08T23:02:03.877,49.3,30.5,56.2,7.834141120932914,127.64641133767537,-0.8138916629306501,0.1499685475079815,288,0.5749842737539907,717.3198210469808,52.5,30.5,55.65,10.130461839454291,98.7121827067529,False
2026-05-08T23:02:04.420,52.5,30.5,55.65,10.130461839454291,98.7121827067529,-0.8635755441836246,-0.8084267526512727,288,0.09578662367436364,705.0041899075069,53.3,30.5,55.1,11.783579705165296,84.86385504412152,False
2026-05-08T23:02:05.289,53.3,30.5,55.1,11.783579705165296,84.86385504412152,-0.08158117213325666,-0.6608737980249493,448,0.16956310098752536,841.9022856477616,47.0,30.4,55.65,9.889648055435522,101.11583287843925,False
2026-05-08T23:02:06.421,47.0,30.4,55.65,9.889648055435522,101.11583287843925,0.3278741322756411,0.1351056530500383,512,0.5675528265250191,835.1222694008324,46.1,30.4,55.1,8.195117422324676,122.02387695823082,False
2026-05-08T23:02:08.302,46.1,30.4,55.1,8.195117422324676,122.02387695823082,0.9357618075198366,0.9248182209427507,640,0.9624091104713753,866.7780271985692,47.3,30.4,55.1,6.145964175323848,162.7084004190941,False
2026-05-08T23:02:09.671,47.3,30.4,55.1,6.145964175323848,162.7084004190941,0.7159315694476183,-0.914104415986287,576,0.0429477920068565,885.6001703425628,47.5,30.4,54.55,5.465036034195127,182.98141013946247,False
2026-05-08T23:02:18.242,47.5,30.4,54.55,5.465036034195127,182.98141013946247,-0.32784724814959043,0.992213261354026,384,0.996106630677013,836.9102379138435,63.1,30.1,57.3,7.30826405341877,136.8313997264788,False
2026-05-08T23:02:18.997,63.1,30.1,57.3,7.30826405341877,136.8313997264788,-0.38609537205750266,-0.6177990859940123,384,0.19110045700299383,742.7412666494131,51.3,30.2,56.75,8.264775518235092,120.9954218107482,False
2026-05-08T23:02:20.436,51.3,30.2,56.75,8.264775518235092,120.9954218107482,0.7662069958257915,-0.633339960881844,608,0.18333001955907802,719.7612825492712,47.3,30.2,55.1,6.482113509826232,154.2706708983267,False
2026-05-08T23:02:21.121,47.3,30.2,55.1,6.482113509826232,154.2706708983267,-0.46634376131443145,-0.6140878766368865,352,0.19295606168155677,690.9647621252252,51.0,30.3,57.3,8.305721804570595,120.39892781500401,False
2026-05-08T23:02:22.201,51.0,30.3,57.3,8.305721804570595,120.39892781500401,0.3321190358037851,0.0348392971387379,512,0.517419648569369,842.9626059361319,48.7,30.3,55.65,7.381305941525246,135.4773813634073,False
2026-05-08T23:02:23.269,48.7,30.3,55.65,7.381305941525246,135.4773813634073,0.3093147407466692,-0.2535954061659944,512,0.3732022969170028,696.4288076100738,48.2,30.3,58.4,6.887637264464477,145.1876690950785,False
2026-05-08T23:02:23.893,48.2,30.3,58.4,6.887637264464477,145.1876690950785,-0.6013026909350239,-0.4015425837746227,320,0.29922870811268865,653.2376131437319,52.3,30.2,57.3,9.09804719443527,109.91369671193176,False
2026-05-08T23:02:24.477,52.3,30.2,57.3,9.09804719443527,109.91369671193176,-0.8899719668521318,0.06026039748664669,288,0.5301301987433233,492.02688501794256,53.2,30.2,55.65,10.829826449177723,92.33758312682167,False
2026-05-08T23:02:25.570,53.2,30.2,55.65,10.829826449177723,92.33758312682167,0.14710789496844723,0.8642518971301931,480,0.9321259485650966,718.3334246397264,46.7,30.3,55.65,8.80007619657392,113.63537970152166,False
2026-05-08T23:02:26.255,46.7,30.3,55.65,8.80007619657392,113.63537970152166,-0.4784655946224674,-0.9486831004657039,352,0.02565844976714804,187.7854561338203,46.6,30.2,55.1,9.564193508801262,104.55664652537295,False
2026-05-08T23:02:28.359,46.6,30.2,55.1,9.564193508801262,104.55664652537295,0.3798374997927747,0.903780313760262,512,0.951890156880131,591.9089967148394,58.0,30.3,54.55,7.1347190307647015,140.15968893631677,False
2026-05-08T23:02:28.924,58.0,30.3,54.55,7.1347190307647015,140.15968893631677,-0.8466084136914707,-0.2296091875162798,288,0.3851954062418601,648.3166944012817,55.1,30.3,56.75,9.950192949689745,100.50056366305749,False
2026-05-08T23:02:30.295,55.1,30.3,56.75,9.950192949689745,100.50056366305749,0.5208234284121585,0.8762404215421202,544,0.9381202107710601,761.8592585252701,48.0,30.1,56.2,7.795901662379373,128.27252616919128,False
2026-05-08T23:02:31.741,48.0,30.1,56.2,7.795901662379373,128.27252616919128,0.8817860166434415,-0.8613289381976696,608,0.06933553090116518,851.2714812855896,46.3,30.3,55.65,6.241928449139978,160.20689890121722,False
2026-05-08T23:02:32.310,46.3,30.3,55.65,6.241928449139978,160.20689890121722,-0.8435785374945479,-0.054447417027579714,288,0.47277629148621014,771.5077378984073,50.5,30.3,55.65,9.537544075650787,104.84879462344878,False
2026-05-08T23:02:33.012,50.5,30.3,55.65,9.537544075650787,104.84879462344878,-0.5735295671655427,-0.460109228139165,352,0.2699453859304175,805.6475535191848,51.7,30.3,56.2,9.833940827506009,101.68863302522134,False
2026-05-08T23:02:33.602,51.7,30.3,56.2,9.833940827506009,101.68863302522134,-0.8749350952556958,0.07367582867294686,288,0.5368379143364734,764.2693497790374,49.7,30.3,54.0,11.35409407842505,88.07395756040029,False
2026-05-08T23:02:34.667,49.7,30.3,54.0,11.35409407842505,88.07395756040029,0.27587660179290263,-0.7900543905796977,512,0.10497280471015114,871.2542580714907,47.2,30.3,55.65,8.961047160901664,111.59410078357178,False
2026-05-08T23:02:35.580,47.2,30.3,55.65,8.961047160901664,111.59410078357178,0.04503608881149068,-0.6401893208945508,448,0.17990533955272459,814.9952588061002,47.5,30.3,55.1,8.30022444740485,120.47866974400436,False
2026-05-08T23:02:37.045,47.5,30.3,55.1,8.30022444740485,120.47866974400436,0.8904695456070657,-0.1375483316021504,608,0.4312258341989248,838.1465596713253,48.3,30.2,54.55,6.525417540940256,153.2468985664186,False
2026-05-08T23:02:38.076,48.3,30.2,54.55,6.525417540940256,153.2468985664186,0.12127795404235342,-0.19361853093550252,480,0.40319073453224874,832.1596054038827,50.5,30.3,55.1,6.571395454877574,152.17467992399648,False
2026-05-08T23:02:39.033,50.5,30.3,55.1,6.571395454877574,152.17467992399648,-0.048908898566315084,0.4071428885416115,448,0.7035714442708058,797.197079710374,49.2,30.4,55.65,7.124263209793741,140.36539225913182,False
2026-05-08T23:02:40.129,49.2,30.4,55.65,7.124263209793741,140.36539225913182,0.3310330879222403,-0.6865523731655967,512,0.15672381341720165,796.1605996911621,47.0,30.3,54.55,6.677200411428822,149.76336464132203,False
2026-05-08T23:02:41.118,47.0,30.3,54.55,6.677200411428822,149.76336464132203,0.05128343892662568,0.4531224356298116,448,0.7265612178149058,827.9726134000958,51.2,30.3,58.4,7.056959112988659,141.70409435410414,False
2026-05-08T23:02:41.704,51.2,30.3,58.4,7.056959112988659,141.70409435410414,-0.8521400189907744,-0.40815848601344307,288,0.29592075699327847,701.9492590402144,50.3,30.3,55.65,9.601831663310321,104.14679563911878,False
2026-05-08T23:02:44.836,50.3,30.3,55.65,9.601831663310321,104.14679563911878,-0.24484915146664243,0.9800679217715003,416,0.9900339608857501,732.6641163217419,60.6,30.1,55.1,8.918147237106039,112.13091390095758,False
2026-05-08T23:02:45.754,60.6,30.1,55.1,8.918147237106039,112.13091390095758,-0.14916136470441677,0.02008185763511028,416,0.5100409288175551,828.476525969732,52.6,30.2,56.2,8.390047285207253,119.18883958653373,False
2026-05-08T23:02:47.050,52.6,30.2,56.2,8.390047285207253,119.18883958653373,0.564966982011379,0.7873395428062184,544,0.8936697714031092,831.8289632513639,47.5,30.2,57.85,7.003984739235062,142.7758679139005,False
2026-05-08T23:02:48.516,47.5,30.2,57.85,7.003984739235062,142.7758679139005,0.8386672129276238,-0.22341856371089097,608,0.3882907181445545,822.9316772585495,48.3,30.1,56.75,5.804856678613497,172.26954175875574,False
2026-05-08T23:02:49.139,48.3,30.1,56.75,5.804856678613497,172.26954175875574,-0.7748113329849697,0.5784399751806841,288,0.7892199875903421,803.9479806534137,51.5,30.2,55.1,9.303523334358754,107.4861602493014,False
2026-05-08T23:02:50.480,51.5,30.2,55.1,9.303523334358754,107.4861602493014,-0.1703722093015565,-0.28174416040960315,416,0.3591279197951984,811.1331889886915,57.4,30.4,55.1,7.387839805755014,135.35756409079355,False
2026-05-08T23:02:51.546,57.4,30.4,55.1,7.387839805755014,135.35756409079355,-0.015048742614726995,0.6500437277552487,448,0.8250218638776243,876.1534551358527,49.7,30.6,57.85,7.288926932305094,137.19440588269885,False
2026-05-08T23:02:52.274,49.7,30.6,57.85,7.288926932305094,137.19440588269885,-0.5151944044141241,0.26448198027578873,352,0.6322409901378944,869.1613113197361,54.5,30.6,56.75,8.604677020091705,116.21586698315637,False
2026-05-08T23:02:53.168,54.5,30.6,56.75,8.604677020091705,116.21586698315637,-0.24513482313744905,0.49030643246309835,416,0.7451532162315492,761.1317586113579,48.4,30.6,55.1,8.440675679074284,118.47392768320098,False
2026-05-08T23:02:54.219,48.4,30.6,55.1,8.440675679074284,118.47392768320098,0.41252565050137124,0.12606444632026403,512,0.563032223160132,642.4172375635983,44.7,30.6,55.65,7.4497192298373855,134.23324680409846,False
2026-05-08T23:02:55.810,44.7,30.6,55.65,7.4497192298373855,134.23324680409846,0.7356091481985887,0.7320018172925176,576,0.8660009086462588,762.8522338469904,49.0,30.5,56.2,6.1504112544794705,162.59075346736847,False
2026-05-08T23:02:56.789,49.0,30.5,56.2,6.1504112544794705,162.59075346736847,0.1848346954796234,-0.8264711411934147,480,0.08676442940329265,410.2623242574975,48.5,30.6,56.2,6.404676174605152,156.13591893451974,False
2026-05-08T23:02:57.903,48.5,30.6,56.2,6.404676174605152,156.13591893451974,-0.02770456080650341,0.8862139763105248,448,0.9431069881552624,144.8908658621387,48.7,30.6,56.2,6.888953210311421,145.15993496707088,False
2026-05-08T23:02:59.209,48.7,30.6,56.2,6.888953210311421,145.15993496707088,0.46627428105253177,0.45880825177060736,544,0.7294041258853037,806.3266120836269,46.4,30.6,55.65,6.159198125298573,162.35879730716147,False
2026-05-08T23:02:59.964,46.4,30.6,55.65,6.159198125298573,162.35879730716147,-0.2615332096786265,-0.027258998143221636,384,0.4863705009283892,778.3186377458554,52.0,30.6,55.1,7.750428507958034,129.02512409129557,False
2026-05-08T23:03:00.799,52.0,30.6,55.1,7.750428507958034,129.02512409129557,-0.18504308878463704,0.23376222267599212,416,0.6168811113379961,646.6412971140985,49.5,30.5,56.2,7.936980503786917,125.99249796857593,False
2026-05-08T23:03:01.382,49.5,30.5,56.2,7.936980503786917,125.99249796857593,-0.7531263895482148,-0.1416699837690345,288,0.42916500811548275,590.3856180172634,52.9,30.5,54.55,10.240352939799392,97.65288421978842,False
2026-05-08T23:03:05.480,52.9,30.5,54.55,10.240352939799392,97.65288421978842,-0.7209433423480414,0.9969108657065702,320,0.9984554328532851,773.786039473272,63.2,30.3,55.65,10.910399136277096,91.65567524243896,False
2026-05-08T23:03:06.153,63.2,30.3,55.65,10.910399136277096,91.65567524243896,-0.6082761070445004,0.07148215474326758,320,0.5357410773716338,771.4958545404448,57.4,30.2,54.55,11.118816751594082,89.93762756784638,False
2026-05-08T23:03:06.726,57.4,30.2,54.55,11.118816751594082,89.93762756784638,-0.7501139132946162,-0.6099787849295273,288,0.19501060753523636,715.4835409593823,50.5,30.2,56.2,11.947996858679275,83.69603807466513,False
2026-05-08T23:03:07.963,50.5,30.2,56.2,11.947996858679275,83.69603807466513,-0.6417230912518319,0.8709359575212736,320,0.9354679787606368,855.6920412603683,56.8,30.1,57.3,11.528237440526585,86.74352910919244,False
2026-05-08T23:03:11.786,56.8,30.1,57.3,11.528237440526585,86.74352910919244,-0.16895500531277885,0.9858673255525665,416,0.9929336627762833,537.2933786564571,67.0,30.1,56.2,9.91895459776653,100.8170760480315,False
2026-05-08T23:03:12.531,67.0,30.1,56.2,9.91895459776653,100.8170760480315,-0.32209498976818685,0.3219404435863369,384,0.6609702217931684,713.8456216334467,51.8,30.2,56.75,9.817859700090196,101.85519355005786,False
2026-05-08T23:03:13.620,51.8,30.2,56.75,9.817859700090196,101.85519355005786,0.2720301292638929,0.4387517414389246,512,0.7193758707194623,702.7406312014353,49.8,30.2,55.65,8.192111363672288,122.06865307452667,False
2026-05-08T23:03:15.523,49.8,30.2,55.65,8.192111363672288,122.06865307452667,0.8133519480779603,0.9052809359123648,608,0.9526404679561824,663.1228212365917,48.0,30.2,57.3,6.422950479314568,155.69168767851315,False
2026-05-08T23:03:18.683,48.0,30.2,57.3,6.422950479314568,155.69168767851315,0.24495520040623142,0.9844034162581663,480,0.9922017081290831,715.4384075123849,59.8,30.5,56.75,6.057169776636503,165.09360590438854,False
2026-05-08T23:03:19.905,59.8,30.5,56.75,6.057169776636503,165.09360590438854,0.4496632942783225,-0.22824266339254584,544,0.3858786683037271,97.52276343617233,47.7,30.3,56.75,5.757200167292405,173.6955413989535,False
2026-05-08T23:03:21.301,47.7,30.3,56.75,5.757200167292405,173.6955413989535,0.6030353937894053,0.5237233413853015,576,0.7618616706926508,303.0883878365128,45.7,30.3,56.75,5.2469455192206205,190.58707515387727,False
2026-05-08T23:03:22.300,45.7,30.3,56.75,5.2469455192206205,190.58707515387727,0.2415616123171216,-0.8149356110645805,480,0.09253219446770977,502.3095401849815,50.7,30.4,55.1,5.893941473696829,169.66574989974828,False
2026-05-08T23:03:22.871,50.7,30.4,55.1,5.893941473696829,169.66574989974828,-0.8174649082463799,-0.8557004845013827,288,0.07214975774930865,383.7065318864763,51.7,30.3,57.3,9.217000342442326,108.4951679338898,False
2026-05-08T23:03:23.583,51.7,30.3,57.3,9.217000342442326,108.4951679338898,-0.3002463646860529,-0.42607323757457505,384,0.2869633812127125,582.1400103755524,52.8,30.3,57.85,9.45274914867072,105.78933009563929,False
2026-05-08T23:03:25.096,52.8,30.3,57.85,9.45274914867072,105.78933009563929,0.9068996639063587,0.5367777599156338,608,0.7683888799578169,707.560170451029,47.5,30.5,56.75,7.104610312400631,140.7536734639148,False
2026-05-08T23:03:26.531,47.5,30.5,56.75,7.104610312400631,140.7536734639148,0.5847490352532909,0.5907346178673158,576,0.7953673089336579,747.1366132518443,49.0,30.4,56.2,5.960020696104113,167.78465226700808,False
2026-05-08T23:03:27.857,49.0,30.4,56.2,5.960020696104113,167.78465226700808,0.49025678418862095,0.6715618072828078,544,0.8357809036414039,759.4754111296431,47.2,30.3,53.45,5.6603002442003945,176.66907352213533,False
2026-05-08T23:03:28.899,47.2,30.3,53.45,5.6603002442003945,176.66907352213533,-0.0300371876919745,0.7694535036596022,448,0.8847267518298011,712.0765021632355,48.5,30.4,56.2,6.498178073454131,153.88928845842574,False
2026-05-08T23:03:30.089,48.5,30.4,56.2,6.498178073454131,153.88928845842574,0.5396402184094933,-0.6902613103518138,544,0.1548693448240931,129.32902180702527,46.5,30.4,55.65,5.984037739166707,167.11124554826966,False
2026-05-08T23:03:30.915,46.5,30.4,55.65,5.984037739166707,167.11124554826966,-0.10527858854047589,-0.9081401563790783,416,0.04592992181046085,229.13573629097908,47.7,30.4,54.55,6.96566896742709,143.56122931999883,False
2026-05-08T23:03:31.610,47.7,30.4,54.55,6.96566896742709,143.56122931999883,-0.882926522713545,0.6253908112312052,288,0.8126954056156026,539.8746950869353,53.4,30.4,55.65,9.357561882847524,106.8654434263488,False
2026-05-08T23:03:32.575,53.4,30.4,55.65,9.357561882847524,106.8654434263488,-0.15122861842716762,0.7090766653659484,416,0.8545383326829742,748.8071624579213,48.2,30.4,56.75,8.748035578132578,114.31137780231428,False
2026-05-08T23:03:33.074,48.2,30.4,56.75,8.748035578132578,114.31137780231428,-0.9724937729475327,-0.640033061702457,256,0.1799834691487715,451.3474728158643,53.7,30.3,55.65,12.009254889395663,83.26911279758195,False
2026-05-08T23:03:33.803,53.7,30.3,55.65,12.009254889395663,83.26911279758195,-0.7058735699528413,0.7284908046455958,320,0.8642454023227979,614.273280868351,53.4,30.3,56.2,12.323115696558038,81.1483089685922,False
2026-05-08T23:03:34.708,53.4,30.3,56.2,12.323115696558038,81.1483089685922,-0.1636815551355344,0.6747861629610774,416,0.8373930814805387,818.164825730757,51.7,30.3,55.65,10.311995419279643,96.97444183599687,False
2026-05-08T23:03:35.336,51.7,30.3,55.65,10.311995419279643,96.97444183599687,-0.7596919488446827,0.0414665758215913,288,0.5207332879107957,778.9841233288724,51.0,30.3,55.65,11.471134054521988,87.17533900720079,False
2026-05-08T23:03:36.061,51.0,30.3,55.65,11.471134054521988,87.17533900720079,-0.5938163646628325,0.661287239857798,320,0.830643619928899,838.739082883189,51.8,30.3,55.65,11.589389649234276,86.28582093329403,False
2026-05-08T23:03:36.712,51.8,30.3,55.65,11.589389649234276,86.28582093329403,-0.9060252456674678,0.5254040939985694,288,0.7627020469992847,794.9370435333158,52.3,30.3,56.75,11.90627252899716,83.98934238776641,False
2026-05-08T23:03:39.025,52.3,30.3,56.75,11.90627252899716,83.98934238776641,0.4172946691688004,0.8868361160737668,544,0.9434180580368834,859.1434145379837,58.3,30.4,56.75,8.216007721916178,121.71361491451654,False
2026-05-08T23:03:40.418,58.3,30.4,56.75,8.216007721916178,121.71361491451654,0.714070042468608,0.013622833074971918,576,0.506811416537486,885.1114900755616,46.3,30.5,54.55,6.5493678231567,152.6864923457627,False
2026-05-08T23:03:41.865,46.3,30.5,54.55,6.5493678231567,152.6864923457627,0.7797875242274546,-0.21820760491418523,608,0.3908961975429074,872.761207977277,48.1,30.6,57.3,5.589901818885119,178.89401860719005,False
2026-05-08T23:03:42.899,48.1,30.6,57.3,5.589901818885119,178.89401860719005,0.4110371557101471,0.06663696256737661,512,0.5333184812836883,659.0009872215669,48.0,30.5,56.75,5.966488401154792,167.60277281465153,False
2026-05-08T23:03:44.086,48.0,30.5,56.75,5.966488401154792,167.60277281465153,0.4615601234692974,-0.5603721251987548,544,0.2198139374006226,577.3207778332057,48.8,30.5,56.75,5.724408401555944,174.69054089994543,False
2026-05-08T23:03:45.175,48.8,30.5,56.75,5.724408401555944,174.69054089994543,-0.6378466639216254,0.9315857909977585,320,0.9657928954988793,439.3432426903554,58.7,30.5,58.4,8.765324525794975,114.0859071512021,False
2026-05-08T23:03:46.234,58.7,30.5,58.4,8.765324525794975,114.0859071512021,-0.06342239301231278,0.6550980493598149,448,0.8275490246799074,735.9870348981765,50.0,30.5,57.3,8.091056343714492,123.59325624729415,False
2026-05-08T23:03:47.073,50.0,30.5,57.3,8.091056343714492,123.59325624729415,-0.09897113401951207,-0.6030450802469141,416,0.19847745987654297,721.8490471537029,47.5,30.4,56.2,8.031368115009885,124.51178749123608,False
2026-05-08T23:03:47.829,47.5,30.4,56.2,8.031368115009885,124.51178749123608,-0.32813561181857454,-0.3955327356598628,384,0.3022336321700686,610.212037106143,49.7,30.4,56.75,8.69637343423646,114.9904621233414,False
2026-05-08T23:03:49.088,49.7,30.4,56.75,8.69637343423646,114.9904621233414,0.34572690946740603,0.6804032410508181,512,0.840201620525409,643.3999549372475,52.3,30.3,56.75,7.581321677355683,131.90312224672596,False
2026-05-08T23:03:50.542,52.3,30.3,56.75,7.581321677355683,131.90312224672596,0.5998841180123036,0.6379200803363492,576,0.8189600401681746,576.6820338235021,47.8,30.3,54.55,6.21511911453025,160.89796214236867,False
2026-05-08T23:03:51.089,47.8,30.3,54.55,6.21511911453025,160.89796214236867,-0.8252701292561839,-0.49689657091377226,288,0.25155171454311387,644.303330065623,54.2,30.4,55.65,9.57942966551394,104.3903483732452,False
2026-05-08T23:03:51.570,54.2,30.4,55.65,9.57942966551394,104.3903483732452,-0.9780810164549716,0.548127134326565,256,0.7740635671632825,703.6535854549037,53.1,30.4,55.1,13.145406737501252,76.07219920759069,False
2026-05-08T23:03:52.429,53.1,30.4,55.1,13.145406737501252,76.07219920759069,-0.03596725285062141,-0.9523727308408438,448,0.02381363457957808,675.9600079951912,46.4,30.4,55.65,10.641962491035404,93.96763057963997,False
2026-05-08T23:03:53.007,46.4,30.4,55.65,10.641962491035404,93.96763057963997,-0.6586252900018126,0.5252479435572117,320,0.7626239717786059,717.7739769469528,54.4,30.4,56.2,11.621449280639323,86.04778765983545,False
2026-05-08T23:03:54.148,54.4,30.4,56.2,11.621449280639323,86.04778765983545,0.3505050047743117,0.7415480486999628,512,0.8707740243499814,645.8595904988144,47.7,30.3,54.0,9.135809111838197,109.45937987082044,False
2026-05-08T23:03:55.348,47.7,30.3,54.0,9.135809111838197,109.45937987082044,0.4231349049624451,-0.22975069425745254,544,0.38512465287127373,707.6125826837546,47.4,30.4,55.1,7.407964938582903,134.9898397590545,False
2026-05-08T23:03:56.252,47.4,30.4,55.1,7.407964938582903,134.9898397590545,-0.1653108249345987,0.09125409259302897,416,0.5456270462965145,599.0026326346075,50.0,30.4,54.55,7.818419591115542,127.90308685099859,False
2026-05-08T23:03:57.474,50.0,30.4,54.55,7.818419591115542,127.90308685099859,0.5798134877420831,-0.7817016303125812,544,0.10914918484370939,886.2659089586685,47.5,30.3,55.1,6.685406169529202,149.5795430587012,False
2026-05-08T23:04:00.596,47.5,30.3,55.1,6.685406169529202,149.5795430587012,-0.6869067447603321,0.9803425503557541,320,0.9901712751778771,623.3170148126206,47.7,30.2,56.75,9.14950693246498,109.29550711106884,False
2026-05-08T23:04:02.500,47.7,30.2,56.75,9.14950693246498,109.29550711106884,-0.5647720616028964,0.8837499771069943,352,0.9418749885534972,819.3046111987883,68.5,30.5,54.55,7.724608939880691,129.4563916157865,False
2026-05-08T23:04:03.971,68.5,30.5,54.55,7.724608939880691,129.4563916157865,0.6421547763556186,-0.8367847750212984,576,0.08160761248935078,851.7128106666066,46.7,30.4,56.75,6.270710112186261,159.47157213608673,False
2026-05-08T23:04:05.485,46.7,30.4,56.75,6.270710112186261,159.47157213608673,0.36589977200152557,0.8438008578619909,512,0.9219004289309954,841.6534153360304,53.7,30.4,56.2,6.236725611416527,160.34054763760454,False
2026-05-08T23:04:06.979,53.7,30.4,56.2,6.236725611416527,160.34054763760454,0.7737968124250838,0.185804708189929,608,0.5929023540949645,599.4873281562402,46.0,30.5,54.55,5.373485081520197,186.09896274562522,False
2026-05-08T23:04:07.614,46.0,30.5,54.55,5.373485081520197,186.09896274562522,-0.6527926382321712,0.1744992624521533,320,0.5872496312260767,699.2746811460573,50.7,30.6,56.2,8.670872995525876,115.32864113175162,False
2026-05-08T23:04:08.987,50.7,30.6,56.2,8.670872995525876,115.32864113175162,0.5851336341301148,-0.6268481021841581,576,0.18657594890792095,745.1193938927014,46.2,30.5,55.65,6.803058563374607,146.99270786579228,False
2026-05-08T23:04:09.597,46.2,30.5,55.65,6.803058563374607,146.99270786579228,-0.9150374860297177,0.19796970383537427,288,0.5989848519176871,716.7726641257659,54.2,30.6,56.2,9.256056801545858,108.03736639051195,False
2026-05-08T23:04:10.527,54.2,30.6,56.2,9.256056801545858,108.03736639051195,-0.3027488729606653,0.764346367887395,384,0.8821731839436975,639.7653036083412,52.3,30.6,55.1,9.280704059400636,107.75044582819957,False
2026-05-08T23:04:11.303,52.3,30.6,55.1,9.280704059400636,107.75044582819957,-0.44296510166434055,0.16470843013845582,352,0.5823542150692279,321.64098675124194,51.2,30.6,55.65,9.436553509803645,105.97089275879155,False
2026-05-08T23:04:12.490,51.2,30.6,55.65,9.436553509803645,105.97089275879155,0.10519501704414957,0.7913206368625076,480,0.8956603184312538,681.0451625837956,50.7,30.5,56.75,8.114803442270206,123.23157389012972,False
2026-05-08T23:04:13.962,50.7,30.5,56.75,8.114803442270206,123.23157389012972,0.5548443180904823,0.8406463301091551,544,0.9203231650545776,745.2421190506846,51.3,30.4,55.1,6.796760574040628,147.12891370918288,False
2026-05-08T23:04:15.386,51.3,30.4,55.1,6.796760574040628,147.12891370918288,0.6865076081825066,0.046052398507182124,576,0.5230261992535911,416.38828523134424,47.7,30.5,55.1,5.804956063332039,172.26659238933172,False
2026-05-08T23:04:16.582,47.7,30.5,55.1,5.804956063332039,172.26659238933172,0.5490633686097486,-0.6207806190870293,544,0.18960969045648535,594.0370385207285,47.5,30.5,56.75,5.649318275208529,177.01250863991865,False
2026-05-08T23:04:17.873,47.5,30.5,56.75,5.649318275208529,177.01250863991865,-0.1208029115250584,0.888760896291013,416,0.9443804481455065,593.739806135357,56.3,30.5,54.55,6.944465601384291,143.9995612910319,False
2026-05-08T23:04:18.489,56.3,30.5,54.55,6.944465601384291,143.9995612910319,-0.6926403117162894,-0.6738325658972402,320,0.16308371705137992,781.2331645798022,50.2,30.5,56.75,9.214540227796386,108.52413417040835,False
2026-05-08T23:04:19.059,50.2,30.5,56.75,9.214540227796386,108.52413417040835,-0.8148933917493295,-0.9680954237922019,288,0.015952288103899037,770.5614788889657,52.5,30.5,55.65,10.761014023357681,92.92804542670572,False
2026-05-08T23:04:20.739,52.5,30.5,55.65,10.761014023357681,92.92804542670572,-0.08644115739117075,0.9674345431507434,416,0.9837172715753717,843.4038176015716,54.6,30.4,56.2,9.31824028968566,107.31639976132595,False
2026-05-08T23:04:21.333,54.6,30.4,56.2,9.31824028968566,107.31639976132595,-0.7231501318534452,-0.5102871026404912,320,0.24485644867975442,244.82927097538044,53.3,30.5,56.75,10.685869216000464,93.58153087842888,False
2026-05-08T23:04:22.058,53.3,30.5,56.75,10.685869216000464,93.58153087842888,-0.35548830419483335,-0.4258096109611269,384,0.28709519451943655,465.5860076133739,49.7,30.5,56.2,10.163244027672743,98.39378030057865,False
2026-05-08T23:04:23.104,49.7,30.5,56.2,10.163244027672743,98.39378030057865,0.23578121761256532,-0.22719533234807465,480,0.3864023338259627,632.3430281851934,45.4,30.5,55.65,8.420556523565711,118.75699631032782,False
2026-05-08T23:04:24.678,45.4,30.5,55.65,8.420556523565711,118.75699631032782,-0.21077917046168504,0.5673205163182138,416,0.7836602581591069,729.4923476875498,63.0,30.4,56.2,6.801416156123026,147.02820369251225,False
2026-05-08T23:04:25.459,63.0,30.4,56.2,6.801416156123026,147.02820369251225,-0.8138695100458468,0.7902402373450499,288,0.895120118672525,557.2150331386778,60.3,30.4,57.3,8.854754852385389,112.93367424289666,False
2026-05-08T23:04:26.486,60.3,30.4,57.3,8.854754852385389,112.93367424289666,0.30990536867174856,-0.8224398695525144,512,0.08878006522374282,282.56904495672876,46.9,30.4,54.55,7.68534162399864,130.1178332629156,False
2026-05-08T23:04:27.592,46.9,30.4,54.55,7.68534162399864,130.1178332629156,-0.3906656939712525,0.8783452875324773,384,0.9391726437662387,436.2072600960965,52.3,30.3,56.2,8.454867026715322,118.27507125070606,False
2026-05-08T23:04:28.750,52.3,30.3,56.2,8.454867026715322,118.27507125070606,0.4151635724076521,0.5705553770203393,512,0.7852776885101697,680.2882364821337,45.6,30.3,57.3,7.281437365788376,137.33552178838636,False
2026-05-08T23:04:30.406,45.6,30.3,57.3,7.281437365788376,137.33552178838636,0.9218356572220765,-0.3068615706194493,640,0.34656921469027535,675.417036493599,43.5,30.3,57.3,5.68053388145916,176.03979148226287,False
2026-05-08T23:04:31.172,43.5,30.3,57.3,5.68053388145916,176.03979148226287,-0.8733120686751605,0.5042703705112472,288,0.7521351852556236,596.0212662004772,51.0,30.5,54.55,8.89968574209545,112.36351810379182,False
2026-05-08T23:04:31.888,51.0,30.5,54.55,8.89968574209545,112.36351810379182,-0.3759826160272015,-0.3319324633313827,384,0.33403376833430865,337.84808171657494,43.1,30.5,55.65,9.221863739904016,108.43795009385036,False
2026-05-08T23:04:32.868,43.1,30.5,55.65,9.221863739904016,108.43795009385036,0.1401412439137697,-0.8036829357248132,480,0.0981585321375934,142.20854357385252,50.0,30.5,56.2,8.049057680662377,124.23814559093921,False
2026-05-08T23:04:33.538,50.0,30.5,56.2,8.049057680662377,124.23814559093921,-0.5477583436759004,-0.8279947988695058,352,0.08600260056524711,319.0102698678836,49.5,30.4,55.65,9.253053604241103,108.07243130437001,False
2026-05-08T23:04:34.180,49.5,30.4,55.65,9.253053604241103,108.07243130437001,-0.7328358221206044,-0.33467326143996434,320,0.33266336928001783,361.8197287696141,51.8,30.4,56.2,10.318228583714667,96.91586030360938,False
2026-05-08T23:04:35.675,51.8,30.4,56.2,10.318228583714667,96.91586030360938,0.884497705589592,0.5849776385189553,608,0.7924888192594777,701.5784894836736,45.0,30.4,55.65,7.574128881494648,132.0283844711478,False
2026-05-08T23:04:36.320,45.0,30.4,55.65,7.574128881494648,132.0283844711478,-0.8488156013719743,0.2580914665893941,288,0.629045733294697,740.3765756815526,49.7,30.4,55.65,9.874593098447377,101.26999563731229,False
2026-05-08T23:04:37.767,49.7,30.4,55.65,9.874593098447377,101.26999563731229,0.9073461434006918,-0.10613276698201779,608,0.4469336165089911,639.6668477305676,45.2,30.2,56.2,7.3549770340943414,135.96235520035657,False
2026-05-08T23:04:38.602,45.2,30.2,56.2,7.3549770340943414,135.96235520035657,-0.23167486414177696,-0.6047682063782744,416,0.19761589681086278,682.2510318866993,48.0,30.3,55.1,7.70946052302683,129.7107621231307,False
2026-05-08T23:04:39.917,48.0,30.3,55.1,7.70946052302683,129.7107621231307,0.2776192334178531,0.8786172120332272,512,0.9393086060166136,629.8429569635356,53.5,30.4,56.2,7.031765400602434,142.2117978956361,False
2026-05-08T23:04:40.975,53.5,30.4,56.2,7.031765400602434,142.2117978956361,0.15914064990455157,0.3211567569873328,480,0.6605783784936664,802.9187789952592,51.0,30.4,55.65,6.824509497424583,146.53067746149046,False
2026-05-08T23:04:41.839,51.0,30.4,55.65,6.824509497424583,146.53067746149046,-0.20232842713802102,-0.5463918610060146,416,0.22680406949699272,843.090899955524,49.0,30.4,56.2,7.40762252329993,134.99607962670893,False
2026-05-08T23:04:42.900,49.0,30.4,56.2,7.40762252329993,134.99607962670893,0.3682225848965046,-0.8144776389523198,512,0.09276118052384008,854.9289046754753,47.3,30.4,56.2,6.876153596081274,145.43014288830037,False
2026-05-08T23:04:44.126,47.3,30.4,56.2,6.876153596081274,145.43014288830037,0.4999855470483445,-0.8113677976221474,544,0.0943161011889263,855.5388202822159,45.4,30.3,55.1,6.156240919315373,162.43678782330835,False
2026-05-08T23:04:46.198,45.4,30.3,55.1,6.156240919315373,162.43678782330835,0.8516809474593803,-0.6649728951089546,608,0.16751355244552268,848.6186939525666,54.8,30.5,55.1,4.839757887347629,206.6219061524249,False
2026-05-08T23:04:46.697,54.8,30.5,55.1,4.839757887347629,206.6219061524249,-0.9176827168843769,0.13441578816446365,256,0.5672078940822318,743.1127484898275,48.7,30.5,56.75,10.337890462863195,96.73153372946832,False
2026-05-08T23:04:47.712,48.7,30.5,56.75,10.337890462863195,96.73153372946832,0.11410039026353425,-0.14065725711842414,480,0.42967137144078793,849.3387578187014,45.6,30.5,55.65,8.595850196372842,116.33520561142005,False
2026-05-08T23:04:48.627,45.6,30.5,55.65,8.595850196372842,116.33520561142005,-0.05818194951591904,-0.4605727147467038,448,0.2697136426266481,827.9386268733033,45.4,30.5,55.1,8.083444418001328,123.70964013472552,False
2026-05-08T23:04:49.438,45.4,30.5,55.1,8.083444418001328,123.70964013472552,-0.28342046123862064,0.2337677956672184,384,0.6168838978336092,770.574116892803,50.3,30.5,54.55,8.484837216011362,117.85729938494802,False
2026-05-08T23:04:51.062,50.3,30.5,54.55,8.484837216011362,117.85729938494802,0.995614583660265,-0.987643910454328,640,0.006178044772836011,808.3727385849371,47.5,30.4,57.85,6.352037544640293,157.42979996139627,False
2026-05-08T23:04:51.669,47.5,30.4,57.85,6.352037544640293,157.42979996139627,-0.7200334820035028,0.18859761984394297,320,0.5942988099219715,793.7227841206114,50.5,30.4,55.65,9.2002343093998,108.69288393865237,False
2026-05-08T23:04:53.116,50.5,30.4,55.65,9.2002343093998,108.69288393865237,0.8042577003561167,-0.48949831251921494,608,0.25525084374039253,851.7129433079308,46.7,30.5,56.2,6.980668599461013,143.2527537659088,False
2026-05-08T23:04:54.066,46.7,30.5,56.2,6.980668599461013,143.2527537659088,-0.03748244358467012,0.3351512348311434,448,0.6675756174155717,765.7304137280616,47.8,30.6,57.3,7.137113039991864,140.11267502653143,False
2026-05-08T23:04:55.156,47.8,30.6,57.3,7.137113039991864,140.11267502653143,0.24956803017296858,0.6407775096530481,480,0.8203887548265241,817.4645211067458,47.7,30.6,57.3,6.88734722242636,145.19378328187548,False
2026-05-08T23:04:56.350,47.7,30.6,57.3,6.88734722242636,145.19378328187548,0.3467850441106881,0.7327449133340804,512,0.8663724566670402,840.2826794066044,48.8,30.5,56.75,6.568642381721904,152.23845992630518,False
2026-05-08T23:04:57.389,48.8,30.5,56.75,6.568642381721904,152.23845992630518,0.3870058162858758,-0.9236845306018171,512,0.03815773469909145,855.5968913576545,46.2,30.5,56.2,6.449990617847647,155.03898520920617,False
2026-05-08T23:04:58.428,46.2,30.5,56.2,6.449990617847647,155.03898520920617,0.13012909206126766,0.18673343646661622,480,0.5933667182333081,864.4146064268966,46.7,30.5,55.1,6.441683496131801,155.23892171984158,False
2026-05-08T23:04:59.511,46.7,30.5,55.1,6.441683496131801,155.23892171984158,0.37229979300667027,0.343362534933775,512,0.6716812674668875,862.8853980117867,50.2,30.5,57.3,6.317648806909938,158.28673460073443,False
2026-05-08T23:05:00.694,50.2,30.5,57.3,6.317648806909938,158.28673460073443,0.38959772062108255,0.6020764135569541,512,0.801038206778477,801.1963004205277,48.7,30.4,56.2,6.2466618121555255,160.08550327697853,False
2026-05-08T23:05:01.723,48.7,30.4,56.2,6.2466618121555255,160.08550327697853,0.2970412368326607,-0.9964996808613262,512,0.0017501595693368843,426.1733938981295,48.5,30.3,58.4,6.299651972071574,158.7389278698773,False
2026-05-08T23:05:02.758,48.5,30.3,58.4,6.299651972071574,158.7389278698773,0.31128147185403887,-0.13566050462629575,512,0.4321697476868521,579.0743970156775,47.5,30.2,55.65,6.332549432426539,157.91428249724927,False
2026-05-08T23:05:03.802,47.5,30.2,55.65,6.332549432426539,157.91428249724927,0.3173474186954457,-0.3887761524895166,512,0.3056119237552417,563.943614805017,46.7,30.2,55.65,6.289882940739674,158.98547070295757,False
2026-05-08T23:05:05.191,46.7,30.2,55.65,6.289882940739674,158.98547070295757,0.7259162341143528,-0.7936006284344401,576,0.10319968578277994,628.6995370054013,48.3,30.0,56.2,5.504830767173814,181.65862717581797,False
2026-05-08T23:05:06.103,48.3,30.0,56.2,5.504830767173814,181.65862717581797,0.032002821769781864,0.1367385033474371,448,0.5683692516737185,701.0277952993357,48.8,30.1,54.55,6.476324253537014,154.4085751194213,False
2026-05-08T23:05:07.705,48.8,30.1,54.55,6.476324253537014,154.4085751194213,0.2582976199820597,0.4417375482483894,512,0.7208687741241947,781.5078784702407,61.1,30.5,56.2,5.449181503284222,183.5137991636542,False
2026-05-08T23:05:08.809,61.1,30.5,56.2,5.449181503284222,183.5137991636542,0.18710839684683167,0.11169087175773007,480,0.555845435878865,866.1550443004924,51.0,30.5,55.65,5.8516974017576695,170.89058632793126,False
2026-05-08T23:05:09.377,51.0,30.5,55.65,5.8516974017576695,170.89058632793126,-0.8506873341291044,-0.9467096307775413,288,0.026645184611229333,681.8700809789204,50.8,30.5,55.1,9.040839964502304,110.60919161564318,False
2026-05-08T23:05:10.286,50.8,30.5,55.1,9.040839964502304,110.60919161564318,0.04926718966785337,0.4923480940811342,448,0.7461740470405671,655.1975152846016,49.0,30.5,54.0,8.465433294371923,118.12744430516396,False
2026-05-08T23:05:10.996,49.0,30.5,54.0,8.465433294371923,118.12744430516396,-0.9186734897030071,0.9096199383551877,256,0.9548099691775939,430.12343845514715,52.5,30.5,54.55,11.940258852810777,83.75027814113064,False
2026-05-08T23:05:12.125,52.5,30.5,54.55,11.940258852810777,83.75027814113064,0.19735791446028705,0.7086339355459195,480,0.8543169677729597,808.6586554881393,49.2,30.4,56.2,9.375565485546865,106.66023308584157,False
2026-05-08T23:05:12.831,49.2,30.4,56.2,9.375565485546865,106.66023308584157,-0.859931155448697,0.7417502140731143,288,0.8708751070365571,638.7823487928246,53.0,30.5,55.65,11.138941447430735,89.7751374957318,False
2026-05-08T23:05:14.325,53.0,30.5,55.65,11.138941447430735,89.7751374957318,0.8108567567798848,0.18741965288109053,608,0.5937098264405453,728.848517749273,45.5,30.3,54.55,8.005277212356887,124.91759791358722,False
2026-05-08T23:05:15.445,45.5,30.3,54.55,8.005277212356887,124.91759791358722,0.2795875702215773,0.49512792926326266,512,0.7475639646316313,494.1073776811059,49.2,30.4,54.0,7.238991748212679,138.14078462610513,False
2026-05-08T23:05:17.716,49.2,30.4,54.0,7.238991748212679,138.14078462610513,0.42193837361112907,0.9524947425663057,544,0.9762473712831529,768.8356047412125,53.5,30.4,55.65,6.324794488075154,158.10790404105816,False
2026-05-08T23:05:18.241,53.5,30.4,55.65,6.324794488075154,158.10790404105816,-0.9402241075218298,-0.1839025832478649,256,0.40804870837606755,683.0262741674419,54.7,30.4,56.2,10.652856556590303,93.87153527204477,False
2026-05-08T23:05:19.491,54.7,30.4,56.2,10.652856556590303,93.87153527204477,0.4799532393440711,0.225688191902498,544,0.612844095951249,877.9504524083136,48.8,30.4,55.1,8.18490838634382,122.17607733624223,False
2026-05-08T23:05:20.131,48.8,30.4,55.1,8.18490838634382,122.17607733624223,-0.687138343154553,0.6396513353103963,320,0.8198256676551982,815.5695218333665,52.3,30.5,56.75,10.082322808349542,99.1834936262766,False
2026-05-08T23:05:21.226,52.3,30.5,56.75,10.082322808349542,99.1834936262766,0.41574372660032943,-0.5860762446062682,512,0.20696187769686591,866.7969191868465,45.5,30.5,56.2,8.19850302294597,121.97348676962125,False
2026-05-08T23:05:22.107,45.5,30.5,56.2,8.19850302294597,121.97348676962125,0.02130710657655599,-0.37576131954895775,448,0.3121193402255211,879.3199250298655,47.5,30.4,55.65,7.946843891787903,125.83611980013579,False
2026-05-08T23:05:22.980,47.5,30.4,55.65,7.946843891787903,125.83611980013579,-0.032838352050670094,-0.7970638244336867,448,0.10146808778315664,847.1676920687346,48.2,30.4,56.75,7.842357535287877,127.51267657720888,False
2026-05-08T23:05:23.854,48.2,30.4,56.75,7.842357535287877,127.51267657720888,-0.04700518802991582,-0.2189090291795499,448,0.39054548541022505,880.9061134286359,49.2,30.4,55.65,7.827480887714041,127.75502289243438,False
2026-05-08T23:05:24.805,49.2,30.4,55.65,7.827480887714041,127.75502289243438,-0.41452697950916684,0.5842979081250386,384,0.7921489540625193,653.5313613243607,52.6,30.4,55.65,8.443514544919429,118.43409455624291,False
2026-05-08T23:05:25.502,52.6,30.4,55.65,8.443514544919429,118.43409455624291,-0.5245702610753924,-0.2771040181230191,352,0.36144799093849045,736.696441694542,52.2,30.4,56.75,9.362132566086743,106.81327068817482,False
2026-05-08T23:05:26.999,52.2,30.4,56.75,9.362132566086743,106.81327068817482,0.5967969760217899,0.684910212261804,576,0.842455106130902,831.2029575170425,47.2,30.3,55.1,7.186706567624569,139.14579516922328,False
2026-05-08T23:05:29.060,47.2,30.3,55.1,7.186706567624569,139.14579516922328,0.8618978919632017,-0.7844144824992698,608,0.10779275875036509,301.4231421439858,58.4,30.5,54.55,5.38349267990546,185.75301564588753,False
2026-05-08T23:05:30.488,58.4,30.5,54.55,5.38349267990546,185.75301564588753,0.26188206907859946,0.891557260012726,512,0.945778630006363,518.4299368155289,53.0,30.6,56.75,5.789742023580383,172.719267270841,False
2026-05-08T23:05:31.332,53.0,30.6,56.75,5.789742023580383,172.719267270841,-0.11232788124868986,0.02716248437657387,416,0.5135812421882869,618.0314899496683,48.7,30.6,56.2,6.793778407769542,147.19349675231885,False
2026-05-08T23:05:32.025,48.7,30.6,56.2,6.793778407769542,147.19349675231885,-0.43736672534365373,-0.7518867483877589,352,0.12405662580612054,616.6203891762609,51.3,30.6,54.55,8.298141711625203,120.50890847032169,False
2026-05-08T23:05:33.447,51.3,30.6,54.55,8.298141711625203,120.50890847032169,0.6024269453704099,0.4827912975627624,576,0.7413956487813812,702.1679302364176,48.5,30.3,55.65,6.583439179549973,151.89629200286123,False
2026-05-08T23:05:34.828,48.5,30.3,55.65,6.583439179549973,151.89629200286123,0.6489664703179936,-0.8212854015127162,576,0.08935729924364189,725.5522347661345,47.5,30.3,55.65,5.6819814033226255,175.99494419591636,False
2026-05-08T23:05:35.558,47.5,30.3,55.65,5.6819814033226255,175.99494419591636,-0.3659154651651231,-0.32920545666683987,384,0.33539727166658007,692.0809068010086,52.6,30.6,54.55,7.412455866668379,134.90805449469238,False
2026-05-08T23:05:36.560,52.6,30.6,54.55,7.412455866668379,134.90805449469238,0.23735423557903834,-0.5028112199052721,480,0.24859439004736394,739.3983298141472,49.5,30.5,56.2,7.070334434627086,141.43602530348247,False
2026-05-08T23:05:37.190,49.5,30.5,56.2,7.070334434627086,141.43602530348247,-0.8046485590499397,0.33392500097192857,288,0.6669625004859643,327.4514029842011,51.5,30.5,56.75,9.667658034394321,103.43766778286236,False
2026-05-08T23:05:37.791,51.5,30.5,56.75,9.667658034394321,103.43766778286236,-0.693896421228763,-0.37484464389320893,320,0.31257767805339554,147.49072833690408,52.5,30.5,55.1,10.771774883035198,92.8352115466998,False
2026-05-08T23:05:38.232,52.5,30.5,55.1,10.771774883035198,92.8352115466998,-0.9659023061632328,-0.7293607497466001,256,0.13531962512669993,441.4550638980363,53.8,30.4,55.1,13.77064642338431,72.618232235044,False
2026-05-08T23:05:39.687,53.8,30.4,55.1,13.77064642338431,72.618232235044,0.9143186441846305,-0.4249523820421095,608,0.28752380897894525,657.8392121565968,46.6,30.3,55.1,9.388393735041472,106.51449313076586,False
2026-05-08T23:05:41.209,46.6,30.3,55.1,9.388393735041472,106.51449313076586,0.6756939631323995,0.7722779490827347,576,0.8861389745413674,667.2067998962902,48.2,30.2,55.65,7.179165878957457,139.29194795889265,False
2026-05-08T23:05:41.932,48.2,30.2,55.65,7.179165878957457,139.29194795889265,-0.5432565977647199,0.07281752511964323,352,0.5364087625598216,724.1633379063794,52.2,30.4,54.55,8.59998232688774,116.27930872293913,False
2026-05-08T23:05:43.377,52.2,30.4,54.55,8.59998232688774,116.27930872293913,0.8741043036730196,-0.7435852517511863,608,0.12820737412440686,696.1166032242895,45.7,30.3,55.1,6.67469699849389,149.81953491306717,False
2026-05-08T23:05:44.787,45.7,30.3,55.1,6.67469699849389,149.81953491306717,0.748462045932659,-0.43268415125481097,576,0.2836579243725945,785.9206221388409,46.9,30.3,55.1,5.717199550555313,174.91080924451373,False
2026-05-08T23:05:54.385,46.9,30.3,55.1,5.717199550555313,174.91080924451373,-0.8421464988584642,0.9960410018464412,288,0.9980205009232206,754.6851125789879,65.0,30.0,57.3,9.42190983366288,106.1355943385459,False
2026-05-08T23:05:54.989,65.0,30.0,57.3,9.42190983366288,106.1355943385459,-0.690802709004446,-0.7711299081339229,320,0.11443504593303855,644.6140578609907,60.0,30.0,56.75,10.745455559066357,93.0625969744262,False
2026-05-08T23:05:56.169,60.0,30.0,56.75,10.745455559066357,93.0625969744262,0.3745906465499995,0.2544844100837076,512,0.6272422050418538,648.7443347990694,44.1,30.0,56.2,8.529751037553606,117.23671600698995,False
2026-05-08T23:05:57.533,44.1,30.0,56.2,8.529751037553606,117.23671600698995,0.6358252449608344,-0.8753498815059926,576,0.06232505924700371,740.3940626605629,45.7,30.2,56.75,6.743918750459225,148.28173900106748,False
2026-05-08T23:05:59.516,45.7,30.2,56.75,6.743918750459225,148.28173900106748,0.705914347731154,0.13859734102011534,576,0.5692986705100577,460.4340929592209,62.0,30.6,56.2,5.154518824683022,194.0045296199874,False
2026-05-08T23:06:00.275,62.0,30.6,56.2,5.154518824683022,194.0045296199874,-0.2549543388278481,-0.21122664765831045,384,0.3943866761708448,207.96959717779222,48.2,30.7,56.2,7.179764468963095,139.28033493617104,False
2026-05-08T23:06:01.369,48.2,30.7,56.2,7.179764468963095,139.28033493617104,0.3585187783151813,-0.28551864066514443,512,0.3572406796674278,608.3709216195028,47.5,30.7,56.75,6.749475182204713,148.15966767853948,False
2026-05-08T23:06:02.286,47.5,30.7,56.75,6.749475182204713,148.15966767853948,-0.059720585922313774,-0.17201553730348573,448,0.41399223134825713,648.1047590635301,46.6,30.7,55.65,7.202829648901182,138.8343260558097,False
2026-05-08T23:06:03.383,46.6,30.7,55.65,7.202829648901182,138.8343260558097,-0.03329744000132773,0.7788908721927665,448,0.8894454360963833,680.6424423833707,53.3,30.6,56.2,7.443013518888143,134.35418294784753,False
2026-05-08T23:06:04.408,53.3,30.6,56.2,7.443013518888143,134.35418294784753,0.2758007980741022,-0.5247741110978956,512,0.2376129444510522,781.5192214425707,45.9,30.5,55.1,6.94991308659087,143.88669146516312,False
2026-05-08T23:06:05.640,45.9,30.5,55.1,6.94991308659087,143.88669146516312,0.5160209539912279,0.16881746885940552,544,0.5844087344297028,515.2479214862333,47.3,30.4,55.1,6.221873605524376,160.7232906679596,False
2026-05-08T23:06:06.677,47.3,30.4,55.1,6.221873605524376,160.7232906679596,0.17237625408646928,-0.6513840175269188,480,0.17430799123654062,780.5249245214044,46.9,30.6,55.65,6.366825964999774,157.06413297572138,False
2026-05-08T23:06:07.265,46.9,30.6,55.65,6.366825964999774,157.06413297572138,-0.9916288400192039,0.2388310629968744,256,0.6194155314984372,824.3235270351915,53.5,30.5,54.0,10.988518541070558,91.00407814414761,False
2026-05-08T23:06:08.160,53.5,30.5,54.0,10.988518541070558,91.00407814414761,0.021304330038995012,-0.15592263040904042,448,0.4220386847954798,822.3782783936737,48.2,30.5,54.55,9.40356061891045,106.34269725331612,False
2026-05-08T23:06:09.605,48.2,30.5,54.55,9.40356061891045,106.34269725331612,0.8043357751620366,-0.6677210771158881,608,0.16613946144205594,890.6937187746718,46.0,30.3,55.65,7.095796973917794,140.92849664043743,False
2026-05-08T23:06:10.226,46.0,30.3,55.65,7.095796973917794,140.92849664043743,-0.6045582039553508,-0.6350002521469693,320,0.18249987392651534,840.512199392674,49.2,30.3,54.55,9.31854812304358,107.31285462025222,False
2026-05-08T23:06:11.627,49.2,30.3,54.55,9.31854812304358,107.31285462025222,0.5997598481309889,-0.8286269634619465,576,0.08568651826902673,863.6053236459851,45.2,30.3,56.2,7.12526755813587,140.34560693207462,False
2026-05-08T23:06:12.677,45.2,30.3,56.2,7.12526755813587,140.34560693207462,0.11310922910088816,-0.2767707743186103,480,0.36161461284069485,817.4824243010574,44.6,30.3,55.65,6.771776354770186,147.67174041351475,False
2026-05-08T23:06:14.089,44.6,30.3,55.65,6.771776354770186,147.67174041351475,0.7363482515832502,0.22571754530657961,576,0.6128587726532898,846.5129493934442,45.2,30.4,57.3,5.789663330973219,172.72161485630014,False
2026-05-08T23:06:14.876,45.2,30.4,57.3,5.789663330973219,172.72161485630014,-0.4069120186647599,0.7718180072852843,384,0.8859090036426421,815.0763664375295,51.8,30.4,55.65,7.483848719450178,133.62108688822718,False
2026-05-08T23:06:15.900,51.8,30.4,55.65,7.483848719450178,133.62108688822718,0.20990152632640924,-0.8006966990568505,480,0.09965165047157476,765.1370564106628,47.2,30.4,56.2,7.052132268362921,141.80108397656863,False
2026-05-08T23:06:16.924,47.2,30.4,56.2,7.052132268362921,141.80108397656863,0.23164816261917176,-0.12305323694095427,480,0.43847338152952287,787.8437877427411,45.9,30.4,55.65,6.82167594280272,146.59154266262976,False
2026-05-08T23:06:17.531,45.9,30.4,55.65,6.82167594280272,146.59154266262976,-0.8029964951902688,-0.1986202891692055,288,0.40068985541539726,719.7885824470407,51.7,30.4,55.65,9.389134023352398,106.50609497242529,False
2026-05-08T23:06:19.306,51.7,30.4,55.65,9.389134023352398,106.50609497242529,0.7086124351756491,0.9048403811249099,576,0.952420190562455,804.4476902410158,55.9,30.3,55.65,7.1807512671652844,139.26119465697158,False
2026-05-08T23:06:20.774,55.9,30.3,55.65,7.1807512671652844,139.26119465697158,-0.05085901858627828,-0.5073471916488257,448,0.24632640417558715,867.6531966760185,61.9,30.6,56.75,6.108198155332425,163.71440064153865,False
2026-05-08T23:06:21.438,61.9,30.6,56.75,6.108198155332425,163.71440064153865,-0.7566380079712745,0.0165708523913759,288,0.508285426195688,857.3703592199859,57.2,30.6,54.55,8.497360662980459,117.6836007863704,False
2026-05-08T23:06:22.114,57.2,30.6,54.55,8.497360662980459,117.6836007863704,-0.478270660851263,-0.824551172478458,352,0.087724413760771,848.9175209442258,55.3,30.6,58.4,9.428835365134928,106.05763716033341,False
2026-05-08T23:06:22.958,55.3,30.6,58.4,9.428835365134928,106.05763716033341,-0.19548526735110627,0.1854728551952607,416,0.5927364275976303,780.4317917662139,51.5,30.6,57.85,8.729429564017185,114.55502248646489,False
2026-05-08T23:06:23.735,51.5,30.6,57.85,8.729429564017185,114.55502248646489,-0.3471846890414827,-0.12316619796936257,384,0.4384169010153187,396.08999392585184,50.7,30.6,56.2,8.814196184720519,113.45334038894076,False
2026-05-08T23:06:24.617,50.7,30.6,56.2,8.814196184720519,113.45334038894076,0.01796266087748033,-0.6658762593049479,448,0.16706187034752606,499.372985502133,49.7,30.5,56.2,8.233904427036954,121.44906573318815,False
2026-05-08T23:06:25.303,49.7,30.5,56.2,8.233904427036954,121.44906573318815,-0.6506778988642827,0.046924270209957264,320,0.5234621351049786,515.1806793364728,50.8,30.5,57.3,9.634450426253046,103.79419227432903,False
2026-05-08T23:06:26.346,50.8,30.5,57.3,9.634450426253046,103.79419227432903,0.08977850082878214,0.019225476812740894,480,0.5096127384063704,762.1485947649504,46.7,30.5,55.1,8.199891262041731,121.95283669542285,False
2026-05-08T23:06:26.941,46.7,30.5,55.1,8.199891262041731,121.95283669542285,-0.6254505306080207,-0.6881868768474619,320,0.15590656157626903,702.6614608786704,53.2,30.4,57.3,10.097385055674541,99.03554182456563,False
2026-05-08T23:06:27.504,53.2,30.4,57.3,10.097385055674541,99.03554182456563,-0.8268950717560215,-0.5612878058299366,288,0.21935609708503168,792.6179588631052,48.4,30.4,56.75,11.382048363922289,87.85764811628307,False
2026-05-08T23:06:28.548,48.4,30.4,56.75,11.382048363922289,87.85764811628307,0.26461453086587716,0.4494003095764083,512,0.7247001547882042,870.4172829124263,47.5,30.4,56.75,9.022144447608936,110.838393888165,False
2026-05-08T23:06:29.489,47.5,30.4,56.75,9.022144447608936,110.838393888165,0.04662528007404143,0.46290807987676663,448,0.7314540399383833,629.2690766496565,49.2,30.4,57.85,8.414163347083637,118.84722921936162,False
2026-05-08T23:06:30.898,49.2,30.4,57.85,8.414163347083637,118.84722921936162,0.6998071688352281,0.04836365938798837,576,0.5241818296939942,85.22637156310745,49.5,30.2,56.2,6.634241673757285,150.73312809143607,False
2026-05-08T23:06:31.928,49.5,30.2,56.2,6.634241673757285,150.73312809143607,0.307565387591354,-0.831194636721521,512,0.08440268163923947,96.28226889363025,46.7,30.3,55.65,6.502783197486318,153.78030754378446,False
2026-05-08T23:06:32.654,46.7,30.3,55.65,6.502783197486318,153.78030754378446,-0.4132156492962189,0.34106095496307187,384,0.6705304774815359,294.0906240988191,50.0,30.3,56.2,8.068035021083633,123.94591711448572,False
2026-05-08T23:06:33.475,50.0,30.3,56.2,8.068035021083633,123.94591711448572,-0.21540273859184045,-0.3587774829948378,416,0.3206112585025811,531.2963311989477,52.7,30.3,55.65,8.125917585990333,123.0630251190428,False
2026-05-08T23:06:35.022,52.7,30.3,55.65,8.125917585990333,123.0630251190428,0.8186782709056435,0.5666756216121214,608,0.7833378108060607,681.1953713178958,46.2,30.4,54.55,6.388934034514233,156.5206331131,False
2026-05-08T23:06:36.409,46.2,30.4,54.55,6.388934034514233,156.5206331131,0.649441050221979,-0.14486005873035102,576,0.4275699706348245,823.9336454700887,46.5,30.3,55.1,5.572128986140661,179.4646180099673,False
2026-05-08T23:06:36.977,46.5,30.3,55.1,5.572128986140661,179.4646180099673,-0.8524165215687203,-0.3095526617572615,288,0.34522366912136926,625.243507034359,51.8,30.3,56.2,8.970667751736828,111.47442171251835,False
2026-05-08T23:06:37.960,51.8,30.3,56.2,8.970667751736828,111.47442171251835,0.1875639969108891,-0.6102971821330083,480,0.19485140893349584,738.9762085502465,48.5,30.3,56.75,7.895459693895435,126.65506997308518,False
2026-05-08T23:06:39.887,48.5,30.3,56.75,7.895459693895435,126.65506997308518,0.6021882149840996,-0.7804650148978276,576,0.1097674925510862,837.3404040602429,56.2,30.7,56.2,5.7783212625626525,173.06064418379287,False
2026-05-08T23:06:40.865,56.2,30.7,56.2,5.7783212625626525,173.06064418379287,0.02243131711966062,0.5036322399305015,448,0.7518161199652508,746.1055491217332,49.5,30.8,57.3,6.667796994276468,149.97457194008518,False
2026-05-08T23:06:42.255,49.5,30.8,57.3,6.667796994276468,149.97457194008518,0.7216993628520356,-0.20679630660035242,576,0.3966018466998238,726.9445469094771,49.3,30.6,55.65,5.712923421580012,175.04173016263397,False
2026-05-08T23:06:43.464,49.3,30.6,55.65,5.712923421580012,175.04173016263397,0.4569345412682162,-0.5567897549425067,544,0.22160512252874665,595.6922683615055,47.7,30.7,54.55,5.563675656655559,179.7372927021272,False
2026-05-08T23:06:44.215,47.7,30.7,54.55,5.563675656655559,179.7372927021272,-0.4419090316170262,0.7533566241412466,352,0.8766783120706233,705.9524756727413,49.5,30.7,57.3,7.76170078731319,128.83774154687075,False
2026-05-08T23:06:45.814,49.5,30.7,57.3,7.76170078731319,128.83774154687075,0.9217842502522093,-0.9991834975577432,640,0.0004082512211284195,782.3150981168036,46.7,30.4,55.65,5.973706351517627,167.4002606013516,False
2026-05-08T23:06:46.468,46.7,30.4,55.65,5.973706351517627,167.4002606013516,-0.6047004158786691,0.594185953005022,320,0.797092976502511,224.67405264953564,52.0,30.5,55.65,8.576275416370876,116.60073300481277,False
2026-05-08T23:06:47.476,52.0,30.5,55.65,8.576275416370876,116.60073300481277,0.1419068051287109,-0.1187439747034662,480,0.4406280126482669,563.6852578674959,47.5,30.5,55.1,7.679682844402421,130.21371067802383,False
2026-05-08T23:06:48.081,47.5,30.5,55.1,7.679682844402421,130.21371067802383,-0.7634791524122251,0.5171914138390046,288,0.7585957069195023,397.61083305229687,51.0,30.5,56.2,10.286604235977535,97.21381099726639,False
2026-05-08T23:06:49.299,51.0,30.5,56.2,10.286604235977535,97.21381099726639,0.4280461018512065,-0.8638904009527781,544,0.06805479952361093,759.2303066202594,47.0,30.5,56.75,8.004419111101287,124.93098950967038,False
2026-05-08T23:06:50.329,47.0,30.5,56.75,8.004419111101287,124.93098950967038,0.23425435806319062,-0.25223432657549627,480,0.37388283671225186,775.4526629520489,47.8,30.6,55.65,7.332623967588123,136.37682832506192,False
2026-05-08T23:06:51.539,47.8,30.6,55.65,7.332623967588123,136.37682832506192,0.46201829945853956,-0.9479356195822644,544,0.026032190208867823,761.3908556394005,46.7,30.5,55.1,6.421337823242579,155.73078812025975,False
2026-05-08T23:06:53.143,46.7,30.5,55.1,6.421337823242579,155.73078812025975,0.8392206477985988,0.8970521704209409,608,0.9485260852104704,702.0000570070221,48.5,30.4,55.65,5.5193755951853,181.1799147846229,False
2026-05-08T23:06:54.236,48.5,30.4,55.65,5.5193755951853,181.1799147846229,0.25321146075845147,-0.34323744452259763,512,0.3283812777387012,458.29194773816914,47.3,30.5,57.85,5.860798464015086,170.6252153422326,False
2026-05-08T23:06:55.846,47.3,30.5,57.85,5.860798464015086,170.6252153422326,0.5909902711157027,0.5609837537391864,576,0.7804918768695932,845.4104773475618,48.8,30.7,55.1,5.2097156750389795,191.94905487668825,False
2026-05-08T23:06:56.724,48.8,30.7,55.1,5.2097156750389795,191.94905487668825,-0.2269479224592521,-0.8003313900537967,416,0.09983430497310164,834.048305892691,51.3,30.8,55.65,6.492435494030058,154.02540401356666,False
2026-05-08T23:06:58.124,51.3,30.8,55.65,6.492435494030058,154.02540401356666,0.6861341301732629,-0.299565216777657,576,0.3502173916111715,873.8253371606478,44.4,30.6,55.1,5.609699280009877,178.26267507128108,False
2026-05-08T23:06:58.890,44.4,30.6,55.1,5.609699280009877,178.26267507128108,-0.35188124891058115,0.6228498010521977,384,0.8114249005260988,797.359875010995,52.9,30.6,55.1,7.420126445382204,134.76859287517047,False
2026-05-08T23:06:59.645,52.9,30.6,55.1,7.420126445382204,134.76859287517047,-0.6942482539261421,-0.20999096512059467,320,0.39500451743970266,841.6150316992876,64.5,30.6,56.75,9.334607319968338,107.12823429228,False
2026-05-08T23:07:01.075,64.5,30.6,56.75,9.334607319968338,107.12823429228,0.6383544927249849,0.12060921379423228,576,0.5603046068971161,844.0941245836542,49.0,30.5,56.2,7.113402718001237,140.57969717775032,False
2026-05-08T23:07:02.659,49.0,30.5,56.2,7.113402718001237,140.57969717775032,0.37701886892523273,-0.8379442638267165,512,0.08102786808664175,780.0917419974184,60.5,30.6,55.1,5.750016835758602,173.91253426966176,False
2026-05-08T23:07:04.163,60.5,30.6,55.1,5.750016835758602,173.91253426966176,0.8689896301984716,-0.3824060951822257,608,0.30879695240888716,785.255271566284,48.0,30.9,56.75,5.101478717221355,196.02159597848413,False
2026-05-08T23:07:05.646,48.0,30.9,56.75,5.101478717221355,196.02159597848413,0.7991062892014578,-0.11702514588151502,608,0.4414874270592425,804.2944218210457,47.0,30.7,57.3,4.780769861589434,209.17133201378073,False
2026-05-08T23:07:06.710,47.0,30.7,57.3,4.780769861589434,209.17133201378073,0.252645391891823,-0.5408678108285638,512,0.22956609458571808,832.7988878375306,47.9,30.9,57.3,5.490860675328182,182.12081113134985,False
2026-05-08T23:07:07.786,47.9,30.9,57.3,5.490860675328182,182.12081113134985,0.10275399593473722,0.3493038120126284,480,0.6746519060063142,763.7831675956143,47.4,30.8,57.85,5.9959859087745215,166.7782438475382,False
2026-05-08T23:07:09.237,47.4,30.8,57.85,5.9959859087745215,166.7782438475382,0.9065723113149771,-0.14248768012507096,608,0.4287561599374645,861.2993415840011,46.4,30.8,54.55,5.263889820758281,189.97358114458913,False
2026-05-08T23:07:10.306,46.4,30.8,54.55,5.263889820758281,189.97358114458913,0.3463098253482233,-0.19395414832310776,512,0.4030229258384461,857.8964379616878,48.0,30.8,55.1,5.729955938708853,174.52141180431707,False
2026-05-08T23:07:10.907,48.0,30.8,55.1,5.729955938708853,174.52141180431707,-0.6777449806591078,-0.6510308099628823,320,0.17448459501855884,737.8432642949022,53.2,30.7,55.65,8.903227822733214,112.31881514327111,False
2026-05-08T23:07:11.622,53.2,30.7,55.65,8.903227822733214,112.31881514327111,-0.4425644729721383,0.12945768022884874,352,0.5647288401144244,749.1625849243127,50.3,30.7,55.65,9.375155659454006,106.66489563739557,False
2026-05-08T23:07:12.254,50.3,30.7,55.65,9.375155659454006,106.66489563739557,-0.7432455964308398,0.4829505661746021,320,0.741475283087301,809.2089542184334,47.7,30.7,55.1,10.822771578931498,92.39777377790017,False
2026-05-08T23:07:13.456,47.7,30.7,55.1,10.822771578931498,92.39777377790017,0.5711772766923735,-0.9477818979815362,544,0.026109051009231887,871.2027655619808,45.9,30.7,57.3,8.30573958989568,120.39867000122983,False
2026-05-08T23:07:14.967,45.9,30.7,57.3,8.30573958989568,120.39867000122983,0.6209579156732499,0.7553425204469748,576,0.8776712602234874,862.7714035217017,49.2,30.7,56.75,6.582674779427799,151.9139306601025,False
2026-05-08T23:07:16.019,49.2,30.7,56.75,6.582674779427799,151.9139306601025,0.40633318377760785,-0.7931755109977139,512,0.10341224450114306,882.7832686503399,47.2,30.7,55.65,6.425882355192436,155.62065172138574,False
2026-05-08T23:07:17.423,47.2,30.7,55.65,6.425882355192436,155.62065172138574,0.04645209625709379,0.9152508772559858,448,0.9576254386279929,686.6714234253388,54.0,30.6,56.2,6.910747289507366,144.70215131702278,False
2026-05-08T23:07:18.788,54.0,30.6,56.2,6.910747289507366,144.70215131702278,0.4932483123250231,0.46690059431281905,544,0.7334502971564095,620.1033233660498,46.5,30.5,56.2,6.201690702191195,161.24635168385257,False
2026-05-08T23:07:20.039,46.5,30.5,56.2,6.201690702191195,161.24635168385257,0.4248366129210117,0.4799041506289967,544,0.7399520753144984,755.0907366958734,47.4,30.6,56.75,5.844333157207117,171.10591971760192,False
2026-05-08T23:07:21.594,47.4,30.6,56.75,5.844333157207117,171.10591971760192,0.7868073187625075,0.5460716181488356,608,0.7730358090744178,769.5599518477616,45.2,30.5,56.75,5.158623084344621,193.85017739225765,False
2026-05-08T23:07:23.210,45.2,30.5,56.75,5.158623084344621,193.85017739225765,0.9239139148840545,-0.19003676173878192,640,0.40498161913060904,610.9620385378105,46.0,30.5,57.85,4.59366062473611,217.69131019717997,False
2026-05-08T23:07:23.829,46.0,30.5,57.85,4.59366062473611,217.69131019717997,-0.8721191760105593,0.1741394616047378,288,0.5870697308023689,631.5061219550475,53.7,30.8,54.55,8.624490427744918,115.9488793428314,False
2026-05-08T23:07:35.026,53.7,30.8,54.55,8.624490427744918,115.9488793428314,-0.5087256220791154,0.9961661458456612,352,0.9980830729228306,603.3372030077195,62.4,30.2,57.3,9.111730452000796,109.74863723941871,False
2026-05-08T23:07:35.967,62.4,30.2,57.3,9.111730452000796,109.74863723941871,-0.9073045623263003,-0.31803399904528984,288,0.3409830004773551,856.3986079953467,58.5,30.6,55.1,8.620265990478117,116.00570111230822,False
2026-05-08T23:07:37.411,58.5,30.6,55.1,8.620265990478117,116.00570111230822,0.1402628688720211,-0.007095656731743949,480,0.496452171634128,839.1773477489488,49.8,30.8,56.75,7.066751529528191,141.50773461066694,False
2026-05-08T23:07:38.534,49.8,30.8,56.75,7.066751529528191,141.50773461066694,0.41317975527531003,0.3092841969155129,512,0.6546420984577564,788.3243381712748,49.5,30.8,58.95,6.672581994418495,149.86702311586183,False
2026-05-08T23:07:39.320,49.5,30.8,58.95,6.672581994418495,149.86702311586183,-0.41628115923547715,0.13109097292845662,384,0.5655454864642283,778.3088611499547,47.4,30.8,55.65,8.010593920027006,124.83468891113492,False
2026-05-08T23:07:39.937,47.4,30.8,55.65,8.010593920027006,124.83468891113492,-0.897265356838935,0.30118979383799527,288,0.6505948969189976,726.2558608893777,52.0,30.7,58.4,10.301179537477452,97.07626164186625,False
2026-05-08T23:07:41.014,52.0,30.7,58.4,10.301179537477452,97.07626164186625,0.3798552179434411,-0.6254018463337057,512,0.18729907683314717,708.9902401906402,45.2,30.7,56.75,8.36478298376683,119.5488277389451,False
2026-05-08T23:07:41.786,45.2,30.7,56.75,8.36478298376683,119.5488277389451,-0.2787326539765489,-0.11034740313848457,384,0.4448262984307577,657.6742151911237,51.8,30.7,55.1,8.752084641711473,114.25849279771701,False
2026-05-08T23:07:42.515,51.8,30.7,55.1,8.752084641711473,114.25849279771701,-0.38960961680887607,0.22332780186747891,384,0.6116639009337395,777.807093007536,51.2,30.6,55.65,9.189649938363928,108.81807323533742,False
2026-05-08T23:07:43.097,51.2,30.6,55.65,9.189649938363928,108.81807323533742,-0.8884276355048923,-0.985905060701415,288,0.0070474696492924815,690.5945838673443,51.0,30.6,54.55,10.81411329377802,92.47175175937517,False
2026-05-08T23:07:43.659,51.0,30.6,54.55,10.81411329377802,92.47175175937517,-0.8880125092908586,-0.07504164915985356,288,0.4624791754200732,704.5399482632694,53.0,30.6,54.55,11.792025204136515,84.80307518756072,False
2026-05-08T23:07:44.780,53.0,30.6,54.55,11.792025204136515,84.80307518756072,0.28773935596160727,0.46658760914882125,512,0.7332938045744106,854.1495126277276,49.0,30.6,57.85,9.137734548580204,109.43631538906733,False
2026-05-08T23:07:45.782,49.0,30.6,57.85,9.137734548580204,109.43631538906733,0.1854471752881115,-0.7031034804837544,480,0.1484482597581228,889.1221054757598,49.5,30.5,54.55,7.959914136295045,125.62949585602586,False
2026-05-08T23:07:46.522,49.5,30.5,54.55,7.959914136295045,125.62949585602586,-0.2657343157835934,-0.7938735946399262,384,0.10306320268003688,879.5439625326013,51.3,30.5,56.75,8.716136625656354,114.7297298044243,False
2026-05-08T23:07:47.405,51.3,30.5,56.75,8.716136625656354,114.7297298044243,-0.046055820759291155,-0.5827672106270771,448,0.20861639468646143,829.6790089697855,48.3,30.5,54.55,8.21911615272099,121.66758340176806,False
2026-05-08T23:07:48.799,48.3,30.5,54.55,8.21911615272099,121.66758340176806,0.749680523541479,-0.731315694594743,576,0.1343421527026285,860.433409165263,46.6,30.5,54.55,6.545377107825293,152.77958527469028,False
2026-05-08T23:07:50.049,46.6,30.5,54.55,6.545377107825293,152.77958527469028,0.16857011588416948,0.8498580586204114,480,0.9249290293102057,835.6559834240929,51.0,30.5,56.2,6.438374187313495,155.31871415154026,False
2026-05-08T23:07:50.800,51.0,30.5,56.2,6.438374187313495,155.31871415154026,-0.4334381102424538,0.026920000851518244,352,0.5134600004257591,646.3210462140195,50.5,30.4,56.2,8.122712791018163,123.11157931199638,False
2026-05-08T23:07:52.087,50.5,30.4,56.2,8.122712791018163,123.11157931199638,0.4339673700977269,0.5375120355151684,544,0.7687560177575842,717.783614208734,49.8,30.5,55.65,6.830366828981159,146.40502114132624,False
2026-05-08T23:07:53.463,49.8,30.5,55.65,6.830366828981159,146.40502114132624,0.6339658109003188,-0.9290070601291025,576,0.03549646993544875,804.6524315768573,46.7,30.4,55.65,5.810019717540398,172.11645547105613,False
2026-05-08T23:07:54.164,46.7,30.4,55.65,5.810019717540398,172.11645547105613,-0.3039149895393649,-0.6065779795871324,384,0.19671101020643378,810.2487710999618,52.5,30.5,55.65,7.664489380620847,130.47183580532234,False
2026-05-08T23:07:56.875,52.5,30.5,55.65,7.664489380620847,130.47183580532234,0.9179055275373762,0.9139919371303153,640,0.9569959685651577,754.9245662456952,47.5,31.1,56.2,5.582437008664034,179.13323490224496,False
2026-05-08T23:07:57.375,47.5,31.1,56.2,5.582437008664034,179.13323490224496,-0.9516726054222793,-0.25517722363024875,256,0.3724113881848756,757.1417046059391,52.8,31.0,57.3,10.458164361269292,95.6190747683594,False
2026-05-08T23:07:58.583,52.8,31.0,57.3,10.458164361269292,95.6190747683594,0.5561133849462432,-0.8454606810370351,544,0.07726965948148246,755.8831281729626,49.0,31.0,56.2,8.05961156783902,124.0754584241241,False
2026-05-08T23:07:59.277,49.0,31.0,56.2,8.05961156783902,124.0754584241241,-0.5132951708847171,0.010617534536535134,352,0.5053087672682676,573.0393192566372,50.3,31.0,55.1,9.111655616539155,109.74953862224945,False
2026-05-08T23:07:59.990,50.3,31.0,55.1,9.111655616539155,109.74953862224945,-0.3104078482669541,0.015631403394506416,384,0.5078157016972532,650.9863151982098,53.2,31.0,57.3,9.44426887369217,105.8843213142297,False
2026-05-08T23:08:01.433,53.2,31.0,57.3,9.44426887369217,105.8843213142297,0.7036290372218321,0.39728692619497563,576,0.6986434630974878,692.879743060125,49.0,30.6,55.65,7.174324322832521,139.38594841851062,False
2026-05-08T23:08:02.480,49.0,30.6,55.65,7.174324322832521,139.38594841851062,0.4157283966934131,-0.46290144040182213,512,0.26854927979908894,685.39253154018,47.2,30.7,56.75,6.7671023636180845,147.77373627097643,False
2026-05-08T23:08:03.665,47.2,30.7,56.75,6.7671023636180845,147.77373627097643,0.32193098981662627,0.7828514766558141,512,0.8914257383279071,495.35319148915835,49.0,30.6,55.1,6.5458309934891155,152.76899159093188,False
2026-05-08T23:08:04.584,49.0,30.6,55.1,6.5458309934891155,152.76899159093188,-0.016054778048907536,0.5950640967798602,448,0.7975320483899301,548.4319108043383,48.0,30.6,57.3,7.079733918233098,141.2482462687767,False
2026-05-08T23:08:05.375,48.0,30.6,57.3,7.079733918233098,141.2482462687767,-0.787692189093852,0.718503710299824,288,0.859251855149912,637.7375874617238,54.3,30.5,55.65,10.01505212154192,99.84970501042582,False
2026-05-08T23:08:06.675,54.3,30.5,55.65,10.01505212154192,99.84970501042582,0.5648087645409865,0.46405212230736415,544,0.7320260611536821,672.4770200311337,47.2,30.5,56.2,7.856252983544484,127.28714338687612,False
2026-05-08T23:08:07.413,47.2,30.5,56.2,7.856252983544484,127.28714338687612,-0.32879901578519455,-0.1897170008620792,384,0.4051414995689604,846.393929734524,51.0,30.4,56.75,8.755796893793509,114.21004988236349,False
2026-05-08T23:08:08.166,51.0,30.4,56.75,8.755796893793509,114.21004988236349,-0.5748109457246529,-0.6356037962075394,352,0.1821981018962303,863.3442396284489,49.5,30.4,55.1,9.14906480473109,109.30078880662077,False
2026-05-08T23:08:09.428,49.5,30.4,55.1,9.14906480473109,109.30078880662077,0.5345008572769783,0.38392097676696624,544,0.6919604883834831,818.261608378391,46.5,30.4,57.85,7.298669747587299,137.01126843430163,False
2026-05-08T23:08:10.209,46.5,30.4,57.85,7.298669747587299,137.01126843430163,-0.8589763948133204,0.8350286351679646,288,0.9175143175839823,805.1197779699742,52.0,30.4,57.85,9.882542644948302,101.18853375362605,False
2026-05-08T23:08:11.996,52.0,30.4,57.85,9.882542644948302,101.18853375362605,0.9441798675924324,0.7178552133872267,640,0.8589276066936133,798.0121043987032,49.8,30.3,57.85,7.110418837045931,140.63869132292302,False
2026-05-08T23:08:12.624,49.8,30.3,57.85,7.110418837045931,140.63869132292302,-0.8213165188287759,0.36837423651857315,288,0.6841871182592866,683.8233363752028,52.3,30.4,55.1,9.803908741701916,102.00013345150786,False
2026-05-08T23:08:13.485,52.3,30.4,55.1,9.803908741701916,102.00013345150786,0.08085186415877077,-0.504394326230486,448,0.24780283688475702,703.9318154332899,47.7,30.4,56.75,8.862475113008523,112.83529569884821,False
2026-05-08T23:08:14.372,47.7,30.4,56.75,8.862475113008523,112.83529569884821,-0.06301390764553205,-0.21245122253486182,448,0.3937743887325691,745.8505229444046,48.8,30.4,55.65,8.280345959528518,120.76790086883518,False
2026-05-08T23:08:15.116,48.8,30.4,55.65,8.280345959528518,120.76790086883518,-0.35709839414971056,-0.9044821513410779,384,0.04775892432946105,831.1670243147814,49.7,30.4,56.75,8.763479265708675,114.1099293648107,False
2026-05-08T23:08:16.975,49.7,30.4,56.75,8.763479265708675,114.1099293648107,0.12820792054156582,0.7529533943882267,480,0.8764766971941134,856.485346837385,59.6,30.6,56.2,6.692646889040391,149.41771418383954,False
2026-05-08T23:08:17.593,59.6,30.6,56.2,6.692646889040391,149.41771418383954,-0.7267678170889607,0.006732084143985961,320,0.503366042071993,851.93262417341,55.5,30.6,56.75,9.344894306290303,107.0103060798529,False
2026-05-08T23:08:18.104,55.5,30.6,56.75,9.344894306290303,107.0103060798529,-0.9466045935606342,0.045429365776306296,256,0.5227146828881531,654.868491524339,53.1,30.6,56.75,12.100813970078981,82.63906894797698,False
2026-05-08T23:08:19.334,53.1,30.6,56.75,12.100813970078981,82.63906894797698,0.4470528560682092,-0.1743216586154197,544,0.41283917069229015,601.2722118286653,44.7,30.5,56.2,8.95799345934575,111.63214223568268,False
2026-05-08T23:08:20.034,44.7,30.5,56.2,8.95799345934575,111.63214223568268,-0.5898520678866217,0.6679732224630868,320,0.8339866112315434,614.3214759685943,51.0,30.5,55.1,10.289207337365925,97.18921654619935,False
2026-05-08T23:08:21.235,51.0,30.5,55.1,10.289207337365925,97.18921654619935,0.5809903757068893,-0.5363033530764305,544,0.23184832346178474,799.1698274576908,45.9,30.5,57.85,7.988904314948966,125.17361087036478,False
2026-05-08T23:08:22.214,45.9,30.5,57.85,7.988904314948966,125.17361087036478,0.17796825785122317,-0.9729848963816545,480,0.013507551809172735,844.617712296026,48.2,30.5,56.75,7.3669439459697355,135.74149706230276,False
2026-05-08T23:08:23.093,48.2,30.5,56.75,7.3669439459697355,135.74149706230276,-0.24585385113166502,0.2348359355842211,416,0.6174179677921106,791.0737517301408,50.0,30.5,56.75,7.743108876621703,129.14709271611034,False
2026-05-08T23:08:24.386,50.0,30.5,56.75,7.743108876621703,129.14709271611034,0.46768445111801715,0.5890967050971241,544,0.794548352548562,364.7708616997682,50.0,30.5,56.75,6.621492298173518,151.0233577219204,False
2026-05-08T23:08:24.947,50.0,30.5,56.75,6.621492298173518,151.0233577219204,-0.7166081042422212,-0.9375857079716463,320,0.031207146014176845,-5.888326413557581,54.8,30.5,55.65,9.430694049663947,106.03673438389553,False
2026-05-08T23:08:26.929,54.8,30.5,55.65,9.430694049663947,106.03673438389553,0.32662302308190694,0.9458168271926428,512,0.9729084135963214,370.60269943428966,60.5,30.4,56.75,7.9337545482223035,126.04372796283035,False
2026-05-08T23:08:27.823,60.5,30.4,56.75,7.9337545482223035,126.04372796283035,-0.021951190339075444,-0.4890405993010396,448,0.2554797003494802,638.6199938374233,52.0,30.5,57.85,7.830224172091345,127.71026448568634,False
2026-05-08T23:08:29.121,52.0,30.5,57.85,7.830224172091345,127.71026448568634,0.5616108860878364,0.452343650510185,544,0.7261718252550925,744.8916410232019,45.4,30.4,55.65,6.70879919673134,149.05797157965614,False
2026-05-08T23:08:30.471,45.4,30.4,55.65,6.70879919673134,149.05797157965614,0.5296347320303212,0.7547489098765401,544,0.87737445493827,852.2513184923504,46.5,30.3,56.2,6.008291059506805,166.43667726744346,False
2026-05-08T23:08:31.552,46.5,30.3,56.2,6.008291059506805,166.43667726744346,0.2938454699236417,-0.637130263179825,512,0.1814348684100875,857.7884009758128,49.3,30.4,55.65,6.070044859922923,164.7434282738889,False
2026-05-08T23:08:32.998,49.3,30.4,55.65,6.070044859922923,164.7434282738889,0.9092146092185365,-0.08756739379557454,608,0.45621630310221273,837.8494194881616,47.3,30.4,55.1,5.321059213634945,187.9325073920528,False
2026-05-08T23:08:33.640,47.3,30.4,55.1,5.321059213634945,187.9325073920528,-0.6783625864749789,0.10486475830802267,320,0.5524323791540113,815.8803740012277,49.7,30.5,56.2,8.371146951976328,119.45794354546743,False
2026-05-08T23:08:34.486,49.7,30.5,56.2,8.371146951976328,119.45794354546743,-0.19032476711934132,-0.3875094746471295,416,0.30624526267643526,832.2664147471485,48.3,30.5,55.65,8.235961080914045,121.41873791965732,False
2026-05-08T23:08:35.877,48.3,30.5,55.65,8.235961080914045,121.41873791965732,0.6137116538494296,-0.34881653677935165,576,0.3255917316103242,821.7614379141191,45.2,30.4,56.2,6.564976616908473,152.3234671429663,False
2026-05-08T23:08:37.357,45.2,30.4,56.2,6.564976616908473,152.3234671429663,0.8075887620142796,-0.3082648363836711,608,0.34586758180816446,828.4572235965619,44.6,30.6,57.3,5.568756736575915,179.57329567512662,False
2026-05-08T23:08:39.121,44.6,30.6,57.3,5.568756736575915,179.57329567512662,0.5635308877674958,-0.9625171777396591,544,0.01874141113017047,772.923514506331,63.1,30.8,54.55,4.699517928460772,212.78778275190638,False
2026-05-08T23:08:40.815,63.1,30.8,54.55,4.699517928460772,212.78778275190638,0.9048311241443812,0.8144039557220655,608,0.9072019778610327,813.2704904651629,46.7,30.7,56.75,4.580833227000614,218.30089646262206,False
2026-05-08T23:08:41.563,46.7,30.7,56.75,4.580833227000614,218.30089646262206,-0.5826174371909945,-0.08175304435785291,352,0.45912347782107354,788.2924510696,49.2,30.8,57.3,6.946477083428775,143.9578635313659,False
2026-05-08T23:08:42.451,49.2,30.8,57.3,6.946477083428775,143.9578635313659,-0.07017994193353205,0.5173891485516717,448,0.7586945742758359,880.1741423471912,48.0,30.8,56.75,7.287586973225691,137.21963163856032,False
2026-05-08T23:08:43.348,48.0,30.8,56.75,7.287586973225691,137.21963163856032,-0.43688459374503874,0.7467343358724767,352,0.8733671679362384,883.644318999298,50.5,30.7,54.55,8.496509003624842,117.69539696519745,False
2026-05-08T23:08:44.220,50.5,30.7,54.55,8.496509003624842,117.69539696519745,-0.03766131012012397,-0.2890364457218868,448,0.3554817771390566,888.0376651036382,49.2,30.7,56.2,8.153690923674683,122.64384428608226,False
2026-05-08T23:08:45.112,49.2,30.7,56.2,8.153690923674683,122.64384428608226,-0.049089815947390036,0.1600261074580227,448,0.5800130537290114,784.7847554739315,47.0,30.7,55.65,7.860630197946683,127.21626317711974,False
2026-05-08T23:08:45.821,47.0,30.7,55.65,7.860630197946683,127.21626317711974,-0.2899577610129356,-0.2321662543200651,384,0.38391687283996745,390.57344991533523,52.5,30.7,57.3,8.748474135059103,114.30564742628049,False
2026-05-08T23:08:50.114,52.5,30.7,57.3,8.748474135059103,114.30564742628049,0.2576196471161938,0.9889359430028282,512,0.9944679715014141,649.6195771938585,47.7,30.3,56.75,7.354905347151515,135.9636804010388,False
2026-05-08T23:08:51.372,47.7,30.3,56.75,7.354905347151515,135.9636804010388,0.5721071283886277,-0.1841047434887948,544,0.4079476282556026,579.5269306252238,46.2,30.3,57.3,6.378772690233537,156.76996948505285,False
2026-05-08T23:08:52.438,46.2,30.3,57.3,6.378772690233537,156.76996948505285,0.33636939236608265,-0.13404827063019553,512,0.43297586468490223,680.1042009582127,46.4,30.3,54.55,6.359720715393478,157.23960921421212,False
2026-05-08T23:08:53.460,46.4,30.3,54.55,6.359720715393478,157.23960921421212,0.25549227405187414,-0.7572984684094908,512,0.12135076579525461,740.3999804903503,44.8,30.4,56.2,6.398020875452545,156.2983334169362,False
2026-05-08T23:08:55.288,44.8,30.4,56.2,6.398020875452545,156.2983334169362,0.40354050729533153,0.9678702851479444,512,0.9839351425739722,627.2978065148966,54.1,30.2,55.65,6.326522604316872,158.0647162024925,False
2026-05-08T23:08:56.132,54.1,30.2,55.65,6.326522604316872,158.0647162024925,-0.47244914725387877,0.6765353042093878,352,0.8382676521046939,792.0657281285373,50.3,30.3,56.2,7.982356984303703,125.27628142494426,False
2026-05-08T23:08:57.272,50.3,30.3,56.2,7.982356984303703,125.27628142494426,0.3644699600316752,0.7257364595051008,512,0.8628682297525504,787.4101618010972,48.5,30.3,58.4,7.188692239311876,139.10736010249943,False
2026-05-08T23:08:58.735,48.5,30.3,58.4,7.188692239311876,139.10736010249943,0.693606788798824,0.5380484217432291,576,0.7690242108716145,804.0829407194067,50.5,30.3,58.4,5.985816658972259,167.0615818981158,False
2026-05-08T23:09:00.126,50.5,30.3,58.4,5.985816658972259,167.0615818981158,0.43205368151043344,0.7477032209898371,544,0.8738516104949186,857.1906543961206,48.5,30.2,56.2,5.706550542997829,175.23721072216577,False
2026-05-08T23:09:02.390,48.5,30.2,56.2,5.706550542997829,175.23721072216577,0.4485838239606077,0.9623538221990242,544,0.9811769110995121,663.3119789449748,60.7,30.2,55.65,5.433710683663126,184.03629825315835,False
2026-05-08T23:09:03.469,60.7,30.2,55.65,5.433710683663126,184.03629825315835,0.3968961336582417,-0.15730413879685434,512,0.42134793060157283,577.9391634315156,49.5,30.3,57.3,5.8374778854639855,171.3068588217043,False
2026-05-08T23:09:04.156,49.5,30.3,57.3,5.8374778854639855,171.3068588217043,-0.57677738669595,-0.46126243987069504,352,0.2693687800646525,526.956230334694,51.5,30.3,56.75,7.986473298734207,125.21171267904847,False
2026-05-08T23:09:05.622,51.5,30.3,56.75,7.986473298734207,125.21171267904847,-0.05670356969612911,0.3436464053182462,448,0.6718232026591231,713.9007523990674,60.3,30.5,56.75,6.555199388355869,152.55066104874246,False
2026-05-08T23:09:07.314,60.3,30.5,56.75,6.555199388355869,152.55066104874246,-0.8980227171090343,0.9739558794953838,288,0.9869779397476919,733.2490173393863,57.9,30.5,56.75,9.006659060177455,111.0289612739374,False
2026-05-08T23:09:08.870,57.9,30.5,56.75,9.006659060177455,111.0289612739374,0.8405502998669738,0.6294974260492603,608,0.8147487130246301,803.616235466178,46.9,30.4,55.65,6.880633309069692,145.33545897320994,False
2026-05-08T23:09:09.846,46.9,30.4,55.65,6.880633309069692,145.33545897320994,-0.1481400305916778,0.8189665141249911,416,0.9094832570624956,771.0416457878027,48.8,30.5,56.2,7.482583492095583,133.64368082980636,False
2026-05-08T23:09:10.900,48.8,30.5,56.2,7.482583492095583,133.64368082980636,0.13472206362120742,0.4392968110668354,480,0.7196484055334177,877.6101970784109,45.9,30.5,55.1,7.018001060562812,142.49071656877246,False
2026-05-08T23:09:12.022,45.9,30.5,55.1,7.018001060562812,142.49071656877246,0.31446902890884165,0.029252392179946574,512,0.5146261960899733,842.3759187935285,47.8,30.4,58.95,6.551275367874599,152.64203438977495,False
2026-05-08T23:09:12.744,47.8,30.4,58.95,6.551275367874599,152.64203438977495,-0.6563866249748127,-0.24578508310317604,320,0.377107458448412,828.7615935967292,52.0,30.4,55.1,8.511667847258023,117.48578750310884,False
2026-05-08T23:09:13.824,52.0,30.4,55.1,8.511667847258023,117.48578750310884,0.21069713343469432,-0.3069641356885684,480,0.3465179321557158,893.8802074767272,57.4,30.2,54.0,7.469462834462278,133.87843572716423,False
2026-05-08T23:09:14.562,57.4,30.2,54.0,7.469462834462278,133.87843572716423,-0.3354318962246037,-0.1200182901898228,384,0.4399908549050886,842.3673897564544,52.7,30.1,56.2,8.48266823653158,117.88743495748021,False
2026-05-08T23:09:15.440,52.7,30.1,56.2,8.48266823653158,117.88743495748021,-0.19014022810524334,0.3941294171661216,416,0.6970647085830608,882.2575781721931,51.5,30.1,56.75,8.31517358341761,120.26207149712815,False
2026-05-08T23:09:16.857,51.5,30.1,56.75,8.31517358341761,120.26207149712815,0.47728060456647214,0.6739715306257419,544,0.8369857653128709,689.5078654333516,49.0,30.1,54.0,6.831091931145665,146.38948063933998,False
2026-05-08T23:09:17.589,49.0,30.1,54.0,6.831091931145665,146.38948063933998,-0.2563974945494307,0.12405359489852263,384,0.5620267974492613,743.3963100130818,50.8,30.0,57.3,8.188521574964039,122.12216709026521,False
2026-05-08T23:09:18.035,50.8,30.0,57.3,8.188521574964039,122.12216709026521,-0.9393446216405623,-0.8374024281922696,256,0.08129878590386519,712.7757491957454,54.0,30.0,57.85,12.464233752793511,80.22956082445725,False
2026-05-08T23:09:19.909,54.0,30.0,57.85,12.464233752793511,80.22956082445725,-0.37993691059096046,0.985401364749801,384,0.9927006823749005,704.4674622218052,63.4,29.9,57.3,11.105677832328624,90.04403108912456,False
2026-05-08T23:09:20.552,63.4,29.9,57.3,11.105677832328624,90.04403108912456,-0.6803029745583715,0.22718499355118338,320,0.6135924967755917,528.8009863634314,49.2,30.0,56.2,11.765186924993836,84.9965246090235,False
2026-05-08T23:09:21.559,49.2,30.0,56.2,11.765186924993836,84.9965246090235,0.16620858850306308,-0.8200656120007237,480,0.08996719399963815,812.7379440044375,48.3,30.0,56.75,9.36384156579242,106.79377614131754,False
2026-05-08T23:09:23.007,48.3,30.0,56.75,9.36384156579242,106.79377614131754,0.6149544923954529,0.4107560402202044,576,0.7053780201101022,847.5505645667187,46.5,30.0,58.4,7.169941373326556,139.4711543556236,False
2026-05-08T23:09:25.118,46.5,30.0,58.4,7.169941373326556,139.4711543556236,0.8317551129547949,0.9688594235102332,608,0.9844297117551166,793.0548006542945,51.0,30.1,55.1,5.89390241317815,169.66687432151988,False
2026-05-08T23:09:27.248,51.0,30.1,55.1,5.89390241317815,169.66687432151988,0.25513452167763817,0.9337718605231966,512,0.9668859302615983,777.8836316520973,60.1,30.1,57.3,6.049747751866529,165.29614804046497,False
2026-05-08T23:09:27.718,60.1,30.1,57.3,6.049747751866529,165.29614804046497,-0.9727840035797795,-0.7054697751269543,256,0.14726511243652285,339.9657087714651,52.6,30.2,56.2,10.827831266399377,92.35459764719201,False
2026-05-08T23:09:29.327,52.6,30.2,56.2,10.827831266399377,92.35459764719201,0.30118911926416403,0.19515504950956775,512,0.5975775247547839,265.2477948496055,57.7,30.2,56.2,7.697443463266518,129.9132633805193,False
2026-05-08T23:09:30.192,57.7,30.2,56.2,7.697443463266518,129.9132633805193,-0.3602015102902094,0.6930007750100524,384,0.8465003875050262,463.89918696949195,54.3,30.3,56.75,8.421933461582011,118.7375802197511,False
2026-05-08T23:09:31.033,54.3,30.3,56.75,8.421933461582011,118.7375802197511,-0.1874003884984503,-0.3338693477257124,416,0.3330653261371438,642.6710117041753,48.0,30.3,56.75,8.318944451562134,120.2075582812937,False
2026-05-08T23:09:32.254,48.0,30.3,56.75,8.318944451562134,120.2075582812937,0.3206078532382708,0.5187534458523011,512,0.7593767229261505,736.5307585676305,50.0,30.4,56.2,7.1404636434949245,140.04692831270359,False
2026-05-08T23:09:33.676,50.0,30.4,56.2,7.1404636434949245,140.04692831270359,0.9101324791192018,-0.8226730855316531,608,0.08866345723417346,698.9647628360536,46.8,30.1,57.3,5.9119927998782025,169.1477026190901,False
2026-05-08T23:09:34.881,46.8,30.1,57.3,5.9119927998782025,169.1477026190901,0.49863888659095235,-0.6115661647114103,544,0.19421691764429483,718.075014987117,46.2,30.3,55.65,5.672604190621013,176.28587618599988,False
2026-05-08T23:09:35.465,46.2,30.3,55.65,5.672604190621013,176.28587618599988,-0.6640450847326946,-0.629590626765091,320,0.18520468661745448,569.6935396249079,49.5,30.3,55.65,8.814380217399117,113.45097163224854,False
2026-05-08T23:09:38.458,49.5,30.3,55.65,8.814380217399117,113.45097163224854,0.419263842581606,0.974724390311829,544,0.9873621951559145,644.8594565034747,56.2,30.1,57.85,7.111800855657391,140.6113613550507,False
2026-05-08T23:09:39.142,56.2,30.1,57.85,7.111800855657391,140.6113613550507,-0.6326270854141001,0.39189170248514804,320,0.695945851242574,774.9330247038838,54.5,30.2,56.2,9.195113243462558,108.75341863907649,False
2026-05-08T23:09:40.509,54.5,30.2,56.2,9.195113243462558,108.75341863907649,0.6440897232516176,0.026764220398159955,576,0.51338211019908,668.556888183088,44.8,30.2,58.4,7.1081713381266365,140.68315920245539,False
2026-05-08T23:09:41.813,44.8,30.2,58.4,7.1081713381266365,140.68315920245539,0.5764394696890283,0.8019872616384678,544,0.9009936308192339,652.1925013005407,50.0,30.2,56.75,6.274819170512649,159.36714235516376,False
2026-05-08T23:09:43.019,50.0,30.2,56.75,6.274819170512649,159.36714235516376,0.4540104833750891,-0.8559535528710251,544,0.07202322356448743,705.2898763173506,49.0,30.3,56.75,5.864378148736938,170.52106372358998,False
2026-05-08T23:09:44.463,49.0,30.3,56.75,5.864378148736938,170.52106372358998,0.8176437797922964,-0.4362993703314346,608,0.2818503148342827,761.9229707522593,46.5,30.5,55.65,5.2094436474575705,191.9590781038667,False
2026-05-08T23:09:45.855,46.5,30.5,55.65,5.2094436474575705,191.9590781038667,0.6852006178843899,-0.03977703095007401,576,0.480111484524963,744.6342819975611,45.9,30.7,55.1,4.955822775223523,201.782841186224,False
2026-05-08T23:09:46.588,45.9,30.7,55.1,4.955822775223523,201.782841186224,-0.4105077075509964,-0.49992211963219146,384,0.25003894018390427,150.56606661506547,52.2,30.8,55.1,7.147234339610317,139.91425948607167,False
2026-05-08T23:09:47.145,52.2,30.8,55.1,7.147234339610317,139.91425948607167,-0.7650085982919028,-0.799820835665946,288,0.10008958216702701,58.08159839490966,52.8,30.7,56.2,9.953100135496145,100.47120860702078,False
2026-05-08T23:09:47.820,52.8,30.7,56.2,9.953100135496145,100.47120860702078,-0.44407145434443773,-0.994565055598742,352,0.002717472200629012,389.5770877494186,53.3,30.7,55.65,10.079775755625183,99.2085562460984,False
2026-05-08T23:09:49.211,53.3,30.7,55.65,10.079775755625183,99.2085562460984,0.24697637605482914,0.9183296734723958,480,0.9591648367361979,696.1218299450103,56.2,30.5,56.2,8.345769699673946,119.82118318446628,False
2026-05-08T23:09:49.878,56.2,30.5,56.2,8.345769699673946,119.82118318446628,-0.8203950647975846,0.555671220214424,288,0.777835610107212,565.7161643233582,52.5,30.5,56.75,10.16310939891541,98.39508370407961,False
2026-05-08T23:09:51.391,52.5,30.5,56.75,10.16310939891541,98.39508370407961,0.8148763554633338,0.5499360766355017,608,0.7749680383177509,863.1714284947063,46.2,30.3,54.55,7.480531057573409,133.68034866823848,False
2026-05-08T23:09:53.295,46.2,30.3,54.55,7.480531057573409,133.68034866823848,0.4090683242015467,0.9149404870650282,512,0.9574702435325141,832.9423905768791,74.1,30.5,56.2,5.939024974882479,168.37780683348416,False
2026-05-08T23:09:53.900,74.1,30.5,56.2,5.939024974882479,168.37780683348416,-0.8257163078293868,-0.6941835861422563,288,0.15290820692887186,713.9354694558315,57.4,30.6,56.75,8.808768890620858,113.52324171709745,False
2026-05-08T23:09:55.444,57.4,30.6,56.75,8.808768890620858,113.52324171709745,0.849639404544396,0.700685903508794,608,0.850342951754397,830.8236855579651,47.2,30.3,56.2,6.760142842915968,147.92586831917487,False
2026-05-08T23:09:56.571,47.2,30.3,56.2,6.760142842915968,147.92586831917487,-0.5562323118203358,0.8753352301496664,352,0.9376676150748332,811.3262129910395,50.5,30.4,56.75,8.255111571269024,121.13706657586387,False
2026-05-08T23:09:57.258,50.5,30.4,56.75,8.255111571269024,121.13706657586387,-0.5381028582901761,0.055157538530062666,352,0.5275787692650313,834.359063841146,52.5,30.4,55.65,9.241727548816456,108.20487779128105,False
2026-05-08T23:10:00.521,52.5,30.4,55.65,9.241727548816456,108.20487779128105,0.7734375027422982,0.9751129314608595,608,0.9875564657304298,736.6874280351844,65.5,30.3,55.1,6.991481735879724,143.03119678738202,False
2026-05-08T23:10:01.479,65.5,30.3,55.1,6.991481735879724,143.03119678738202,-0.17112812669353228,0.00841234436313587,416,0.5042061721815679,764.3504005803396,53.7,30.4,55.65,7.266480038706354,137.61821331281456,False
2026-05-08T23:10:02.864,53.7,30.4,55.65,7.266480038706354,137.61821331281456,0.653229066093268,-0.8313384798421954,576,0.08433076007890228,806.5239962805587,46.0,30.2,54.55,6.043429812868852,165.46895239365642,False
2026-05-08T23:10:03.750,46.0,30.2,54.55,6.043429812868852,165.46895239365642,-0.0057228349476425855,-0.7900442510227108,448,0.1049778744886446,816.1310989534957,48.0,30.3,55.1,6.831362700250946,146.38367831988566,False
2026-05-08T23:10:04.880,48.0,30.3,55.1,6.831362700250946,146.38367831988566,0.35623361154942956,0.6807597466802351,512,0.8403798733401175,812.1360674849041,50.5,30.3,56.2,6.592828349025517,151.67996906029103,False
2026-05-08T23:10:06.335,50.5,30.3,56.2,6.592828349025517,151.67996906029103,0.8481479060040322,-0.16952441961814313,608,0.41523779019092844,840.4719367744408,45.8,30.4,56.75,5.582413656645395,179.13398424167008,False
2026-05-08T23:10:07.394,45.8,30.4,56.75,5.582413656645395,179.13398424167008,0.3278625304664031,0.20751370813837045,512,0.6037568540691852,810.3307389572425,46.7,30.5,55.1,5.889961492278163,169.78039691957522,False
2026-05-08T23:10:08.477,46.7,30.5,55.1,5.889961492278163,169.78039691957522,0.3723763198526151,0.038441144951213646,512,0.5192205724756068,759.1369518262953,48.0,30.5,58.95,6.048744179339514,165.32357301796054,False
2026-05-08T23:10:09.239,48.0,30.5,58.95,6.048744179339514,165.32357301796054,-0.5369415277799972,0.4208233601688325,352,0.7104116800844162,838.6859142741738,48.9,30.4,54.55,7.9063753579466685,126.48020802540114,False
2026-05-08T23:10:10.016,48.9,30.4,54.55,7.9063753579466685,126.48020802540114,-0.3695846451933198,0.03106796838042869,384,0.5155339841902143,844.4470133851477,52.1,30.4,57.3,8.572019268944546,116.65862717118318,False
2026-05-08T23:10:11.038,52.1,30.4,57.3,8.572019268944546,116.65862717118318,0.18853092862075815,-0.7360544668282973,480,0.13197276658585133,876.112592136742,47.4,30.4,55.65,7.585532839530033,131.82989529605092,False
2026-05-08T23:10:13.456,47.4,30.4,55.65,7.585532839530033,131.82989529605092,-0.33502712036865856,0.9850788811356523,384,0.9925394405678262,662.5643717940252,61.0,30.2,56.2,8.179757127509577,122.25301856908088,False
2026-05-08T23:10:14.152,61.0,30.2,56.2,8.179757127509577,122.25301856908088,-0.44338609224679537,-0.4016593997296318,352,0.2991703001351841,813.4582687097472,50.2,30.3,56.2,9.258468260922934,108.00922699283679,False
2026-05-08T23:10:15.878,50.2,30.3,56.2,9.258468260922934,108.00922699283679,0.9210751002835604,0.4070845465650521,640,0.703542273282526,891.4476624934397,42.6,30.4,55.65,6.743327004091441,148.29475115076886,False
2026-05-08T23:10:17.446,42.6,30.4,55.65,6.743327004091441,148.29475115076886,0.7523823957117757,0.6448030145475236,608,0.8224015072737618,846.1776597357626,47.0,30.4,58.95,5.65525672473347,176.82663204774838,False
2026-05-08T23:10:19.286,47.0,30.4,58.95,5.65525672473347,176.82663204774838,0.4485896702745653,0.37880081709309943,544,0.6894004085465497,775.821302089553,57.2,30.7,57.85,4.742223368954629,210.8715516326341,False
2026-05-08T23:10:20.307,57.2,30.7,57.85,4.742223368954629,210.8715516326341,-0.015979082236521114,0.5755721749061522,448,0.7877860874530761,761.4929275669916,50.0,30.7,56.2,6.165470976593941,162.19361080383206,False
2026-05-08T23:10:21.558,50.0,30.7,56.2,6.165470976593941,162.19361080383206,0.5371854145859516,-0.1570969780608944,544,0.4214515109695528,854.8073731716527,47.0,30.6,57.3,5.741554151359026,174.16887024627297,False
2026-05-08T23:10:22.594,47.0,30.6,57.3,5.741554151359026,174.16887024627297,-0.3771569669043029,0.8091670132392683,384,0.9045835066196342,820.587154521546,52.6,30.7,57.3,7.116801606233659,140.51255821492796,False
2026-05-08T23:10:24.328,52.6,30.7,57.3,7.116801606233659,140.51255821492796,0.9552221905009008,0.5902278795349145,640,0.7951139397674573,826.2616339130813,48.2,30.6,55.65,5.651919989856465,176.93102552667168,False
2026-05-08T23:10:25.704,48.2,30.6,55.65,5.651919989856465,176.93102552667168,0.7224350975136642,-0.10984789659381788,576,0.44507605170309106,593.250178168672,47.5,30.6,55.1,5.189857511520188,192.68351737600688,False
2026-05-08T23:10:26.490,47.5,30.6,55.1,5.189857511520188,192.68351737600688,-0.5159165322028645,0.18316006385577532,352,0.5915800319278877,630.1498272692259,52.0,30.8,55.65,7.124558726134144,140.3595701066822,False
2026-05-08T23:10:27.358,52.0,30.8,55.65,7.124558726134144,140.3595701066822,-0.024034314953410796,-0.8721937174428105,448,0.06390314127859476,704.9195192761085,49.8,30.8,54.55,7.425392271440062,134.67301974688303,False
2026-05-08T23:10:28.544,49.8,30.8,54.55,7.425392271440062,134.67301974688303,0.4643560523405017,-0.12730046245836069,544,0.43634976877081966,771.7166638151723,46.2,30.8,55.65,6.514846074830533,153.49556820128132,False
2026-05-08T23:10:30.023,46.2,30.8,55.65,6.514846074830533,153.49556820128132,0.8366438968053223,0.26871374322248043,608,0.6343568716112402,831.5838871959321,46.5,30.8,55.65,5.559074390206001,179.88606192459017,False
2026-05-08T23:10:31.471,46.5,30.8,55.65,5.559074390206001,179.88606192459017,0.8436650669399504,-0.957340099261812,608,0.02132995036909402,830.7143048549567,46.1,30.7,56.2,5.019286475310666,199.23150529839117,False
2026-05-08T23:10:32.085,46.1,30.7,56.2,5.019286475310666,199.23150529839117,-0.7777889976139487,0.5287474849036802,288,0.7643737424518401,508.422072459015,47.7,30.6,56.75,8.849387027917597,113.00217708246353,False
2026-05-08T23:10:33.480,47.7,30.6,56.75,8.849387027917597,113.00217708246353,0.7314509490769476,0.32077843716650545,576,0.6603892185832527,197.14872442176082,46.8,30.6,55.1,6.901892878598602,144.8877891311239,False
2026-05-08T23:10:34.198,46.8,30.6,55.1,6.901892878598602,144.8877891311239,-0.2548974290207189,-0.611966465683643,384,0.1940167671581785,-8.28756884548082,48.2,30.6,54.55,8.10400817958252,123.39572935272078,False
2026-05-08T23:10:35.261,48.2,30.6,54.55,8.10400817958252,123.39572935272078,0.3117785729324134,0.3661273074592093,512,0.6830636537296046,253.82397619870136,48.5,30.6,55.1,7.287500783976374,137.22125453472088,False
2026-05-08T23:10:36.656,48.5,30.6,55.1,7.287500783976374,137.22125453472088,0.6434181639021737,-0.07538105226921354,576,0.46230947386539323,552.9974694237311,47.0,30.5,54.55,6.060330305139781,165.00750778417103,False
2026-05-08T23:10:38.029,47.0,30.5,54.55,6.060330305139781,165.00750778417103,0.5841076448922908,0.20780242528826998,576,0.603901212644135,634.0067713885828,48.5,30.5,54.55,5.425929702600809,184.30021301615287,False
2026-05-08T23:10:39.457,48.5,30.5,54.55,5.425929702600809,184.30021301615287,0.5993056546047966,-0.025123919721875998,576,0.487438040139062,811.7871401376248,44.9,30.4,54.55,5.019044686922611,199.24110311381634,False
2026-05-08T23:10:41.003,44.9,30.4,54.55,5.019044686922611,199.24110311381634,0.3334118142340543,0.9110897852107263,512,0.9555448926053631,690.6197310094724,55.6,30.4,55.1,5.515219314647716,181.31645233837358,False
2026-05-08T23:10:42.419,55.6,30.4,55.1,5.515219314647716,181.31645233837358,0.5994235650566264,0.36305964277736735,576,0.6815298213886837,687.4747606298024,47.2,30.5,54.55,5.117846419969703,195.39468712816904,False
2026-05-08T23:10:44.292,47.2,30.5,54.55,5.117846419969703,195.39468712816904,0.43291396245920843,-0.42303492588855063,544,0.2884825370557247,741.5391360248126,55.6,30.7,56.2,4.4036227840868305,227.08575394188034,False
2026-05-08T23:10:45.014,55.6,30.7,56.2,4.4036227840868305,227.08575394188034,-0.5494940646911588,-0.0692692414042575,352,0.46536537929787125,766.3154962702124,53.5,30.7,54.55,7.155696971231669,139.74879093124534,False
2026-05-08T23:10:45.604,53.5,30.7,54.55,7.155696971231669,139.74879093124534,-0.7860828684786678,-0.7937455646364386,288,0.10312721768178068,590.0366609443203,50.0,30.7,56.2,9.635882338814447,103.77876823712184,False
2026-05-08T23:10:46.675,50.0,30.7,56.2,9.635882338814447,103.77876823712184,0.34326928339632645,-0.7080658612686712,512,0.1459670693656644,645.4973177703565,45.3,30.7,55.65,8.011850312763478,124.81511273456083,False
2026-05-08T23:10:47.491,45.3,30.7,55.65,8.011850312763478,124.81511273456083,-0.32939977651328345,0.364298550342242,384,0.682149275171121,597.1828556375165,55.7,30.7,57.85,8.629110138179573,115.88680454726047,False
2026-05-08T23:10:48.570,55.7,30.7,57.85,8.629110138179573,115.88680454726047,0.382798865724401,-0.4034946972499698,512,0.2982526513750151,847.9919810611781,48.5,30.7,57.85,7.462040297441377,134.011605424174,False
2026-05-08T23:10:49.770,48.5,30.7,57.85,7.462040297441377,134.011605424174,-0.18737650455331933,0.8865873094322101,416,0.943293654716105,795.2426783126365,48.2,30.7,56.2,7.672200914437573,130.34069508244977,False
2026-05-08T23:10:50.765,48.2,30.7,56.2,7.672200914437573,130.34069508244977,0.04796554893674232,0.5981411735253017,448,0.7990705867626509,830.8320232159056,45.8,30.6,56.2,7.609717143311066,131.41092910122146,False
2026-05-08T23:10:51.801,45.8,30.6,56.2,7.609717143311066,131.41092910122146,0.201605315891481,-0.4229898127105294,480,0.2885050936447353,775.5581167626115,46.1,30.6,55.65,7.1227982846465165,140.39426079993603,False
2026-05-08T23:10:52.602,46.1,30.6,55.65,7.1227982846465165,140.39426079993603,-0.3720775430695784,0.3188588584707037,384,0.6594294292353519,794.9034200600094,52.3,30.5,55.65,8.330192253555357,120.04524860433999,False
2026-05-08T23:10:53.626,52.3,30.5,55.65,8.330192253555357,120.04524860433999,0.14560580383739063,-0.9851824410383272,480,0.007408779480836403,842.6042262432522,49.2,30.5,54.55,7.501363353839099,133.30910033683585,False
2026-05-08T23:10:54.069,49.2,30.5,54.55,7.501363353839099,133.30910033683585,-0.9405222725268654,-0.8309469643959959,256,0.08452651780200204,629.1480699906559,48.5,30.5,56.75,12.004736922174374,83.30045102053546,False
2026-05-08T23:10:55.479,48.5,30.5,56.75,12.004736922174374,83.30045102053546,0.6523565170474894,-0.06506005121270397,576,0.467469974393648,852.1431148602641,46.5,30.3,58.4,8.580625214174722,116.54162430355947,False
2026-05-08T23:10:56.523,46.5,30.3,58.4,8.580625214174722,116.54162430355947,0.20802564283745362,-0.4471842470992087,480,0.27640787645039566,866.9544390327168,47.7,30.5,57.3,7.584858704229576,131.8416122165026,False
2026-05-08T23:10:57.562,47.7,30.5,57.3,7.584858704229576,131.8416122165026,0.28559352563875406,-0.9185215966840763,512,0.040739201657961854,743.6231389834504,47.5,30.6,56.75,6.997704380317929,142.9040076075015,False
2026-05-08T23:10:59.248,47.5,30.6,56.75,6.997704380317929,142.9040076075015,0.9787522407742872,0.5832381792631418,640,0.7916190896315709,860.0048233650222,46.2,30.6,55.65,5.57838174474123,179.26345771203367,False
2026-05-08T23:11:00.487,46.2,30.6,55.65,5.57838174474123,179.26345771203367,0.5458085370368508,-0.06297128212998682,544,0.4685143589350066,865.9648543089966,46.3,30.7,55.65,5.4404725906568405,183.80756144555224,False
2026-05-08T23:11:01.917,46.3,30.7,55.65,5.4404725906568405,183.80756144555224,0.7449537636187187,0.301178473824796,576,0.650589236912398,856.1849264850374,45.1,30.9,57.3,5.056240852960013,197.77538868912512,False
2026-05-08T23:11:02.837,45.1,30.9,57.3,5.056240852960013,197.77538868912512,0.07992688412539706,0.5711473192410943,448,0.7855736596205471,875.4115648263573,47.5,31.0,56.2,6.26166774103254,159.7018624043283,False
2026-05-08T23:11:03.855,47.5,31.0,56.2,6.26166774103254,159.7018624043283,0.16299572222968206,-0.10915981411260578,480,0.4454200929436971,857.8534319086094,45.9,31.0,55.65,6.410881538872261,155.9847883534454,False
2026-05-08T23:11:05.633,45.9,31.0,55.65,6.410881538872261,155.9847883534454,0.5225214529160653,-0.20026976043192635,544,0.3998651197840368,869.5728737460729,60.2,30.9,55.65,5.160715187084829,193.77159245342452,False
2026-05-08T23:11:06.704,60.2,30.9,55.65,5.160715187084829,193.77159245342452,0.3566869205814709,-0.7011808507697959,512,0.14940957461510207,871.0446691513652,46.5,30.9,56.2,5.632786015845634,177.53204137116023,False
2026-05-08T23:11:08.087,46.5,30.9,56.2,5.632786015845634,177.53204137116023,0.584287827196309,-0.9859268137076989,576,0.0070365931461505715,853.2536354334602,46.0,30.6,55.65,5.145342755700487,194.35051219709462,False
2026-05-08T23:11:08.661,46.0,30.6,55.65,5.145342755700487,194.35051219709462,-0.8761890110806296,-0.3612606058065746,288,0.3193696970967127,591.6246463026677,48.7,30.6,56.2,8.803988539405205,113.58488207068471,False
2026-05-08T23:11:10.106,48.7,30.6,56.2,8.803988539405205,113.58488207068471,0.8745314867621321,-0.03821375864420906,608,0.48089312067789547,579.7206815213907,50.7,30.6,57.85,6.761843013080302,147.88867444357572,False
2026-05-08T23:11:10.862,50.7,30.6,57.85,6.761843013080302,147.88867444357572,-0.5751959611572977,-0.38711374656034203,352,0.306443126719829,540.9096428670712,47.7,30.6,55.65,8.055226698153557,124.14299900823684,False
2026-05-08T23:11:11.634,47.7,30.6,55.65,8.055226698153557,124.14299900823684,-0.6792179675250043,0.5135085924769045,320,0.7567542962384523,756.8729423792643,54.8,30.6,56.75,9.817290627841674,101.86109772119984,False
2026-05-08T23:11:12.500,54.8,30.6,56.75,9.817290627841674,101.86109772119984,-0.17997128445575816,-0.16574014843262597,416,0.417129925783687,697.9205081974684,51.2,30.6,55.65,9.057825833741944,110.40176951458149,False
2026-05-08T23:11:13.921,51.2,30.6,55.65,9.057825833741944,110.40176951458149,0.6185108049383694,0.6816527196519713,576,0.8408263598259856,348.17866870381545,47.2,30.5,56.2,7.013144777945212,142.5893848854766,False
2026-05-08T23:11:15.294,47.2,30.5,56.2,7.013144777945212,142.5893848854766,0.5858196208778663,-0.6885263682840652,576,0.1557368158579674,310.76155394365713,47.5,30.6,55.1,5.920324245802532,168.90966752521925,False
2026-05-08T23:11:16.016,47.5,30.6,55.1,5.920324245802532,168.90966752521925,-0.4636102046478494,0.4661649458109969,352,0.7330824729054984,339.16723764502746,50.8,30.7,56.75,7.9003494695881,126.57667915190807,False
2026-05-08T23:11:16.684,50.8,30.7,56.75,7.9003494695881,126.57667915190807,-0.7879266512118386,0.6866936760563385,288,0.8433468380281692,494.3793633461516,54.5,30.7,57.3,10.367360099500182,96.45657046755912,False
2026-05-08T23:11:17.656,54.5,30.7,57.3,10.367360099500182,96.45657046755912,0.6590236681333292,0.5334134509048216,576,0.7667067254524108,0.0,47.4,30.8,54.55,8.37408620044166,0.0,True
